Hotel_ID,Hotel_Name,Raw_Hotel_Name,Location,City,State,Landmark,Address
85,Capital O Elegant Amethyst Business Hotel,Capital O Elegant Amethyst Business Hotel Near Ragigudda Sri Prasanna Anjaneyaswamy Temple,Bangalore,Bangalore,Karnataka,Near Ragigudda Sri Prasanna Anjaneyaswamy Temple,"Near Ragigudda Sri Prasanna Anjaneyaswamy Temple, Bangalore, Karnataka"
230,OYO One Hotel,OYO One Hotel,Ghaziabad,Ghaziabad,Uttar Pradesh,,"Ghaziabad, Uttar Pradesh"
245,Capital O Premium Hotel Victoria Heights,Capital O Premium Hotel Victoria Heights Near Sri Someshwara Swami Temple,Bangalore,Bangalore,Karnataka,Near Sri Someshwara Swami Temple,"Near Sri Someshwara Swami Temple, Bangalore, Karnataka"
372,Townhouse OAK Grand Regency,Townhouse OAK Grand Regency Near ISKCON temple Bangalore,Bangalore,Bangalore,Karnataka,Near ISKCON temple Bangalore,"Near ISKCON temple Bangalore, Karnataka"
467,Capital O Santi Inn,Capital O Santi Inn,Delhi_Transit,Delhi (Transit),Delhi,"Near IGI Airport, Mahipalpur","Near IGI Airport, Mahipalpur, Delhi"
495,Flagship Aravali Residency,Flagship Aravali Residency,Manesar,Manesar,Haryana,,"Manesar, Haryana"
541,OYO Townhouse 916 Hotel Tatva,OYO Townhouse 916 Hotel Tatva,Jaipur,Jaipur,Rajasthan,,"Jaipur, Rajasthan"
682,Flagship Hotel Crystal,Flagship Hotel Crystal,Ahmedabad,Ahmedabad,Gujarat,,"Ahmedabad, Gujarat"
894,Super OYO Kings 10,Super OYO Kings 10 Near Snow City,Bangalore,Bangalore,Karnataka,Near Snow City,"Near Snow City, Bangalore, Karnataka"
968,OYO Hotel Kadamb Inn,OYO Hotel Kadamb Inn,Ahmedabad,Ahmedabad,Gujarat,,"Ahmedabad, Gujarat"
976,Super OYO Hotel Silver Plaza,Super OYO Hotel Silver Plaza,Ahmedabad,Ahmedabad,Gujarat,,"Ahmedabad, Gujarat"
1001,OYO Flagship 917 Hotel Imperial,OYO Flagship 917 Hotel Imperial,Delhi_Transit,Delhi (Transit),Delhi,"Near IGI Airport, Mahipalpur","Near IGI Airport, Mahipalpur, Delhi"
1177,Collection O Hotel Shri Sai Residency,Collection O Hotel Shri Sai Residency,Jaipur,Jaipur,Rajasthan,,"Jaipur, Rajasthan"
1492,FLAGSHIP Raaj Residency,FLAGSHIP Raaj Residency,Chennai,Chennai,Tamil Nadu,,"Chennai, Tamil Nadu"
1528,Super OYO Townhouse Oak 1271 Hotel Raajpath,Super OYO Townhouse Oak 1271 Hotel Raajpath,Vadodara,Vadodara,Gujarat,,"Vadodara, Gujarat"
1561,Collection O O 1299 Hotel Mukut Regency,Collection O O 1299 Hotel Mukut Regency,Ghaziabad,Ghaziabad,Uttar Pradesh,,"Ghaziabad, Uttar Pradesh"
1766,OYO Townhouse 945 Hotel Rk Palace,OYO Townhouse 945 Hotel Rk Palace,Jaipur,Jaipur,Rajasthan,,"Jaipur, Rajasthan"
1878,NIMALAN RESIDENCY,NIMALAN RESIDENCY,Chennai,Chennai,Tamil Nadu,,"Chennai, Tamil Nadu"
1880,Capital O J2 Service Appartment,Capital O J2 Service Appartment,Chennai,Chennai,Tamil Nadu,,"Chennai, Tamil Nadu"
1927,Collection O 1547 Hotel The Oasis,Collection O 1547 Hotel The Oasis,Bhopal,Bhopal,Madhya Pradesh,,"Bhopal, Madhya Pradesh"
1999,Collection O 13275 Vatika Inn,Collection O 13275 Vatika Inn,Udaipur,Udaipur,Rajasthan,,"Udaipur, Rajasthan"
2109,OYO Hotel Tordi Haveli,OYO Hotel Tordi Haveli,Jaipur,Jaipur,Rajasthan,,"Jaipur, Rajasthan"
2271,Super OYO Townhouse OAK Hotel Belsons Taj Mahal,Super OYO Townhouse OAK Hotel Belsons Taj Mahal,Hyderabad,Hyderabad,Telangana,,"Hyderabad, Telangana"
2572,Capital O Hotel Kalash Residency,Capital O Hotel Kalash Residency,Ahmedabad,Ahmedabad,Gujarat,,"Ahmedabad, Gujarat"
2609,Super OYO Hotel Maan's Heritage,Super OYO Hotel Maan's Heritage,Jaipur,Jaipur,Rajasthan,,"Jaipur, Rajasthan"
2633,Super OYO Capital O Alpine Glow Sunrise,Super OYO Capital O Alpine Glow Sunrise Near Hyderabad Public School,Hyderabad,Hyderabad,Telangana,Near Hyderabad Public School,"Near Hyderabad Public School, Telangana"
2896,OYO Vibrant Residency,OYO Vibrant Residency,Ahmedabad,Ahmedabad,Gujarat,,"Ahmedabad, Gujarat"
2966,OYO Home Hotel Skyland,OYO Home Hotel Skyland,Ahmedabad,Ahmedabad,Gujarat,,"Ahmedabad, Gujarat"
2980,OYO Flagship 2229 Hotel Golden Wings,OYO Flagship 2229 Hotel Golden Wings,Udaipur,Udaipur,Rajasthan,,"Udaipur, Rajasthan"
3011,Collection O Hotel Blue Bird,Collection O Hotel Blue Bird,Jaipur,Jaipur,Rajasthan,,"Jaipur, Rajasthan"
3120,Collection O Hotel Tiara,Collection O Hotel Tiara Near Christ university,Bangalore,Bangalore,Karnataka,Near Christ university,"Near Christ university, Bangalore, Karnataka"
3139,OYO Hotel Liberty,OYO Hotel Liberty,Ahmedabad,Ahmedabad,Gujarat,,"Ahmedabad, Gujarat"
3243,Flagship Hotel The Grand Pritam,Flagship Hotel The Grand Pritam,Gandhinagar,Gandhinagar,Gujarat,,"Gandhinagar, Gujarat"
3414,OYO Hotel Kanchan Palace,OYO Hotel Kanchan Palace,Ahmedabad,Ahmedabad,Gujarat,,"Ahmedabad, Gujarat"
3451,Super OYO Hotel Homely Raj,Super OYO Hotel Homely Raj Near Kalighat Kali Temple,Kolkata,Kolkata,West Bengal,Near Kalighat Kali Temple,"Near Kalighat Kali Temple, Kolkata, West Bengal"
3530,Super OYO Hotel Resida Elite Service Apartments,Super OYO Hotel Resida Elite Service Apartments Near Sri Someshwara Swami Temple,Bangalore,Bangalore,Karnataka,Near Sri Someshwara Swami Temple,"Near Sri Someshwara Swami Temple, Bangalore, Karnataka"
3588,OYO Flagship 2591 Hotel Anjani Palace,OYO Flagship 2591 Hotel Anjani Palace,Ahmedabad,Ahmedabad,Gujarat,,"Ahmedabad, Gujarat"
3863,Flagship Hotel Prince,Flagship Hotel Prince,Ajmer,Ajmer,Rajasthan,,"Ajmer, Rajasthan"
3960,Super OYO Hotel Pearl,Super OYO Hotel Pearl,Karnal,Karnal,Haryana,,"Karnal, Haryana"
4118,Flagship Hotel 4 Pillar's,Flagship Hotel 4 Pillar's Near Immaculate Conception Church,Goa,Goa,Goa,Near Immaculate Conception Church,"Near Immaculate Conception Church, Goa"
4213,Super OYO Collection O Hotel Joy,Super OYO Collection O Hotel Joy,Jaipur,Jaipur,Rajasthan,,"Jaipur, Rajasthan"
4351,OYO Coorg Mandarin,OYO Coorg Mandarin,Coorg,Coorg,Karnataka,,"Coorg, Karnataka"
4569,Super OYO Flagship View Point Resort,Super OYO Flagship View Point Resort,Nainital,Nainital,Uttarakhand,,"Nainital, Uttarakhand"
4729,Collection O Hotel Status Executive Room's,Collection O Hotel Status Executive Room's,Bangalore,Bangalore,Karnataka,,"Bangalore, Karnataka"
4903,OYO Hotel Apple 9,OYO Hotel Apple 9,Jaipur,Jaipur,Rajasthan,,"Jaipur, Rajasthan"
4913,Flagship Infosys Thoraipakkam,Flagship Infosys Thoraipakkam Near Ecr Beach,Chennai,Chennai,Tamil Nadu,Near Ecr Beach,"Near Ecr Beach, Chennai, Tamil Nadu"
4948,Collection O 3340 Hotel Ashirwad Regency,Collection O 3340 Hotel Ashirwad Regency,Bhopal,Bhopal,Madhya Pradesh,,"Bhopal, Madhya Pradesh"
5110,OYO Flagship 3444 Hotel Sunrise,OYO Flagship 3444 Hotel Sunrise,Vadodara,Vadodara,Gujarat,,"Vadodara, Gujarat"
5550,OYO Flagship Hotel Knight Inn,OYO Flagship Hotel Knight Inn,Shillong,Shillong,Meghalaya,,"Shillong, Meghalaya"
5588,OYO Nanda Inn,OYO Nanda Inn,Kochi,Kochi,Kerala,,"Kochi, Kerala"
5597,Super OYO Capital O 3639 Hotel Pioneer,Super OYO Capital O 3639 Hotel Pioneer,Mussoorie,Mussoorie,Uttarakhand,,"Mussoorie, Uttarakhand"
5676,Capital O Hotel Narula,Capital O Hotel Narula,Dehradun,Dehradun,Uttarakhand,,"Dehradun, Uttarakhand"
6064,Super OYO Townhouse 704 Hotel Divya Palace,Super OYO Townhouse 704 Hotel Divya Palace,Indore,Indore,Madhya Pradesh,,"Indore, Madhya Pradesh"
6076,OYO 3901 Hotel Ashoka Palace,OYO 3901 Hotel Ashoka Palace,Bhopal,Bhopal,Madhya Pradesh,,"Bhopal, Madhya Pradesh"
6223,Collection O Hotel Tip Top,Collection O Hotel Tip Top,Jaipur,Jaipur,Rajasthan,,"Jaipur, Rajasthan"
6327,Super OYO Capital O Hotel Moti Mahal,Super OYO Capital O Hotel Moti Mahal,Udaipur,Udaipur,Rajasthan,,"Udaipur, Rajasthan"
6335,Super OYO Hotel Winner Inn,Super OYO Hotel Winner Inn,Amritsar,Amritsar,Punjab,,"Amritsar, Punjab"
6344,Capital O Hotel Mehar Residency,Capital O Hotel Mehar Residency,Indore,Indore,Madhya Pradesh,,"Indore, Madhya Pradesh"
6365,OYO Townhouse 517 La Sapphire,OYO Townhouse 517 La Sapphire Near Delhi Airport,Delhi_Transit,Delhi (Transit),Delhi,Near Delhi Airport,"Near Delhi Airport, Delhi (Transit), Delhi"
6394,Super OYO Morning Star,Super OYO Morning Star,Dehradun,Dehradun,Uttarakhand,,"Dehradun, Uttarakhand"
6519,Super OYO Flagship Resort Sita Kiran,Super OYO Flagship Resort Sita Kiran,Bareilly,Bareilly,Uttar Pradesh,,"Bareilly, Uttar Pradesh"
6686,OYO Hotel Anuj Regency,OYO Hotel Anuj Regency,Mcleod-Ganj,Mcleod-Ganj,Himachal Pradesh,,"Mcleod-Ganj, Himachal Pradesh"
6803,Super OYO Flagship Hotel Rajmahal,Super OYO Flagship Hotel Rajmahal,Jalandhar,Jalandhar,Punjab,,"Jalandhar, Punjab"
6819,Collection O Hotel Greenpark,Collection O Hotel Greenpark,Jamshedpur,Jamshedpur,Jharkhand,,"Jamshedpur, Jharkhand"
6839,Super OYO Flagship 4276 Am Bed And Breakfast,Super OYO Flagship 4276 Am Bed And Breakfast,Shillong,Shillong,Meghalaya,,"Shillong, Meghalaya"
6928,Collection O The Ridge Hotel,Collection O The Ridge Hotel,Gangtok,Gangtok,Sikkim,,"Gangtok, Sikkim"
7017,Super OYO Capital O 4381 Hotel Parashar,Super OYO Capital O 4381 Hotel Parashar,Nagpur,Nagpur,Maharashtra,,"Nagpur, Maharashtra"
7178,Flagship Maira Residency,Flagship Maira Residency,Dehradun,Dehradun,Uttarakhand,,"Dehradun, Uttarakhand"
7202,Super OYO City Square Hotel,Super OYO City Square Hotel,Haldwani,Haldwani,Uttarakhand,,"Haldwani, Uttarakhand"
7210,Super OYO Hotel El Classics,Super OYO Hotel El Classics,Srinagar,Srinagar,Jammu and Kashmir,,"Srinagar, Jammu and Kashmir"
7331,OYO Hotel Noor Palace,OYO Hotel Noor Palace,Srinagar,Srinagar,Jammu and Kashmir,,"Srinagar, Jammu and Kashmir"
7353,Flagship The Surbhi,Flagship The Surbhi,Bhopal,Bhopal,Madhya Pradesh,,"Bhopal, Madhya Pradesh"
7518,Collection O Hotel Konark Palace,Collection O Hotel Konark Palace,Jaipur,Jaipur,Rajasthan,,"Jaipur, Rajasthan"
7793,Collection O Hotel President,Collection O Hotel President,Guwahati,Guwahati,Assam,,"Guwahati, Assam"
7874,OYO Hotel Ganpati Plaza,OYO Hotel Ganpati Plaza,Ajmer,Ajmer,Rajasthan,,"Ajmer, Rajasthan"
8164,Capital O Hotel Inderprasth,Capital O Hotel Inderprasth,Jalandhar,Jalandhar,Punjab,,"Jalandhar, Punjab"
8206,Super OYO Prabha Palace Lodge,Super OYO Prabha Palace Lodge,Guwahati,Guwahati,Assam,,"Guwahati, Assam"
8634,Super OYO Hotel Subhadra Residency,Super OYO Hotel Subhadra Residency,Meerut,Meerut,Uttar Pradesh,,"Meerut, Uttar Pradesh"
8878,OYO Elite Residency,OYO Elite Residency Near Chennai International Airport,Chennai,Chennai,Tamil Nadu,Near Chennai International Airport,"Near Chennai International Airport, Tamil Nadu"
8926,Collection O Hotel Spar Grand,Collection O Hotel Spar Grand,Visakhapatnam,Visakhapatnam,Andhra Pradesh,,"Visakhapatnam, Andhra Pradesh"
9063,OYO Hotel Grand Akshay,OYO Hotel Grand Akshay,Jaipur,Jaipur,Rajasthan,,"Jaipur, Rajasthan"
9193,Super OYO Merit Hotel,Super OYO Merit Hotel,Agra,Agra,Uttar Pradesh,,"Agra, Uttar Pradesh"
9275,Super OYO Hotel Siddharth Inn,Super OYO Hotel Siddharth Inn,Gandhinagar,Gandhinagar,Gujarat,,"Gandhinagar, Gujarat"
9497,Capital O SS Suites,Capital O SS Suites Near Ragigudda Sri Prasanna Anjaneyaswamy Temple,Bangalore,Bangalore,Karnataka,Near Ragigudda Sri Prasanna Anjaneyaswamy Temple,"Near Ragigudda Sri Prasanna Anjaneyaswamy Temple, Bangalore, Karnataka"
9584,OYO Flagship Jazeera Resort,OYO Flagship Jazeera Resort,Port-Blair,Port-Blair,Andaman and Nicobar Islands,,"Port-Blair, Andaman and Nicobar Islands"
9777,OYO Mehfil Hotel,OYO Mehfil Hotel,Haridwar,Haridwar,Uttarakhand,,"Haridwar, Uttarakhand"
9852,Collection O Checkin Residency,Collection O Checkin Residency Near Phoenix Marketcity,Bangalore,Bangalore,Karnataka,Near Phoenix Marketcity,"Near Phoenix Marketcity, Bangalore, Karnataka"
9979,Super OYO Hotel Continental Inn 42,Super OYO Hotel Continental Inn 42,Chandigarh,Chandigarh,Chandigarh,,Chandigarh
9995,Manyata Tech Park,Manyata Tech Park,Bangalore,Bangalore,Karnataka,,"Bangalore, Karnataka"
10405,Super OYO Townhouse 973 Jalsa Resort,Super OYO Townhouse 973 Jalsa Resort,Lucknow,Lucknow,Uttar Pradesh,,"Lucknow, Uttar Pradesh"
10813,OYO Hotel Green Land,OYO Hotel Green Land,Ahmedabad,Ahmedabad,Gujarat,,"Ahmedabad, Gujarat"
10909,Capital O Hotel Thilothama Grand,Capital O Hotel Thilothama Grand,Vijayawada,Vijayawada,Andhra Pradesh,,"Vijayawada, Andhra Pradesh"
11349,OYO Sri Sai Residency,OYO Sri Sai Residency,Bangalore,Bangalore,Karnataka,,"Bangalore, Karnataka"
11355,OYO Hotel Subha Residency,OYO Hotel Subha Residency Near Cubbon Park,Bangalore,Bangalore,Karnataka,Near Cubbon Park,"Near Cubbon Park, Bangalore, Karnataka"
11984,OYO Hotel Madhur Regency,OYO Hotel Madhur Regency,Meerut,Meerut,Uttar Pradesh,,"Meerut, Uttar Pradesh"
12013,OYO Flagship 7162 Home Stay Shikhar Paradise,OYO Flagship 7162 Home Stay Shikhar Paradise Near Gomti Riverfront Park,Lucknow,Lucknow,Uttar Pradesh,Near Gomti Riverfront Park,"Near Gomti Riverfront Park, Lucknow, Uttar Pradesh"
12040,OYO Hotel Kanako International,OYO Hotel Kanako International,Bodhgaya,Bodhgaya,Bihar,,"Bodhgaya, Bihar"
12319,Super OYO Sai Leela,Super OYO Sai Leela,Puri,Puri,Odisha,,"Puri, Odisha"
12355,Capital O Hotel Days Inn,Capital O Hotel Days Inn,Jaipur,Jaipur,Rajasthan,,"Jaipur, Rajasthan"
12607,Super OYO Collection O Manasi Residency,Super OYO Collection O Manasi Residency,Bangalore,Bangalore,Karnataka,,"Bangalore, Karnataka"
12827,OYO Home Stay Fable Stay,OYO Home Stay Fable Stay,Ooty,Ooty,Tamil Nadu,,"Ooty, Tamil Nadu"
12913,OYO Hotel Kohinoor City,OYO Hotel Kohinoor City,Chandigarh,Chandigarh,Chandigarh,,Chandigarh
12917,OYO Hotel Sarovar Grand,OYO Hotel Sarovar Grand,Mumbai,Mumbai,Maharashtra,,"Mumbai, Maharashtra"
12952,Super OYO Capital O Hotel Hiland International,Super OYO Capital O Hotel Hiland International Near Acropolis Mall,Kolkata,Kolkata,West Bengal,Near Acropolis Mall,"Near Acropolis Mall, Kolkata, West Bengal"
13081,Super OYO Flagship Cherry City Cottage,Super OYO Flagship Cherry City Cottage,Guwahati,Guwahati,Assam,,"Guwahati, Assam"
13112,Flagship Hotel Gurukripa,Flagship Hotel Gurukripa,Raipur,Raipur,Chhattisgarh,,"Raipur, Chhattisgarh"
13139,Super OYO Collection O 7884 Hotel Thyag Inn,Super OYO Collection O 7884 Hotel Thyag Inn,Vijayawada,Vijayawada,Andhra Pradesh,,"Vijayawada, Andhra Pradesh"
13347,OYO Hotel Dwarika Inn,OYO Hotel Dwarika Inn,Jabalpur,Jabalpur,Madhya Pradesh,,"Jabalpur, Madhya Pradesh"
13422,Capital O Hotel Taj Castle,Capital O Hotel Taj Castle,Agra,Agra,Uttar Pradesh,,"Agra, Uttar Pradesh"
13552,Collection O Hotel Satyan Inn,Collection O Hotel Satyan Inn,Shirdi,Shirdi,Maharashtra,,"Shirdi, Maharashtra"
13600,OYO Hotel Ganesh,OYO Hotel Ganesh,Trivandrum,Trivandrum,Kerala,,"Trivandrum, Kerala"
13653,Flagship Aayush Corporate Stays,Flagship Aayush Corporate Stays Near Nexus Mall Koramangala,Bangalore,Bangalore,Karnataka,Near Nexus Mall Koramangala,"Near Nexus Mall Koramangala, Bangalore, Karnataka"
13658,Super OYO Collection O Amantran Resort,Super OYO Collection O Amantran Resort,Digha,Digha,West Bengal,,"Digha, West Bengal"
13708,Collection O Raj Guest House,Collection O Raj Guest House Near Netaji Subhash Chandra Bose International Airport,Kolkata,Kolkata,West Bengal,Near Netaji Subhash Chandra Bose International Airport,"Near Netaji Subhash Chandra Bose International Airport, Kolkata, West Bengal"
13864,Flagship Hotel Prime Residency,Flagship Hotel Prime Residency,Jaipur,Jaipur,Rajasthan,,"Jaipur, Rajasthan"
13925,OYO Hotel Galaxy,OYO Hotel Galaxy,Chandigarh,Chandigarh,Chandigarh,,Chandigarh
14021,OYO 8501 ABHIMAANI COMFORTS,OYO 8501 ABHIMAANI COMFORTS,Bangalore,Bangalore,Karnataka,,"Bangalore, Karnataka"
14107,OYO Hotel Sun Park,OYO Hotel Sun Park,Bhopal,Bhopal,Madhya Pradesh,,"Bhopal, Madhya Pradesh"
14225,OYO 8646 Mahendra Hotel,OYO 8646 Mahendra Hotel,Mysore,Mysore,Karnataka,,"Mysore, Karnataka"
14231,Collection O Hotel Johri Residency,Collection O Hotel Johri Residency,Bhopal,Bhopal,Madhya Pradesh,,"Bhopal, Madhya Pradesh"
14276,OYO Townhouse 561 Hotel Hollywood Heights,OYO Townhouse 561 Hotel Hollywood Heights,Amritsar,Amritsar,Punjab,,"Amritsar, Punjab"
14349,Capital O Coorg Treehouse,Capital O Coorg Treehouse,Coorg,Coorg,Karnataka,,"Coorg, Karnataka"
14484,Super OYO Collection O Pride Homes,Super OYO Collection O Pride Homes,Bangalore,Bangalore,Karnataka,,"Bangalore, Karnataka"
14561,Super OYO Hotel Rich Inn,Super OYO Hotel Rich Inn,Amritsar,Amritsar,Punjab,,"Amritsar, Punjab"
14564,Super OYO Capital O Hotel Shantila Inn,Super OYO Capital O Hotel Shantila Inn,Prayagraj,Prayagraj,Uttar Pradesh,,"Prayagraj, Uttar Pradesh"
14588,Super OYO Summer King,Super OYO Summer King,Nainital,Nainital,Uttarakhand,,"Nainital, Uttarakhand"
14677,OYO The Park View Inn,OYO The Park View Inn,Chennai,Chennai,Tamil Nadu,,"Chennai, Tamil Nadu"
14802,Capital O Milost,Capital O Milost,Darjeeling,Darjeeling,West Bengal,,"Darjeeling, West Bengal"
14847,OYO 9097 Home Stay Laban,OYO 9097 Home Stay Laban,Shillong,Shillong,Meghalaya,,"Shillong, Meghalaya"
14855,Collection O 4126 C T Palace,Collection O 4126 C T Palace,Bhopal,Bhopal,Madhya Pradesh,,"Bhopal, Madhya Pradesh"
14877,OYO Flagship 9074 Mascot Treo,OYO Flagship 9074 Mascot Treo,Noida,Noida,Uttar Pradesh,,"Noida, Uttar Pradesh"
14958,Collection O Dada's Villa Residency,Collection O Dada's Villa Residency,Jamshedpur,Jamshedpur,Jharkhand,,"Jamshedpur, Jharkhand"
15050,Collection O Hotel Happy Stay,Collection O Hotel Happy Stay Near Hyderabad Central,Hyderabad,Hyderabad,Telangana,Near Hyderabad Central,"Near Hyderabad Central, Telangana"
15095,Collection O Hotel Rvg,Collection O Hotel Rvg,Vadodara,Vadodara,Gujarat,,"Vadodara, Gujarat"
15210,Super OYO Townhouse 828 Hotel Stay Fine,Super OYO Townhouse 828 Hotel Stay Fine,Jaipur,Jaipur,Rajasthan,,"Jaipur, Rajasthan"
15246,Super OYO GMG Hotel,Super OYO GMG Hotel,Chandigarh,Chandigarh,Chandigarh,,Chandigarh
15292,Collection O 9204 Hotel Greenland,Collection O 9204 Hotel Greenland,Udaipur,Udaipur,Rajasthan,,"Udaipur, Rajasthan"
15330,Super OYO Capital O Hotel Swastika,Super OYO Capital O Hotel Swastika,Jaipur,Jaipur,Rajasthan,,"Jaipur, Rajasthan"
15368,OYO 9528 Midas Casita,OYO 9528 Midas Casita,Bangalore,Bangalore,Karnataka,,"Bangalore, Karnataka"
15409,Super OYO Flagship Hotel Src Grand,Super OYO Flagship Hotel Src Grand,Vijayawada,Vijayawada,Andhra Pradesh,,"Vijayawada, Andhra Pradesh"
15484,OYO Hotel Royal Inn,OYO Hotel Royal Inn,Faridabad,Faridabad,Haryana,,"Faridabad, Haryana"
15542,Super OYO Nar Comforts,Super OYO Nar Comforts Near Majestic & near KSR Railway station,Bangalore,Bangalore,Karnataka,Near Majestic & near KSR Railway station,"Near Majestic & near KSR Railway station, Bangalore, Karnataka"
15562,Flagship Manu Residency,Flagship Manu Residency Near Ascendas Park Square Mall,Bangalore,Bangalore,Karnataka,Near Ascendas Park Square Mall,"Near Ascendas Park Square Mall, Bangalore, Karnataka"
15675,OYO Flagship 10435 Star Deluxe Lodge,OYO Flagship 10435 Star Deluxe Lodge,Bangalore,Bangalore,Karnataka,,"Bangalore, Karnataka"
15717,Collection O 9566 Hotel Jk Excellency,Collection O 9566 Hotel Jk Excellency,Mahabaleshwar,Mahabaleshwar,Maharashtra,,"Mahabaleshwar, Maharashtra"
15725,Flagship New Guest Inn,Flagship New Guest Inn Near Nexus Mall Koramangala,Bangalore,Bangalore,Karnataka,Near Nexus Mall Koramangala,"Near Nexus Mall Koramangala, Bangalore, Karnataka"
15759,OYO Hotel Udai Garh Palace,OYO Hotel Udai Garh Palace,Jodhpur,Jodhpur,Rajasthan,,"Jodhpur, Rajasthan"
15818,Super OYO Hotel Haveli Inn1,Super OYO Hotel Haveli Inn1,Varanasi,Varanasi,Uttar Pradesh,,"Varanasi, Uttar Pradesh"
15871,OYO Hotel Golden Inn,OYO Hotel Golden Inn Near Cubbon Park,Bangalore,Bangalore,Karnataka,Near Cubbon Park,"Near Cubbon Park, Bangalore, Karnataka"
15939,OYO Hotel Obr Inn,OYO Hotel Obr Inn,Ludhiana,Ludhiana,Punjab,,"Ludhiana, Punjab"
15998,Capital O Hotel Shantiniketan,Capital O Hotel Shantiniketan,Gangtok,Gangtok,Sikkim,,"Gangtok, Sikkim"
16013,OYO Hotel Kingdom Of Sai,OYO Hotel Kingdom Of Sai,Shirdi,Shirdi,Maharashtra,,"Shirdi, Maharashtra"
16235,OYO 9805 Hotel Apollo,OYO 9805 Hotel Apollo,Ahmedabad,Ahmedabad,Gujarat,,"Ahmedabad, Gujarat"
16298,Flagship Hotel Sr Residency,Flagship Hotel Sr Residency,Vijayawada,Vijayawada,Andhra Pradesh,,"Vijayawada, Andhra Pradesh"
16399,OYO Hotel Riviera,OYO Hotel Riviera,Agra,Agra,Uttar Pradesh,,"Agra, Uttar Pradesh"
16418,OYO Hotel Classic Executive,OYO Hotel Classic Executive,Pune,Pune,Maharashtra,,"Pune, Maharashtra"
16513,OYO Hotel Palace Inn,OYO Hotel Palace Inn Near Don Bosco (Borivali) Metro Station,Mumbai,Mumbai,Maharashtra,Near Don Bosco (Borivali) Metro Station,"Near Don Bosco (Borivali) Metro Station, Mumbai, Maharashtra"
16636,Super OYO Grand Residency,Super OYO Grand Residency,Chennai,Chennai,Tamil Nadu,,"Chennai, Tamil Nadu"
16738,Capital O Hotel Rj Grand,Capital O Hotel Rj Grand,Coimbatore,Coimbatore,Tamil Nadu,,"Coimbatore, Tamil Nadu"
16758,Rajmahal Comforts,Rajmahal Comforts Near Hare Krishna Hill,Bangalore,Bangalore,Karnataka,Near Hare Krishna Hill,"Near Hare Krishna Hill, Bangalore, Karnataka"
16874,OYO Hotel Pmr,OYO Hotel Pmr Near Ascendas Park Square Mall,Bangalore,Bangalore,Karnataka,Near Ascendas Park Square Mall,"Near Ascendas Park Square Mall, Bangalore, Karnataka"
16892,OYO Hotel Ganga Palace,OYO Hotel Ganga Palace,Haridwar,Haridwar,Uttarakhand,,"Haridwar, Uttarakhand"
17067,OYO Hotel Vaishnavi,OYO Hotel Vaishnavi,Kota,Kota,Rajasthan,,"Kota, Rajasthan"
17147,OYO Pmr Elitestay Hotel,OYO Pmr Elitestay Hotel Near Ascendas Park Square Mall,Bangalore,Bangalore,Karnataka,Near Ascendas Park Square Mall,"Near Ascendas Park Square Mall, Bangalore, Karnataka"
17161,OYO Shree Mookambika Guest House,OYO Shree Mookambika Guest House Near Sri Someshwara Swami Temple,Bangalore,Bangalore,Karnataka,Near Sri Someshwara Swami Temple,"Near Sri Someshwara Swami Temple, Bangalore, Karnataka"
17168,Collection O Aryan Address,Collection O Aryan Address,Guwahati,Guwahati,Assam,,"Guwahati, Assam"
17273,OYO Hotel Blue Lotus,OYO Hotel Blue Lotus,Pushkar,Pushkar,Rajasthan,,"Pushkar, Rajasthan"
17293,OYO Hotel Midtown,OYO Hotel Midtown,Raipur,Raipur,Chhattisgarh,,"Raipur, Chhattisgarh"
17315,Capital O Niharika Guest House,Capital O Niharika Guest House,Guwahati,Guwahati,Assam,,"Guwahati, Assam"
17320,Flagship Hotel Shelton Suites,Flagship Hotel Shelton Suites,Bangalore,Bangalore,Karnataka,,"Bangalore, Karnataka"
17418,Collection O 10413 Hotel Royal Plaza,Collection O 10413 Hotel Royal Plaza,Pushkar,Pushkar,Rajasthan,,"Pushkar, Rajasthan"
17457,OYO 10557 Le Mount,OYO 10557 Le Mount,Delhi_Transit,Delhi (Transit),Delhi,"Near IGI Airport, Mahipalpur","Near IGI Airport, Mahipalpur, Delhi"
17463,Capital O Hotel Bidisha,Capital O Hotel Bidisha,Digha,Digha,West Bengal,,"Digha, West Bengal"
17494,Super OYO 10692 Hotel Shubham,Super OYO 10692 Hotel Shubham,Shimla,Shimla,Himachal Pradesh,,"Shimla, Himachal Pradesh"
17536,Super OYO Varcity Emerald,Super OYO Varcity Emerald Near Ragigudda Sri Prasanna Anjaneyaswamy Temple,Bangalore,Bangalore,Karnataka,Near Ragigudda Sri Prasanna Anjaneyaswamy Temple,"Near Ragigudda Sri Prasanna Anjaneyaswamy Temple, Bangalore, Karnataka"
17549,OYO Hotel Le Sai,OYO Hotel Le Sai,Pondicherry,Pondicherry,Puducherry,,"Pondicherry, Puducherry"
17550,OYO Baga Heritage Resort,OYO Baga Heritage Resort Near Anjuna Beach,Goa,Goa,Goa,Near Anjuna Beach,"Near Anjuna Beach, Goa"
17570,OYO Corner Golf View,OYO Corner Golf View Near Sri Someshwara Swami Temple,Bangalore,Bangalore,Karnataka,Near Sri Someshwara Swami Temple,"Near Sri Someshwara Swami Temple, Bangalore, Karnataka"
17676,OYO Hotel Sinon,OYO Hotel Sinon,Delhi_Transit,Delhi (Transit),Delhi,"Near IGI Airport, Mahipalpur","Near IGI Airport, Mahipalpur, Delhi"
17699,OYO Flagship 10671 Hotel Sai Prem,OYO Flagship 10671 Hotel Sai Prem,Nashik,Nashik,Maharashtra,,"Nashik, Maharashtra"
17735,Super OYO Flagship New Shanti Hotel,Super OYO Flagship New Shanti Hotel,Prayagraj,Prayagraj,Uttar Pradesh,,"Prayagraj, Uttar Pradesh"
17968,Collection O 10795 Hotel Nandgiri,Collection O 10795 Hotel Nandgiri,Delhi_Transit,Delhi (Transit),Delhi,"Near IGI Airport, Mahipalpur","Near IGI Airport, Mahipalpur, Delhi"
17990,Super OYO Capital O Pratibha Grand,Super OYO Capital O Pratibha Grand,Vijayawada,Vijayawada,Andhra Pradesh,,"Vijayawada, Andhra Pradesh"
18018,Capital O Heritage Shelters Resort,Capital O Heritage Shelters Resort,Mysore,Mysore,Karnataka,,"Mysore, Karnataka"
18030,Capital O Pema Thang Residency,Capital O Pema Thang Residency,Gangtok,Gangtok,Sikkim,,"Gangtok, Sikkim"
18033,Collection O 10885 Hotel Keerthana International,Collection O 10885 Hotel Keerthana International,Bangalore,Bangalore,Karnataka,,"Bangalore, Karnataka"
18035,Collection O 10887 Hotel West View,Collection O 10887 Hotel West View,Ghaziabad,Ghaziabad,Uttar Pradesh,,"Ghaziabad, Uttar Pradesh"
18091,Capital O Hotel Hills Palace,Capital O Hotel Hills Palace,Ooty,Ooty,Tamil Nadu,,"Ooty, Tamil Nadu"
18096,Super OYO Capital O Dayal Lodge - A Boutique Hotel,Super OYO Capital O Dayal Lodge - A Boutique Hotel,Agra,Agra,Uttar Pradesh,,"Agra, Uttar Pradesh"
18106,OYO 10967 Dhola Maru Resort,OYO 10967 Dhola Maru Resort,Kota,Kota,Rajasthan,,"Kota, Rajasthan"
18134,OYO Hotel Shanti Palace,OYO Hotel Shanti Palace,Agra,Agra,Uttar Pradesh,,"Agra, Uttar Pradesh"
18183,OYO Flagship Hotel Kajri,OYO Flagship Hotel Kajri,Gandhinagar,Gandhinagar,Gujarat,,"Gandhinagar, Gujarat"
18193,OYO Hotel Sai Stay Inn,OYO Hotel Sai Stay Inn,Shimla,Shimla,Himachal Pradesh,,"Shimla, Himachal Pradesh"
18269,OYO Hotel Pearl View Residency,OYO Hotel Pearl View Residency,Wayanad,Wayanad,Kerala,,"Wayanad, Kerala"
18298,Super OYO Hotel Malhotra,Super OYO Hotel Malhotra,Jaipur,Jaipur,Rajasthan,,"Jaipur, Rajasthan"
18307,Capital O Hotel Sai Jagannath,Capital O Hotel Sai Jagannath,Bhubaneswar,Bhubaneswar,Odisha,,"Bhubaneswar, Odisha"
18318,OYO Flagship Surya Residency,OYO Flagship Surya Residency,Bangalore,Bangalore,Karnataka,,"Bangalore, Karnataka"
18485,OYO Maa Tara Guest House,OYO Maa Tara Guest House Near Acropolis Mall,Kolkata,Kolkata,West Bengal,Near Acropolis Mall,"Near Acropolis Mall, Kolkata, West Bengal"
18501,Collection O Hotel Panchsheel,Collection O Hotel Panchsheel,Vadodara,Vadodara,Gujarat,,"Vadodara, Gujarat"
18531,Capital O Hotel Shivalik Hills,Capital O Hotel Shivalik Hills,Jammu,Jammu,Jammu and Kashmir,,Jammu and Kashmir
18547,OYO Nova Hotel Nildeep,OYO Nova Hotel Nildeep,Rajkot,Rajkot,Gujarat,,"Rajkot, Gujarat"
18616,Super OYO Flagship Aaira Inn,Super OYO Flagship Aaira Inn Near Uttam Sagar,Bangalore,Bangalore,Karnataka,Near Uttam Sagar,"Near Uttam Sagar, Bangalore, Karnataka"
18656,OYO Nimalan Residency Shenoy Nagar Anna Nagar,OYO Nimalan Residency Shenoy Nagar Anna Nagar Near Pvr Cinemas Skywalk,Chennai,Chennai,Tamil Nadu,Near Pvr Cinemas Skywalk,"Near Pvr Cinemas Skywalk, Chennai, Tamil Nadu"
18670,OYO Petuni Boutique Modern Chic Hotel,OYO Petuni Boutique Modern Chic Hotel,Bangalore,Bangalore,Karnataka,,"Bangalore, Karnataka"
18828,OYO Hotel Crystal,OYO Hotel Crystal,Chandigarh,Chandigarh,Chandigarh,,Chandigarh
18863,Super OYO Varcity Park,Super OYO Varcity Park Near Ragigudda Sri Prasanna Anjaneyaswamy Temple,Bangalore,Bangalore,Karnataka,Near Ragigudda Sri Prasanna Anjaneyaswamy Temple,"Near Ragigudda Sri Prasanna Anjaneyaswamy Temple, Bangalore, Karnataka"
18865,OYO Flagship Varcity Plaza,OYO Flagship Varcity Plaza Near Ragigudda Sri Prasanna Anjaneyaswamy Temple,Bangalore,Bangalore,Karnataka,Near Ragigudda Sri Prasanna Anjaneyaswamy Temple,"Near Ragigudda Sri Prasanna Anjaneyaswamy Temple, Bangalore, Karnataka"
18885,OYO Hotel Ridhi Sidhi,OYO Hotel Ridhi Sidhi,Indore,Indore,Madhya Pradesh,,"Indore, Madhya Pradesh"
18918,Flagship Relax Holiday Home,Flagship Relax Holiday Home Near Big G,Goa,Goa,Goa,Near Big G,"Near Big G, Goa"
19207,OYO Surya Prayagam,OYO Surya Prayagam,Prayagraj,Prayagraj,Uttar Pradesh,,"Prayagraj, Uttar Pradesh"
19248,OYO Hotel Polok,OYO Hotel Polok,Gangtok,Gangtok,Sikkim,,"Gangtok, Sikkim"
19333,OYO HOTEL QUBIC STAY,OYO HOTEL QUBIC STAY,Delhi_Transit,Delhi (Transit),Delhi,"Near IGI Airport, Mahipalpur","Near IGI Airport, Mahipalpur, Delhi"
19589,Flagship Hotel Chandigarh,Flagship Hotel Chandigarh,Mohali,Mohali,Punjab,,"Mohali, Punjab"
19591,Collection O Jineshwari Hotel,Collection O Jineshwari Hotel,Indore,Indore,Madhya Pradesh,,"Indore, Madhya Pradesh"
19640,OYO Hotel Queensland,OYO Hotel Queensland,Amritsar,Amritsar,Punjab,,"Amritsar, Punjab"
19652,OYO Hotel Heritage Haveli,OYO Hotel Heritage Haveli,Jaipur,Jaipur,Rajasthan,,"Jaipur, Rajasthan"
19733,OYO Twilight Guest House,OYO Twilight Guest House,Dalhousie,Dalhousie,Himachal Pradesh,,"Dalhousie, Himachal Pradesh"
20024,OYO Hotel Kailash Regency,OYO Hotel Kailash Regency,Ludhiana,Ludhiana,Punjab,,"Ludhiana, Punjab"
20044,Capital O Hotel Relax,Capital O Hotel Relax,Gwalior,Gwalior,Madhya Pradesh,,"Gwalior, Madhya Pradesh"
20114,OYO Jk Residency,OYO Jk Residency,Bangalore,Bangalore,Karnataka,,"Bangalore, Karnataka"
20129,OYO Hotel Jalsa,OYO Hotel Jalsa,Agra,Agra,Uttar Pradesh,,"Agra, Uttar Pradesh"
20142,OYO Hotel Greenview Inn,OYO Hotel Greenview Inn Near Munshi Pulia Metro Station,Lucknow,Lucknow,Uttar Pradesh,Near Munshi Pulia Metro Station,"Near Munshi Pulia Metro Station, Lucknow, Uttar Pradesh"
20156,Capital O Hotel Sai Golden Rooms,Capital O Hotel Sai Golden Rooms,Tirupati,Tirupati,Andhra Pradesh,,"Tirupati, Andhra Pradesh"
20172,Collection O 12772 Govinda Sai,Collection O 12772 Govinda Sai,Shirdi,Shirdi,Maharashtra,,"Shirdi, Maharashtra"
20279,Super OYO Hotel Maa Residency,Super OYO Hotel Maa Residency,Jammu,Jammu,Jammu and Kashmir,,Jammu and Kashmir
20297,Super OYO The Goan Courtyard,Super OYO The Goan Courtyard,Goa,Goa,Goa,,Goa
27223,Super OYO Collection O Hotel Kahini,Super OYO Collection O Hotel Kahini,Digha,Digha,West Bengal,,"Digha, West Bengal"
27322,OYO Flagship 12976 Hotel New Fiza,OYO Flagship 12976 Hotel New Fiza,Jammu,Jammu,Jammu and Kashmir,,Jammu and Kashmir
27341,OYO Prince Lodge,OYO Prince Lodge,Siliguri,Siliguri,West Bengal,,"Siliguri, West Bengal"
35067,Flagship Hotel Green Vista,Flagship Hotel Green Vista,Jaipur,Jaipur,Rajasthan,,"Jaipur, Rajasthan"
35083,OYO Lukergunj Holidays,OYO Lukergunj Holidays,Prayagraj,Prayagraj,Uttar Pradesh,,"Prayagraj, Uttar Pradesh"
35096,OYO HOTEL Shanti,OYO HOTEL Shanti,Delhi_Transit,Delhi (Transit),Delhi,"Near IGI Airport, Mahipalpur","Near IGI Airport, Mahipalpur, Delhi"
35185,Capital O Savi International,Capital O Savi International Near Bengaluru Palace,Bangalore,Bangalore,Karnataka,Near Bengaluru Palace,"Near Bengaluru Palace, Bangalore, Karnataka"
35280,Flagship Aashray Guest House,Flagship Aashray Guest House,Guwahati,Guwahati,Assam,,"Guwahati, Assam"
35383,OYO Flagship 13363 Summer Palace,OYO Flagship 13363 Summer Palace,Mahabaleshwar,Mahabaleshwar,Maharashtra,,"Mahabaleshwar, Maharashtra"
35388,Super OYO Capital O Hotel Gold Star,Super OYO Capital O Hotel Gold Star,Mohali,Mohali,Punjab,,"Mohali, Punjab"
35450,OYO Sindhura Guest House,OYO Sindhura Guest House,Visakhapatnam,Visakhapatnam,Andhra Pradesh,,"Visakhapatnam, Andhra Pradesh"
35467,OYO Rama Krishna Hotel,OYO Rama Krishna Hotel Near Delhi Airport,Delhi_Transit,Delhi (Transit),Delhi,Near Delhi Airport,"Near Delhi Airport, Delhi (Transit), Delhi"
35607,OYO Hotel Paradise Inn,OYO Hotel Paradise Inn,Pune,Pune,Maharashtra,,"Pune, Maharashtra"
35673,OYO Crown Residency,OYO Crown Residency,Faridabad,Faridabad,Haryana,,"Faridabad, Haryana"
35712,OYO 13670 Skylark Service Apartment,OYO 13670 Skylark Service Apartment,Bangalore,Bangalore,Karnataka,,"Bangalore, Karnataka"
35856,Flagship Brindawan Hotel And Resorts,Flagship Brindawan Hotel And Resorts,Siliguri,Siliguri,West Bengal,,"Siliguri, West Bengal"
35908,Capital O Spf Palace,Capital O Spf Palace,Bangalore,Bangalore,Karnataka,,"Bangalore, Karnataka"
35912,OYO SRK HOTEL & RESORT,OYO SRK HOTEL & RESORT,Jaipur,Jaipur,Rajasthan,,"Jaipur, Rajasthan"
36013,Flagship Green Leaf International Comforts,Flagship Green Leaf International Comforts,Bangalore,Bangalore,Karnataka,,"Bangalore, Karnataka"
36112,OYO Flagship Varcity Pearl,OYO Flagship Varcity Pearl Near Nexus Mall Koramangala,Bangalore,Bangalore,Karnataka,Near Nexus Mall Koramangala,"Near Nexus Mall Koramangala, Bangalore, Karnataka"
36125,OYO Hotel Turista,OYO Hotel Turista,Bangalore,Bangalore,Karnataka,,"Bangalore, Karnataka"
36136,Flagship Red Apple,Flagship Red Apple,Ahmedabad,Ahmedabad,Gujarat,,"Ahmedabad, Gujarat"
36278,OYO Green Comfort,OYO Green Comfort,Dehradun,Dehradun,Uttarakhand,,"Dehradun, Uttarakhand"
36400,Capital O 14174 Good Luck Residency Hotel,Capital O 14174 Good Luck Residency Hotel,Guwahati,Guwahati,Assam,,"Guwahati, Assam"
36526,Capital O Manyata Royal Mac,Capital O Manyata Royal Mac,Bangalore,Bangalore,Karnataka,,"Bangalore, Karnataka"
36571,Collection O Pride Manyata,Collection O Pride Manyata,Bangalore,Bangalore,Karnataka,,"Bangalore, Karnataka"
36633,OYO Dreams Manor,OYO Dreams Manor Near Sangam Cinemas,Chennai,Chennai,Tamil Nadu,Near Sangam Cinemas,"Near Sangam Cinemas, Chennai, Tamil Nadu"
36701,Super OYO Flagship Varcity Phi Premium Pavilion,Super OYO Flagship Varcity Phi Premium Pavilion Near Ragigudda Sri Prasanna Anjanayeswamy Temple,Bangalore,Bangalore,Karnataka,Near Ragigudda Sri Prasanna Anjanayeswamy Temple,"Near Ragigudda Sri Prasanna Anjanayeswamy Temple, Bangalore, Karnataka"
36713,OYO Townhouse 14406 Hotel Subashree,OYO Townhouse 14406 Hotel Subashree,Coimbatore,Coimbatore,Tamil Nadu,,"Coimbatore, Tamil Nadu"
36797,OYO Hotel Cozy Residency,OYO Hotel Cozy Residency,Jabalpur,Jabalpur,Madhya Pradesh,,"Jabalpur, Madhya Pradesh"
36830,Super OYO Capital O Hotel Aryan,Super OYO Capital O Hotel Aryan,Bhubaneswar,Bhubaneswar,Odisha,,"Bhubaneswar, Odisha"
36850,OYO Regal Stays,OYO Regal Stays,Bhubaneswar,Bhubaneswar,Odisha,,"Bhubaneswar, Odisha"
36950,Super OYO Collection O sunshine Residency,Super OYO Collection O sunshine Residency Near PVR SPI Palazzo Chennai,Chennai,Chennai,Tamil Nadu,Near PVR SPI Palazzo Chennai,"Near PVR SPI Palazzo Chennai, Tamil Nadu"
37008,Collection O Hotel Chawla,Collection O Hotel Chawla,Jaipur,Jaipur,Rajasthan,,"Jaipur, Rajasthan"
37016,Flagship Perfect Stay,Flagship Perfect Stay Near Meenambakkam Metro Station,Chennai,Chennai,Tamil Nadu,Near Meenambakkam Metro Station,"Near Meenambakkam Metro Station, Chennai, Tamil Nadu"
37050,OYO Flagship 14625 Baani Abode,OYO Flagship 14625 Baani Abode,Noida,Noida,Uttar Pradesh,,"Noida, Uttar Pradesh"
37174,OYO Hotel Vaishnavi Park,OYO Hotel Vaishnavi Park,Hyderabad,Hyderabad,Telangana,,"Hyderabad, Telangana"
37273,Super OYO Capital O Hotel Priyanshu,Super OYO Capital O Hotel Priyanshu,Siliguri,Siliguri,West Bengal,,"Siliguri, West Bengal"
37279,OYO Flagship NR Residency,OYO Flagship NR Residency Near Nexus Mall Koramangala,Bangalore,Bangalore,Karnataka,Near Nexus Mall Koramangala,"Near Nexus Mall Koramangala, Bangalore, Karnataka"
37294,Super OYO 14814 Hotel Vinayak,Super OYO 14814 Hotel Vinayak,Udaipur,Udaipur,Rajasthan,,"Udaipur, Rajasthan"
37469,Flagship Hotel Uk-07,Flagship Hotel Uk-07,Dehradun,Dehradun,Uttarakhand,,"Dehradun, Uttarakhand"
37535,OYO Townhouse 634 Shiva'S Valley,OYO Townhouse 634 Shiva'S Valley,Mahabaleshwar,Mahabaleshwar,Maharashtra,,"Mahabaleshwar, Maharashtra"
37622,Super OYO Capital O Gaurav Boarding House,Super OYO Capital O Gaurav Boarding House,Mathura,Mathura,Uttar Pradesh,,"Mathura, Uttar Pradesh"
37694,OYO Flagship 15148 Sky Pix,OYO Flagship 15148 Sky Pix Near Kasi Talkies,Chennai,Chennai,Tamil Nadu,Near Kasi Talkies,"Near Kasi Talkies, Chennai, Tamil Nadu"
37701,Collection O Raghusheela Cottage,Collection O Raghusheela Cottage,Alibag,Alibag,Maharashtra,,"Alibag, Maharashtra"
37788,OYO 15208 Hotel Unique,OYO 15208 Hotel Unique,Amritsar,Amritsar,Punjab,,"Amritsar, Punjab"
37850,OYO Flagship 15257  Ananda Inn,OYO Flagship 15257  Ananda Inn,Madurai,Madurai,Tamil Nadu,,"Madurai, Tamil Nadu"
37851,Capital O Smart City,Capital O Smart City,Bhopal,Bhopal,Madhya Pradesh,,"Bhopal, Madhya Pradesh"
37865,OYO Flagship 15267 Chaitdeep Palace,OYO Flagship 15267 Chaitdeep Palace,Gorakhpur,Gorakhpur,Uttar Pradesh,,"Gorakhpur, Uttar Pradesh"
37869,Atithi Residency,Atithi Residency,Bangalore,Bangalore,Karnataka,,"Bangalore, Karnataka"
37889,OYO Hotel Townhall,OYO Hotel Townhall,Bangalore,Bangalore,Karnataka,,"Bangalore, Karnataka"
37911,OYO Hotel Pushkar Talhati,OYO Hotel Pushkar Talhati,Ajmer,Ajmer,Rajasthan,,"Ajmer, Rajasthan"
37932,OYO Sri Sai Guru Comforts,OYO Sri Sai Guru Comforts,Bangalore,Bangalore,Karnataka,,"Bangalore, Karnataka"
38020,Capital O Hill Crest View Guest House,Capital O Hill Crest View Guest House,Guwahati,Guwahati,Assam,,"Guwahati, Assam"
38138,Super OYO Capital O Edassery Blue Bells,Super OYO Capital O Edassery Blue Bells,Kochi,Kochi,Kerala,,"Kochi, Kerala"
38171,Super OYO Capital O Hotel Rosewood Inn,Super OYO Capital O Hotel Rosewood Inn,Dehradun,Dehradun,Uttarakhand,,"Dehradun, Uttarakhand"
38299,Super OYO Capital O 15654 Hotel Gajanan Pride,Super OYO Capital O 15654 Hotel Gajanan Pride,Nashik,Nashik,Maharashtra,,"Nashik, Maharashtra"
38308,Flagship Akshaya Bheemaas Inn,Flagship Akshaya Bheemaas Inn,Vijayawada,Vijayawada,Andhra Pradesh,,"Vijayawada, Andhra Pradesh"
38353,OYO Varcity Comforts,OYO Varcity Comforts Near Ragigudda Sri Prasanna Anjaneyaswamy Temple,Bangalore,Bangalore,Karnataka,Near Ragigudda Sri Prasanna Anjaneyaswamy Temple,"Near Ragigudda Sri Prasanna Anjaneyaswamy Temple, Bangalore, Karnataka"
38360,Super OYO Sholinganallur,Super OYO Sholinganallur,Chennai,Chennai,Tamil Nadu,,"Chennai, Tamil Nadu"
38428,Super OYO Capital O Mookkannoor Tourist Home,Super OYO Capital O Mookkannoor Tourist Home,Kochi,Kochi,Kerala,,"Kochi, Kerala"
38458,OYO Flagship V R Residency,OYO Flagship V R Residency Near Sri Amruth Chithra Mandira,Bangalore,Bangalore,Karnataka,Near Sri Amruth Chithra Mandira,"Near Sri Amruth Chithra Mandira, Bangalore, Karnataka"
38466,Collection O Hotel Royal Residency,Collection O Hotel Royal Residency,Jaipur,Jaipur,Rajasthan,,"Jaipur, Rajasthan"
38528,Super OYO Hotel SSG Residency,Super OYO Hotel SSG Residency,Visakhapatnam,Visakhapatnam,Andhra Pradesh,,"Visakhapatnam, Andhra Pradesh"
38568,Super OYO Collection O15862 Hotel The Grand Krishna,Super OYO Collection O15862 Hotel The Grand Krishna,Gandhinagar,Gandhinagar,Gujarat,,"Gandhinagar, Gujarat"
38653,OYO Hotel Prabhat,OYO Hotel Prabhat,Zirakpur,Zirakpur,Punjab,,"Zirakpur, Punjab"
38822,OYO Hotel Golden Moments,OYO Hotel Golden Moments,Siliguri,Siliguri,West Bengal,,"Siliguri, West Bengal"
39015,Collection O Hotel Blu Orchid,Collection O Hotel Blu Orchid,Udaipur,Udaipur,Rajasthan,,"Udaipur, Rajasthan"
39107,OYO Maira Grand,OYO Maira Grand,Faridabad,Faridabad,Haryana,,"Faridabad, Haryana"
39161,Flagship Advik Cottage,Flagship Advik Cottage,Bhubaneswar,Bhubaneswar,Odisha,,"Bhubaneswar, Odisha"
39193,OYO Hotel Livinn Hub,OYO Hotel Livinn Hub,Amritsar,Amritsar,Punjab,,"Amritsar, Punjab"
39215,OYO Flagship Hotel G K Palace,OYO Flagship Hotel G K Palace,Bodhgaya,Bodhgaya,Bihar,,"Bodhgaya, Bihar"
39324,SPOT ON Vivaant Palace,SPOT ON Vivaant Palace,Shirdi,Shirdi,Maharashtra,,"Shirdi, Maharashtra"
39400,Flagship Geetanjali Regency,Flagship Geetanjali Regency,Shirdi,Shirdi,Maharashtra,,"Shirdi, Maharashtra"
39607,Capital O Hotel Shri Pushpraj By Mng Rooms,Capital O Hotel Shri Pushpraj By Mng Rooms,Kanpur,Kanpur,Uttar Pradesh,,"Kanpur, Uttar Pradesh"
39725,OYO Hotel Atlante,OYO Hotel Atlante,Zirakpur,Zirakpur,Punjab,,"Zirakpur, Punjab"
39751,OYO Virat Hotel And Restaurant,OYO Virat Hotel And Restaurant,Indore,Indore,Madhya Pradesh,,"Indore, Madhya Pradesh"
39805,OYO Atithi Bhawan,OYO Atithi Bhawan,Jamshedpur,Jamshedpur,Jharkhand,,"Jamshedpur, Jharkhand"
39822,Super OYO Highway Residency,Super OYO Highway Residency,Faridabad,Faridabad,Haryana,,"Faridabad, Haryana"
39850,Super OYO Collection O 16803 Hotel Blueberry,Super OYO Collection O 16803 Hotel Blueberry Near 7D Voyage,Bangalore,Bangalore,Karnataka,Near 7D Voyage,"Near 7D Voyage, Bangalore, Karnataka"
40141,Collection O 16982 Stay Inn Tirupati,Collection O 16982 Stay Inn Tirupati,Tirupati,Tirupati,Andhra Pradesh,,"Tirupati, Andhra Pradesh"
40154,Collection O Sai Shwetha Grand Arra.,Collection O Sai Shwetha Grand Arra.,Bangalore,Bangalore,Karnataka,,"Bangalore, Karnataka"
40331,OYO Flagship 17105 Springvilla,OYO Flagship 17105 Springvilla,Guwahati,Guwahati,Assam,,"Guwahati, Assam"
40399,Super OYO Route 77,Super OYO Route 77 Near Calangute Beach,Goa,Goa,Goa,Near Calangute Beach,"Near Calangute Beach, Goa"
40405,Super OYO Capital O Hotel Silver Royal,Super OYO Capital O Hotel Silver Royal Near Omaxe Celebration Mall,Gurgaon,Gurgaon,Haryana,Near Omaxe Celebration Mall,"Near Omaxe Celebration Mall, Gurgaon, Haryana"
40442,Flagship Greenview Homestay,Flagship Greenview Homestay Near Munshi Pulia Metro Station,Lucknow,Lucknow,Uttar Pradesh,Near Munshi Pulia Metro Station,"Near Munshi Pulia Metro Station, Lucknow, Uttar Pradesh"
40507,Royal Bliss International,Royal Bliss International,Bangalore,Bangalore,Karnataka,,"Bangalore, Karnataka"
40532,Capital O Vembanad Tourist Home,Capital O Vembanad Tourist Home,Kochi,Kochi,Kerala,,"Kochi, Kerala"
40598,Flagship The Maple Tree Hotels,Flagship The Maple Tree Hotels,Bhubaneswar,Bhubaneswar,Odisha,,"Bhubaneswar, Odisha"
40752,Flagship Ranibagh Palace,Flagship Ranibagh Palace,Jodhpur,Jodhpur,Rajasthan,,"Jodhpur, Rajasthan"
40785,OYO Hotel Diamond Star,OYO Hotel Diamond Star,Delhi_Transit,Delhi (Transit),Delhi,"Near IGI Airport, Mahipalpur","Near IGI Airport, Mahipalpur, Delhi"
40873,OYO Tirupati Residency,OYO Tirupati Residency,Meerut,Meerut,Uttar Pradesh,,"Meerut, Uttar Pradesh"
40886,Super OYO Punjabi Nature Residency,Super OYO Punjabi Nature Residency,Faridabad,Faridabad,Haryana,,"Faridabad, Haryana"
41008,Flagship White Fort,Flagship White Fort Near Lalbagh Botanical Garden,Bangalore,Bangalore,Karnataka,Near Lalbagh Botanical Garden,"Near Lalbagh Botanical Garden, Bangalore, Karnataka"
41014,OYO Hotel Aqueens Plaza,OYO Hotel Aqueens Plaza,Jaipur,Jaipur,Rajasthan,,"Jaipur, Rajasthan"
41050,Flagship Splenor Inn,Flagship Splenor Inn,Bangalore,Bangalore,Karnataka,,"Bangalore, Karnataka"
41112,OYO Twilight,OYO Twilight,Delhi_Transit,Delhi (Transit),Delhi,"Near IGI Airport, Mahipalpur","Near IGI Airport, Mahipalpur, Delhi"
41152,Super OYO Urban Ville,Super OYO Urban Ville,Jaipur,Jaipur,Rajasthan,,"Jaipur, Rajasthan"
41220,Super OYO Flagship 18478 Hotel Max,Super OYO Flagship 18478 Hotel Max,Jalandhar,Jalandhar,Punjab,,"Jalandhar, Punjab"
41298,Super OYO Flagship Tulip Inn,Super OYO Flagship Tulip Inn,Gorakhpur,Gorakhpur,Uttar Pradesh,,"Gorakhpur, Uttar Pradesh"
41377,OYO Hotel Embassy,OYO Hotel Embassy,Bodhgaya,Bodhgaya,Bihar,,"Bodhgaya, Bihar"
41496,OYO The Origin,OYO The Origin,Kota,Kota,Rajasthan,,"Kota, Rajasthan"
41515,OYO Shree Palce,OYO Shree Palce,Ghaziabad,Ghaziabad,Uttar Pradesh,,"Ghaziabad, Uttar Pradesh"
41540,Super OYO Flagship Olivia Comforts,Super OYO Flagship Olivia Comforts Near Nexus Mall Koramangala,Bangalore,Bangalore,Karnataka,Near Nexus Mall Koramangala,"Near Nexus Mall Koramangala, Bangalore, Karnataka"
41561,Super OYO Capital O Hotel Levanti,Super OYO Capital O Hotel Levanti Near Aravali Biodiversity Park,Gurgaon,Gurgaon,Haryana,Near Aravali Biodiversity Park,"Near Aravali Biodiversity Park, Gurgaon, Haryana"
41566,Super OYO 18698 Hotel New Prince,Super OYO 18698 Hotel New Prince,Visakhapatnam,Visakhapatnam,Andhra Pradesh,,"Visakhapatnam, Andhra Pradesh"
41963,OYO Flagship 18918 Hotel Shiva inn,OYO Flagship 18918 Hotel Shiva inn,Indore,Indore,Madhya Pradesh,,"Indore, Madhya Pradesh"
42017,OYO Flagship 18943 Hotel Punjab Residency,OYO Flagship 18943 Hotel Punjab Residency,Zirakpur,Zirakpur,Punjab,,"Zirakpur, Punjab"
42022,Capital O Admire Suit Hospitality,Capital O Admire Suit Hospitality,Chennai,Chennai,Tamil Nadu,,"Chennai, Tamil Nadu"
42058,OYO Hotel Temple View,OYO Hotel Temple View,Amritsar,Amritsar,Punjab,,"Amritsar, Punjab"
42061,OYO Flagship 18966 Krishna Hotel And Restaurant,OYO Flagship 18966 Krishna Hotel And Restaurant,Raipur,Raipur,Chhattisgarh,,"Raipur, Chhattisgarh"
42093,Flagship Hotel Orange,Flagship Hotel Orange,Visakhapatnam,Visakhapatnam,Andhra Pradesh,,"Visakhapatnam, Andhra Pradesh"
42099,Super OYO Hotel Bright Palace,Super OYO Hotel Bright Palace,Pahalgam,Pahalgam,Jammu and Kashmir,,"Pahalgam, Jammu and Kashmir"
42131,OYO Hotel Sannidhi Residency,OYO Hotel Sannidhi Residency,Tirupati,Tirupati,Andhra Pradesh,,"Tirupati, Andhra Pradesh"
42147,OYO Perungudi,OYO Perungudi,Chennai,Chennai,Tamil Nadu,,"Chennai, Tamil Nadu"
42148,Flagship Jayam Residency - Urapakkam,Flagship Jayam Residency - Urapakkam,Chennai,Chennai,Tamil Nadu,,"Chennai, Tamil Nadu"
42192,Collection O Sara Grand,Collection O Sara Grand,Lucknow,Lucknow,Uttar Pradesh,,"Lucknow, Uttar Pradesh"
42206,OYO The Signature Hotel,OYO The Signature Hotel Near Iskcon Temple Noida,Noida,Noida,Uttar Pradesh,Near Iskcon Temple Noida,"Near Iskcon Temple Noida, Uttar Pradesh"
42330,OYO 55 Pillars House,OYO 55 Pillars House,Shillong,Shillong,Meghalaya,,"Shillong, Meghalaya"
42364,Flagship Jn Residency,Flagship Jn Residency,Amritsar,Amritsar,Punjab,,"Amritsar, Punjab"
42374,Flagship Sri Hari Premium Comforts,Flagship Sri Hari Premium Comforts Near Sandhya Digital 4K Theatre,Bangalore,Bangalore,Karnataka,Near Sandhya Digital 4K Theatre,"Near Sandhya Digital 4K Theatre, Bangalore, Karnataka"
42481,Flagship Hotel Lexis,Flagship Hotel Lexis,Ludhiana,Ludhiana,Punjab,,"Ludhiana, Punjab"
42543,Collection O 19472 Highway Regency,Collection O 19472 Highway Regency,Meerut,Meerut,Uttar Pradesh,,"Meerut, Uttar Pradesh"
42592,Super OYO Capital O Shishamaati,Super OYO Capital O Shishamaati,Kullu,Kullu,Himachal Pradesh,,"Kullu, Himachal Pradesh"
42615,OYO Spc & Span,OYO Spc & Span,Jamshedpur,Jamshedpur,Jharkhand,,"Jamshedpur, Jharkhand"
42650,OYO Hotel Jammu Palace,OYO Hotel Jammu Palace,Jammu,Jammu,Jammu and Kashmir,,Jammu and Kashmir
42776,OYO Royal Stay Inn,OYO Royal Stay Inn,Prayagraj,Prayagraj,Uttar Pradesh,,"Prayagraj, Uttar Pradesh"
42851,OYO Hotel Prantika,OYO Hotel Prantika,Digha,Digha,West Bengal,,"Digha, West Bengal"
42852,OYO Hotel Airway,OYO Hotel Airway,Delhi_Transit,Delhi (Transit),Delhi,"Near IGI Airport, Mahipalpur","Near IGI Airport, Mahipalpur, Delhi"
42911,Super OYO Capital O Hotel Dona Castle,Super OYO Capital O Hotel Dona Castle,Kollam,Kollam,Kerala,,"Kollam, Kerala"
42919,OYO 19749 New Shelton Suites,OYO 19749 New Shelton Suites,Bangalore,Bangalore,Karnataka,,"Bangalore, Karnataka"
42933,OYO Passion Paradise,OYO Passion Paradise,Coimbatore,Coimbatore,Tamil Nadu,,"Coimbatore, Tamil Nadu"
42959,OYO Flagship 19778 Hotel Royal Shades,OYO Flagship 19778 Hotel Royal Shades,Chandigarh,Chandigarh,Chandigarh,,Chandigarh
42980,OYO Kiran Palace,OYO Kiran Palace,Jaipur,Jaipur,Rajasthan,,"Jaipur, Rajasthan"
42992,Super OYO Anand Hotel Jodhpur,Super OYO Anand Hotel Jodhpur,Jodhpur,Jodhpur,Rajasthan,,"Jodhpur, Rajasthan"
43014,Super OYO 19811 Abc Residency,Super OYO 19811 Abc Residency,Srinagar,Srinagar,Jammu and Kashmir,,"Srinagar, Jammu and Kashmir"
43209,OYO Hotel Golden Arch,OYO Hotel Golden Arch Near Palace Ground,Bangalore,Bangalore,Karnataka,Near Palace Ground,"Near Palace Ground, Bangalore, Karnataka"
43244,Super OYO Capital O Hotel Krishnandan,Super OYO Capital O Hotel Krishnandan,Mathura,Mathura,Uttar Pradesh,,"Mathura, Uttar Pradesh"
43258,Capital O Aspiring Inn,Capital O Aspiring Inn,Kolkata,Kolkata,West Bengal,,"Kolkata, West Bengal"
43297,OYO Shanti Uday,OYO Shanti Uday,Agra,Agra,Uttar Pradesh,,"Agra, Uttar Pradesh"
43439,OYO Muktai Nest,OYO Muktai Nest,Alibag,Alibag,Maharashtra,,"Alibag, Maharashtra"
43460,Super OYO Hotel Blueberry,Super OYO Hotel Blueberry,Faridabad,Faridabad,Haryana,,"Faridabad, Haryana"
43487,OYO Hotel Mall Residency,OYO Hotel Mall Residency,Amritsar,Amritsar,Punjab,,"Amritsar, Punjab"
43507,Flagship Shree Raksha Comforts,Flagship Shree Raksha Comforts,Bangalore,Bangalore,Karnataka,,"Bangalore, Karnataka"
43560,Collection O 22194 Hotel SPRL Triveni sangam,Collection O 22194 Hotel SPRL Triveni sangam,Prayagraj,Prayagraj,Uttar Pradesh,,"Prayagraj, Uttar Pradesh"
43921,Flagship Hotel Navjivan,Flagship Hotel Navjivan,Ahmedabad,Ahmedabad,Gujarat,,"Ahmedabad, Gujarat"
43937,Super OYO Hotel Ashoka International,Super OYO Hotel Ashoka International,Kanpur,Kanpur,Uttar Pradesh,,"Kanpur, Uttar Pradesh"
44040,OYO Flagship 22450 Our Palace,OYO Flagship 22450 Our Palace,Vijayawada,Vijayawada,Andhra Pradesh,,"Vijayawada, Andhra Pradesh"
44092,OYO Flagship 22475 Crib Inn,OYO Flagship 22475 Crib Inn,Bhopal,Bhopal,Madhya Pradesh,,"Bhopal, Madhya Pradesh"
44124,Flagship Hotel Paradise Inn,Flagship Hotel Paradise Inn,Bangalore,Bangalore,Karnataka,,"Bangalore, Karnataka"
44162,Capital O S RESIDENCY,Capital O S RESIDENCY,Delhi_Transit,Delhi (Transit),Delhi,"Near IGI Airport, Mahipalpur","Near IGI Airport, Mahipalpur, Delhi"
44229,Flagship Jagannath Heritage,Flagship Jagannath Heritage,Puri,Puri,Odisha,,"Puri, Odisha"
44373,Flagship Hotel Midtown,Flagship Hotel Midtown,Bhopal,Bhopal,Madhya Pradesh,,"Bhopal, Madhya Pradesh"
44385,Flagship U B Resort,Flagship U B Resort,Meerut,Meerut,Uttar Pradesh,,"Meerut, Uttar Pradesh"
44452,Flagship Richa Grand Inn,Flagship Richa Grand Inn Near Sahara Ganj Mall,Lucknow,Lucknow,Uttar Pradesh,Near Sahara Ganj Mall,"Near Sahara Ganj Mall, Lucknow, Uttar Pradesh"
44685,Flagship Hotel Amster Inn,Flagship Hotel Amster Inn,Bangalore,Bangalore,Karnataka,,"Bangalore, Karnataka"
44768,Super OYO Flagship 22890 Kanak Palace,Super OYO Flagship 22890 Kanak Palace,Delhi_Transit,Delhi (Transit),Delhi,"Near IGI Airport, Mahipalpur","Near IGI Airport, Mahipalpur, Delhi"
44794,OYO Hotel Holiday Rani Gunj,OYO Hotel Holiday Rani Gunj Opp Punjab national bank,Hyderabad,Hyderabad,Telangana,Opp Punjab national bank,"Opp Punjab national bank, Hyderabad, Telangana"
44806,Super OYO C M Regency,Super OYO C M Regency,Jaipur,Jaipur,Rajasthan,,"Jaipur, Rajasthan"
44816,Super OYO Capital O Hotel Siddartha Grand,Super OYO Capital O Hotel Siddartha Grand,Vijayawada,Vijayawada,Andhra Pradesh,,"Vijayawada, Andhra Pradesh"
44951,OYO Hotel Kandil,OYO Hotel Kandil,Aurangabad,Aurangabad,Maharashtra,,"Aurangabad, Maharashtra"
45007,Super OYO Capital O V Hotel,Super OYO Capital O V Hotel,Vijayawada,Vijayawada,Andhra Pradesh,,"Vijayawada, Andhra Pradesh"
45049,Collection O Hotel Aditya Regency,Collection O Hotel Aditya Regency,Bhopal,Bhopal,Madhya Pradesh,,"Bhopal, Madhya Pradesh"
45120,Super OYO Flagship Hotel Amarpali,Super OYO Flagship Hotel Amarpali,Baddi,Baddi,Himachal Pradesh,,"Baddi, Himachal Pradesh"
45208,OYO Grand Sudershan HS,OYO Grand Sudershan HS,Agra,Agra,Uttar Pradesh,,"Agra, Uttar Pradesh"
45243,OYO Dhammanagi Comforts A Unit By Count On Us Hospitality,OYO Dhammanagi Comforts A Unit By Count On Us Hospitality,Hubli-Dharwad,Hubli-Dharwad,Karnataka,,"Hubli-Dharwad, Karnataka"
45275,Collection O G-5 Villas,Collection O G-5 Villas,Ludhiana,Ludhiana,Punjab,,"Ludhiana, Punjab"
45279,OYO Hotel Sky View,OYO Hotel Sky View,Lucknow,Lucknow,Uttar Pradesh,,"Lucknow, Uttar Pradesh"
45342,OYO Flagship Mann Bed And Breakfast,OYO Flagship Mann Bed And Breakfast,Rajpura,Rajpura,Punjab,,"Rajpura, Punjab"
45407,Flagship Jp Homes,Flagship Jp Homes,Guwahati,Guwahati,Assam,,"Guwahati, Assam"
45554,OYO Townhouse 516 Hotel N Suites,OYO Townhouse 516 Hotel N Suites Near Delhi  Airport,Delhi_Transit,Delhi (Transit),Delhi,Near Delhi  Airport,"Near Delhi  Airport, Delhi (Transit), Delhi"
45679,OYO Flagship 23427 Ashrey Stays,OYO Flagship 23427 Ashrey Stays,Bangalore,Bangalore,Karnataka,,"Bangalore, Karnataka"
45724,OYO SUN PARK INN Chennai Central,OYO SUN PARK INN Chennai Central,Chennai,Chennai,Tamil Nadu,,"Chennai, Tamil Nadu"
45734,Capital O Champion Lotus,Capital O Champion Lotus Near Mantri Square Mall,Bangalore,Bangalore,Karnataka,Near Mantri Square Mall,"Near Mantri Square Mall, Bangalore, Karnataka"
45888,Super OYO Maurice,Super OYO Maurice,Baddi,Baddi,Himachal Pradesh,,"Baddi, Himachal Pradesh"
45948,OYO Sher E Bengal,OYO Sher E Bengal,Durgapur,Durgapur,West Bengal,,"Durgapur, West Bengal"
45975,OYO Parimeet Hotel,OYO Parimeet Hotel,Mumbai,Mumbai,Maharashtra,,"Mumbai, Maharashtra"
46039,Flagship Hotel Meerut International,Flagship Hotel Meerut International,Meerut,Meerut,Uttar Pradesh,,"Meerut, Uttar Pradesh"
46187,Flagship Hotel Royal Paradise,Flagship Hotel Royal Paradise,Kota,Kota,Rajasthan,,"Kota, Rajasthan"
46299,OYO Hotel Jp Heights,OYO Hotel Jp Heights,Bhopal,Bhopal,Madhya Pradesh,,"Bhopal, Madhya Pradesh"
46301,OYO Flagship 24174 Sima Hospitality,OYO Flagship 24174 Sima Hospitality,Kolkata,Kolkata,West Bengal,,"Kolkata, West Bengal"
46351,OYO Hotel Jai Ambay International,OYO Hotel Jai Ambay International,Jaipur,Jaipur,Rajasthan,,"Jaipur, Rajasthan"
46365,OYO Mj International,OYO Mj International,Lucknow,Lucknow,Uttar Pradesh,,"Lucknow, Uttar Pradesh"
46392,OYO Hotel Blue Inn,OYO Hotel Blue Inn,Bangalore,Bangalore,Karnataka,,"Bangalore, Karnataka"
46564,SPOT ON 24414 Hotel Naidu Grand Rooms,SPOT ON 24414 Hotel Naidu Grand Rooms,Visakhapatnam,Visakhapatnam,Andhra Pradesh,,"Visakhapatnam, Andhra Pradesh"
46608,Super OYO 24453 Day Springs,Super OYO 24453 Day Springs,Kottayam,Kottayam,Kerala,,"Kottayam, Kerala"
46688,Super OYO Hotel Country Lodge,Super OYO Hotel Country Lodge,Dharamshala,Dharamshala,Himachal Pradesh,,"Dharamshala, Himachal Pradesh"
46717,Super OYO Hotel Shirdi Sai Inn,Super OYO Hotel Shirdi Sai Inn,Shirdi,Shirdi,Maharashtra,,"Shirdi, Maharashtra"
46733,Super OYO Hotel Morgan,Super OYO Hotel Morgan,Jaipur,Jaipur,Rajasthan,,"Jaipur, Rajasthan"
46884,OYO Hotel Mahalaxmi Palace,OYO Hotel Mahalaxmi Palace,Dehradun,Dehradun,Uttarakhand,,"Dehradun, Uttarakhand"
46898,OYO Ekta My Stay,OYO Ekta My Stay,Jaipur,Jaipur,Rajasthan,,"Jaipur, Rajasthan"
46961,OYO Hotel Blue Moon,OYO Hotel Blue Moon,Hisar,Hisar,Haryana,,"Hisar, Haryana"
47031,OYO APHA Hotel,OYO APHA Hotel,Vijayawada,Vijayawada,Andhra Pradesh,,"Vijayawada, Andhra Pradesh"
47047,OYO Hotel Neelam,OYO Hotel Neelam,Amravati,Amravati,Maharashtra,,"Amravati, Maharashtra"
47091,OYO Royal Taj Home Stay,OYO Royal Taj Home Stay,Agra,Agra,Uttar Pradesh,,"Agra, Uttar Pradesh"
47211,Super OYO Flagship Akash Regency,Super OYO Flagship Akash Regency,Dhanbad,Dhanbad,Jharkhand,,"Dhanbad, Jharkhand"
47356,OYO Nandi Inn,OYO Nandi Inn,Durgapur,Durgapur,West Bengal,,"Durgapur, West Bengal"
47499,Flagship Hotel Paras,Flagship Hotel Paras,Mumbai,Mumbai,Maharashtra,,"Mumbai, Maharashtra"
47530,Collection O Hotel Nirvikalpa,Collection O Hotel Nirvikalpa,Mangalore,Mangalore,Karnataka,,"Mangalore, Karnataka"
47710,OYO Hotel R K Grand,OYO Hotel R K Grand,Mohali,Mohali,Punjab,,"Mohali, Punjab"
47726,OYO Ms Plaza,OYO Ms Plaza,Bhubaneswar,Bhubaneswar,Odisha,,"Bhubaneswar, Odisha"
47761,Super OYO Flagship Hotel Aljemin,Super OYO Flagship Hotel Aljemin,Kanyakumari,Kanyakumari,Tamil Nadu,,"Kanyakumari, Tamil Nadu"
47810,Capital O Grand Vista,Capital O Grand Vista,Zirakpur,Zirakpur,Punjab,,"Zirakpur, Punjab"
47949,Flagship Shree Ram Residency,Flagship Shree Ram Residency,Cuttack,Cuttack,Odisha,,"Cuttack, Odisha"
47958,OYO Flagship 26817 Gks Residency,OYO Flagship 26817 Gks Residency,Bangalore,Bangalore,Karnataka,,"Bangalore, Karnataka"
47988,Super OYO Prem Homestay Cottage,Super OYO Prem Homestay Cottage,Mandi,Mandi,Himachal Pradesh,,"Mandi, Himachal Pradesh"
48065,Super OYO Hotel Sagar,Super OYO Hotel Sagar,Faridabad,Faridabad,Haryana,,"Faridabad, Haryana"
48178,SPOT ON  27004 Hotel Om Sai Plaza,SPOT ON  27004 Hotel Om Sai Plaza,Bhopal,Bhopal,Madhya Pradesh,,"Bhopal, Madhya Pradesh"
48337,OYO Gian Residency,OYO Gian Residency,Amritsar,Amritsar,Punjab,,"Amritsar, Punjab"
48404,OYO Hotel Kshounish Residency,OYO Hotel Kshounish Residency,Malda,Malda,West Bengal,,"Malda, West Bengal"
48519,Capital O Hotel Srinivasa Residency,Capital O Hotel Srinivasa Residency,Tirupati,Tirupati,Andhra Pradesh,,"Tirupati, Andhra Pradesh"
48544,Collection O Hotel Cosmopolitan,Collection O Hotel Cosmopolitan,Bangalore,Bangalore,Karnataka,,"Bangalore, Karnataka"
48627,OYO Hotel Gud Stay,OYO Hotel Gud Stay,Bhopal,Bhopal,Madhya Pradesh,,"Bhopal, Madhya Pradesh"
48628,Flagship Savitri Regency,Flagship Savitri Regency,Bhopal,Bhopal,Madhya Pradesh,,"Bhopal, Madhya Pradesh"
48660,OYO Flagship 27889 Akshaya Pride,OYO Flagship 27889 Akshaya Pride,Vijayawada,Vijayawada,Andhra Pradesh,,"Vijayawada, Andhra Pradesh"
48732,OYO Flagship 27941 Sangam Darshan,OYO Flagship 27941 Sangam Darshan,Prayagraj,Prayagraj,Uttar Pradesh,,"Prayagraj, Uttar Pradesh"
48792,OYO Gopal Ji Resorts,OYO Gopal Ji Resorts,Amritsar,Amritsar,Punjab,,"Amritsar, Punjab"
48807,OYO Flagship 27997 Vrindavan Inn,OYO Flagship 27997 Vrindavan Inn Near Lulu Mall,Lucknow,Lucknow,Uttar Pradesh,Near Lulu Mall,"Near Lulu Mall, Lucknow, Uttar Pradesh"
48816,OYO Maira Stays,OYO Maira Stays,Faridabad,Faridabad,Haryana,,"Faridabad, Haryana"
48890,OYO Hotel Suraj Villa,OYO Hotel Suraj Villa,Jaipur,Jaipur,Rajasthan,,"Jaipur, Rajasthan"
48905,OYO Flagship 28067 Shree Stays,OYO Flagship 28067 Shree Stays,Bangalore,Bangalore,Karnataka,,"Bangalore, Karnataka"
48930,OYO Flagship 28079 Hotel Blue Moon,OYO Flagship 28079 Hotel Blue Moon,Coimbatore,Coimbatore,Tamil Nadu,,"Coimbatore, Tamil Nadu"
48947,Collection O 28093 Royal Sand,Collection O 28093 Royal Sand,Mysore,Mysore,Karnataka,,"Mysore, Karnataka"
48981,Super OYO 28119 Omkar Global Inn,Super OYO 28119 Omkar Global Inn,Bangalore,Bangalore,Karnataka,,"Bangalore, Karnataka"
49117,OYO Flagship 28216 Raajas Grand,OYO Flagship 28216 Raajas Grand,Tirupati,Tirupati,Andhra Pradesh,,"Tirupati, Andhra Pradesh"
49127,Super OYO Capital O Victoria Royal,Super OYO Capital O Victoria Royal,Puri,Puri,Odisha,,"Puri, Odisha"
49137,Flagship Samfelma Lodge,Flagship Samfelma Lodge,Kalimpong,Kalimpong,West Bengal,,"Kalimpong, West Bengal"
49151,OYO Bamon Homestay,OYO Bamon Homestay,Shillong,Shillong,Meghalaya,,"Shillong, Meghalaya"
49156,Capital O Hotel Sammy Grand,Capital O Hotel Sammy Grand,Lucknow,Lucknow,Uttar Pradesh,,"Lucknow, Uttar Pradesh"
49227,Super OYO Hotel Welcome Inn,Super OYO Hotel Welcome Inn,Faridabad,Faridabad,Haryana,,"Faridabad, Haryana"
49255,Collection O Hotel Ganayak,Collection O Hotel Ganayak,Siliguri,Siliguri,West Bengal,,"Siliguri, West Bengal"
49268,OYO Rex Cabana,OYO Rex Cabana,Faridabad,Faridabad,Haryana,,"Faridabad, Haryana"
49317,OYO 28367 Akshaya Grand,OYO 28367 Akshaya Grand,Vijayawada,Vijayawada,Andhra Pradesh,,"Vijayawada, Andhra Pradesh"
49356,Flagship Hotel Raj Meridian,Flagship Hotel Raj Meridian,Chennai,Chennai,Tamil Nadu,,"Chennai, Tamil Nadu"
49427,OYO Taj Guest House,OYO Taj Guest House,Sonipat,Sonipat,Haryana,,"Sonipat, Haryana"
49617,Flagship 28614 Bless Inn,Flagship 28614 Bless Inn,Prayagraj,Prayagraj,Uttar Pradesh,,"Prayagraj, Uttar Pradesh"
49654,OYO Roopam Places,OYO Roopam Places,Pushkar,Pushkar,Rajasthan,,"Pushkar, Rajasthan"
49664,OYO Flagship 28645 Nirmalya Plaza,OYO Flagship 28645 Nirmalya Plaza,Behrampur,Behrampur,Odisha,,"Behrampur, Odisha"
49681,OYO Flagship 28658 The Swarg Residence,OYO Flagship 28658 The Swarg Residence,Chennai,Chennai,Tamil Nadu,,"Chennai, Tamil Nadu"
49718,OYO Hotel Golden Star,OYO Hotel Golden Star,Bhopal,Bhopal,Madhya Pradesh,,"Bhopal, Madhya Pradesh"
49746,Capital O The Shivaay Hotel,Capital O The Shivaay Hotel,Chandigarh,Chandigarh,Chandigarh,,Chandigarh
49840,Super OYO Hotel Vaishali,Super OYO Hotel Vaishali,Ajmer,Ajmer,Rajasthan,,"Ajmer, Rajasthan"
49953,Flagship Hotel Rock Star,Flagship Hotel Rock Star,Faridabad,Faridabad,Haryana,,"Faridabad, Haryana"
50011,OYO Hotel Solitaire & Restaurant,OYO Hotel Solitaire & Restaurant,Agra,Agra,Uttar Pradesh,,"Agra, Uttar Pradesh"
50049,OYO Hotel Golden Pride,OYO Hotel Golden Pride,Hyderabad,Hyderabad,Telangana,,"Hyderabad, Telangana"
50052,OYO Co Hotel,OYO Co Hotel,Hisar,Hisar,Haryana,,"Hisar, Haryana"
50102,OYO Virasat Guest House,OYO Virasat Guest House,Lucknow,Lucknow,Uttar Pradesh,,"Lucknow, Uttar Pradesh"
50140,OYO Hotel Dream Palace,OYO Hotel Dream Palace,Ahmedabad,Ahmedabad,Gujarat,,"Ahmedabad, Gujarat"
50147,OYO Flagship 29172 Ess Enterprises,OYO Flagship 29172 Ess Enterprises,Rajpura,Rajpura,Punjab,,"Rajpura, Punjab"
50310,Flagship Athithi Comforts,Flagship Athithi Comforts,Bangalore,Bangalore,Karnataka,,"Bangalore, Karnataka"
50327,OYO Virasat Shaheed Path Inn,OYO Virasat Shaheed Path Inn Near Phoenix Palassio,Lucknow,Lucknow,Uttar Pradesh,Near Phoenix Palassio,"Near Phoenix Palassio, Lucknow, Uttar Pradesh"
50404,Capital O Hotel Rainbow Villa,Capital O Hotel Rainbow Villa,Delhi_Transit,Delhi (Transit),Delhi,"Near IGI Airport, Mahipalpur","Near IGI Airport, Mahipalpur, Delhi"
50424,OYO Hotel Apoorva Deluxe,OYO Hotel Apoorva Deluxe,Jaipur,Jaipur,Rajasthan,,"Jaipur, Rajasthan"
50476,OYO Townhouse 918 Mehak Garden,OYO Townhouse 918 Mehak Garden,Sirsa,Sirsa,Haryana,,"Sirsa, Haryana"
50486,OYO Hotel Kunal,OYO Hotel Kunal,Bhilai,Bhilai,Chhattisgarh,,"Bhilai, Chhattisgarh"
50502,OYO Townhouse 866 Classio Suites,OYO Townhouse 866 Classio Suites,Shirdi,Shirdi,Maharashtra,,"Shirdi, Maharashtra"
50565,OYO KSL Guest House,OYO KSL Guest House,Karimnagar,Karimnagar,Telangana,,"Karimnagar, Telangana"
50606,Collection O Relax Hotel,Collection O Relax Hotel,Siliguri,Siliguri,West Bengal,,"Siliguri, West Bengal"
50631,Flagship New Champion Residency,Flagship New Champion Residency,Bangalore,Bangalore,Karnataka,,"Bangalore, Karnataka"
50644,OYO 29632 East Lodge Inn,OYO 29632 East Lodge Inn,Srinagar,Srinagar,Jammu and Kashmir,,"Srinagar, Jammu and Kashmir"
50659,SPOT ON Hotel Heaven,SPOT ON Hotel Heaven,Ambala,Ambala,Haryana,,"Ambala, Haryana"
50742,Super OYO Hotel City Residency,Super OYO Hotel City Residency,Roorkee,Roorkee,Uttarakhand,,"Roorkee, Uttarakhand"
50759,SPOT ON Hotel Pride Residency,SPOT ON Hotel Pride Residency,Bhopal,Bhopal,Madhya Pradesh,,"Bhopal, Madhya Pradesh"
50904,Super OYO Capital O Island Inn,Super OYO Capital O Island Inn,Kochi,Kochi,Kerala,,"Kochi, Kerala"
50932,Super OYO Sri Abirami Inn,Super OYO Sri Abirami Inn,Pondicherry,Pondicherry,Puducherry,,"Pondicherry, Puducherry"
50961,Flagship Hotel Iqra Inn,Flagship Hotel Iqra Inn,Jaipur,Jaipur,Rajasthan,,"Jaipur, Rajasthan"
51048,OYO Hotel Chabi Plaza,OYO Hotel Chabi Plaza,Ranchi,Ranchi,Jharkhand,,"Ranchi, Jharkhand"
51343,OYO Milan Party Hall,OYO Milan Party Hall,Vadodara,Vadodara,Gujarat,,"Vadodara, Gujarat"
51433,OYO Flagship Hotel Steel City,OYO Flagship Hotel Steel City,Bhilai,Bhilai,Chhattisgarh,,"Bhilai, Chhattisgarh"
51489,Flagship The Address,Flagship The Address,Nashik,Nashik,Maharashtra,,"Nashik, Maharashtra"
51572,Collection O S B Excellency,Collection O S B Excellency,Jodhpur,Jodhpur,Rajasthan,,"Jodhpur, Rajasthan"
51583,Collection O The Vinayak,Collection O The Vinayak,Bhopal,Bhopal,Madhya Pradesh,,"Bhopal, Madhya Pradesh"
51725,OYO Hotel Yaduvanshi,OYO Hotel Yaduvanshi,Hisar,Hisar,Haryana,,"Hisar, Haryana"
51741,OYO Hotel Ivy,OYO Hotel Ivy,Delhi_Transit,Delhi (Transit),Delhi,"Near IGI Airport, Mahipalpur","Near IGI Airport, Mahipalpur, Delhi"
51866,OYO Hotel Infinity,OYO Hotel Infinity,Vadodara,Vadodara,Gujarat,,"Vadodara, Gujarat"
52220,OYO Heritage Corner,OYO Heritage Corner,Patiala,Patiala,Punjab,,"Patiala, Punjab"
52409,OYO Four Seasons,OYO Four Seasons,Agra,Agra,Uttar Pradesh,,"Agra, Uttar Pradesh"
52428,OYO Hotel Surya,OYO Hotel Surya,Ahmedabad,Ahmedabad,Gujarat,,"Ahmedabad, Gujarat"
52563,OYO Sun Palace,OYO Sun Palace,Jabalpur,Jabalpur,Madhya Pradesh,,"Jabalpur, Madhya Pradesh"
52633,OYO Shri Shyam Lawn & Resort,OYO Shri Shyam Lawn & Resort,Lucknow,Lucknow,Uttar Pradesh,,"Lucknow, Uttar Pradesh"
52896,OYO Flagship 31031 DS Royal Guest House,OYO Flagship 31031 DS Royal Guest House,Ludhiana,Ludhiana,Punjab,,"Ludhiana, Punjab"
53169,Super OYO Tunez,Super OYO Tunez,Bhopal,Bhopal,Madhya Pradesh,,"Bhopal, Madhya Pradesh"
53206,Super OYO Capital O Premium Hotel La Prosperite,Super OYO Capital O Premium Hotel La Prosperite Near Royal Meenakshi Mal,Bangalore,Bangalore,Karnataka,Near Royal Meenakshi Mal,"Near Royal Meenakshi Mal, Bangalore, Karnataka"
53326,Super OYO Hotel Kanchan Residency,Super OYO Hotel Kanchan Residency,Kota,Kota,Rajasthan,,"Kota, Rajasthan"
53340,OYO Hotel Moon Light,OYO Hotel Moon Light,Roorkee,Roorkee,Uttarakhand,,"Roorkee, Uttarakhand"
53386,OYO Flagship 35425 Hotel Duke Inn,OYO Flagship 35425 Hotel Duke Inn,Jhansi,Jhansi,Uttar Pradesh,,"Jhansi, Uttar Pradesh"
53418,OYO Parnasala Princely,OYO Parnasala Princely,Rajahmundry,Rajahmundry,Andhra Pradesh,,"Rajahmundry, Andhra Pradesh"
53420,Nirmalya Inn,Nirmalya Inn,Behrampur,Behrampur,Odisha,,"Behrampur, Odisha"
53451,Super OYO Flagship The Mist,Super OYO Flagship The Mist Near Gomti Riverfront Park,Lucknow,Lucknow,Uttar Pradesh,Near Gomti Riverfront Park,"Near Gomti Riverfront Park, Lucknow, Uttar Pradesh"
53490,Super OYO Hotel Waypoint,Super OYO Hotel Waypoint,Manesar,Manesar,Haryana,,"Manesar, Haryana"
53500,OYO Hotel Kapoor Residency,OYO Hotel Kapoor Residency,Amritsar,Amritsar,Punjab,,"Amritsar, Punjab"
53732,OYO Sri Sai Residency,OYO Sri Sai Residency Near Vijayanagar Metro Station,Bangalore,Bangalore,Karnataka,Near Vijayanagar Metro Station,"Near Vijayanagar Metro Station, Bangalore, Karnataka"
53810,Super OYO Aps Homestay,Super OYO Aps Homestay,Darjeeling,Darjeeling,West Bengal,,"Darjeeling, West Bengal"
53882,OYO HKH Homes,OYO HKH Homes Near Royal Meenakshi Mall,Bangalore,Bangalore,Karnataka,Near Royal Meenakshi Mall,"Near Royal Meenakshi Mall, Bangalore, Karnataka"
53915,OYO Hotel Lotus Prime,OYO Hotel Lotus Prime,Jaipur,Jaipur,Rajasthan,,"Jaipur, Rajasthan"
54061,OYO Townhouse 742 Hotel Mangal Inn,OYO Townhouse 742 Hotel Mangal Inn,Udaipur,Udaipur,Rajasthan,,"Udaipur, Rajasthan"
54115,OYO Townhouse 1005 G Silver Hotels & Resorts OMR,OYO Townhouse 1005 G Silver Hotels & Resorts OMR,Chennai,Chennai,Tamil Nadu,,"Chennai, Tamil Nadu"
54149,Super OYO Capital O Yogasthali Inn Hotel And Spa,Super OYO Capital O Yogasthali Inn Hotel And Spa,Rishikesh,Rishikesh,Uttarakhand,,"Rishikesh, Uttarakhand"
54231,OYO Hotel Anshu,OYO Hotel Anshu,Delhi_Transit,Delhi (Transit),Delhi,"Near IGI Airport, Mahipalpur","Near IGI Airport, Mahipalpur, Delhi"
54290,Flagship Hotel Diamond,Flagship Hotel Diamond,Faridabad,Faridabad,Haryana,,"Faridabad, Haryana"
54479,OYO Hotel Sunway,OYO Hotel Sunway,Ahmedabad,Ahmedabad,Gujarat,,"Ahmedabad, Gujarat"
54482,OYO Hotel 12roomz,OYO Hotel 12roomz,Pondicherry,Pondicherry,Puducherry,,"Pondicherry, Puducherry"
54651,OYO Flagship Armaan Resort,OYO Flagship Armaan Resort,Ambala,Ambala,Haryana,,"Ambala, Haryana"
54662,Collection O Familiar Inn,Collection O Familiar Inn Near Kothaguda x Road,Hyderabad,Hyderabad,Telangana,Near Kothaguda x Road,"Near Kothaguda x Road, Hyderabad, Telangana"
54699,SPOT ON 36286 Agarwal Lodge,SPOT ON 36286 Agarwal Lodge,Ghaziabad,Ghaziabad,Uttar Pradesh,,"Ghaziabad, Uttar Pradesh"
54735,OYO Poonam Guest House,OYO Poonam Guest House,Jodhpur,Jodhpur,Rajasthan,,"Jodhpur, Rajasthan"
54800,Super OYO Capital O Boulevard Elite Madiwala,Super OYO Capital O Boulevard Elite Madiwala Near Ragigudda Sri Prasanna Anjanayeswamy Temple,Bangalore,Bangalore,Karnataka,Near Ragigudda Sri Prasanna Anjanayeswamy Temple,"Near Ragigudda Sri Prasanna Anjanayeswamy Temple, Bangalore, Karnataka"
54803,SPOT ON Gyan Regency,SPOT ON Gyan Regency,Jorhat,Jorhat,Assam,,"Jorhat, Assam"
55012,OYO Srinivasa Residency Lodge,OYO Srinivasa Residency Lodge,Tirupati,Tirupati,Andhra Pradesh,,"Tirupati, Andhra Pradesh"
55066,SPOT ON Hotel All Orchha View,SPOT ON Hotel All Orchha View,Orchha,Orchha,Madhya Pradesh,,"Orchha, Madhya Pradesh"
55143,Super OYO Townhouse 138 Suraj Kund,Super OYO Townhouse 138 Suraj Kund,Faridabad,Faridabad,Haryana,,"Faridabad, Haryana"
55147,OYO Townhouse 1011 Hotel Season Park 2,OYO Townhouse 1011 Hotel Season Park 2,Jaipur,Jaipur,Rajasthan,,"Jaipur, Rajasthan"
55151,OYO Hotel Manoj,OYO Hotel Manoj,Bhilai,Bhilai,Chhattisgarh,,"Bhilai, Chhattisgarh"
55172,Super OYO Townhouse 651 Hotel Taksonz,Super OYO Townhouse 651 Hotel Taksonz,Ludhiana,Ludhiana,Punjab,,"Ludhiana, Punjab"
55174,SPOT ON Hotel Om Shanti Palace,SPOT ON Hotel Om Shanti Palace,Chandigarh,Chandigarh,Chandigarh,,Chandigarh
55359,SPOT ON Ps Guest House,SPOT ON Ps Guest House Near Calangute Beach,Goa,Goa,Goa,Near Calangute Beach,"Near Calangute Beach, Goa"
55388,OYO Hotel Gagan Sagar,OYO Hotel Gagan Sagar,Kanpur,Kanpur,Uttar Pradesh,,"Kanpur, Uttar Pradesh"
55652,SPOT ON Hc Palace,SPOT ON Hc Palace,Mohali,Mohali,Punjab,,"Mohali, Punjab"
55673,OYO G P Residency,OYO G P Residency,Kakinada,Kakinada,Andhra Pradesh,,"Kakinada, Andhra Pradesh"
55693,OYO Sonora Hotel,OYO Sonora Hotel,Dhanbad,Dhanbad,Jharkhand,,"Dhanbad, Jharkhand"
55697,SPOT ON Hotel Kgn,SPOT ON Hotel Kgn,Bilaspur,Bilaspur,Chhattisgarh,,"Bilaspur, Chhattisgarh"
55699,OYO 37169 Hotel Quadis,OYO 37169 Hotel Quadis,Noida,Noida,Uttar Pradesh,,"Noida, Uttar Pradesh"
55719,OYO Townhouse 540 Riddhi Siddhi,OYO Townhouse 540 Riddhi Siddhi,Vadodara,Vadodara,Gujarat,,"Vadodara, Gujarat"
55761,SPOT ON Classic Lodge,SPOT ON Classic Lodge,Hyderabad,Hyderabad,Telangana,,"Hyderabad, Telangana"
55978,OYO Hotel Govindam Palaza,OYO Hotel Govindam Palaza,Jaipur,Jaipur,Rajasthan,,"Jaipur, Rajasthan"
56067,OYO Flagship 37450 Hotel Siddharth,OYO Flagship 37450 Hotel Siddharth,Udaipur,Udaipur,Rajasthan,,"Udaipur, Rajasthan"
56088,OYO Flagship 37470 The Mohan Grand,OYO Flagship 37470 The Mohan Grand,Agra,Agra,Uttar Pradesh,,"Agra, Uttar Pradesh"
56157,Super OYO Capital O High end Withinn Hotel,Super OYO Capital O High end Withinn Hotel Near Hare Krishna Hill,Bangalore,Bangalore,Karnataka,Near Hare Krishna Hill,"Near Hare Krishna Hill, Bangalore, Karnataka"
56449,Collection O Hotel Golden Leaf,Collection O Hotel Golden Leaf,Jaipur,Jaipur,Rajasthan,,"Jaipur, Rajasthan"
56501,SPOT ON Hotel Doon Sabri,SPOT ON Hotel Doon Sabri,Roorkee,Roorkee,Uttarakhand,,"Roorkee, Uttarakhand"
56584,Flagship Hotel Mishra's,Flagship Hotel Mishra's,Durgapur,Durgapur,West Bengal,,"Durgapur, West Bengal"
56767,Flagship Rawat Resorts,Flagship Rawat Resorts,Jodhpur,Jodhpur,Rajasthan,,"Jodhpur, Rajasthan"
57227,OYO Varsha Grand Residence,OYO Varsha Grand Residence,Guntur,Guntur,Andhra Pradesh,,"Guntur, Andhra Pradesh"
57340,Capital O 38688 Royal Shelaton,Capital O 38688 Royal Shelaton,Amritsar,Amritsar,Punjab,,"Amritsar, Punjab"
57353,Flagship Hotel Sridhar,Flagship Hotel Sridhar,Khammam,Khammam,Telangana,,"Khammam, Telangana"
57625,SPOT ON 39346 Hotel Jagtara Residency,SPOT ON 39346 Hotel Jagtara Residency,Indore,Indore,Madhya Pradesh,,"Indore, Madhya Pradesh"
57637,Capital O Nestle Inn,Capital O Nestle Inn Near Jazz Cinemas LUXE,Chennai,Chennai,Tamil Nadu,Near Jazz Cinemas LUXE,"Near Jazz Cinemas LUXE, Chennai, Tamil Nadu"
57648,SPOT ON Krishnaa Comforts,SPOT ON Krishnaa Comforts Near Cubbon Park,Bangalore,Bangalore,Karnataka,Near Cubbon Park,"Near Cubbon Park, Bangalore, Karnataka"
57681,SPOT ON Venkatesh Palace,SPOT ON Venkatesh Palace,Gulbarga,Gulbarga,Karnataka,,"Gulbarga, Karnataka"
57769,OYO Sherpa Shell,OYO Sherpa Shell,Dharamshala,Dharamshala,Himachal Pradesh,,"Dharamshala, Himachal Pradesh"
57905,Flagship Nandan Residency,Flagship Nandan Residency,Bhubaneswar,Bhubaneswar,Odisha,,"Bhubaneswar, Odisha"
57960,SPOT ON 39561 Hotel Deep,SPOT ON 39561 Hotel Deep,Jaipur,Jaipur,Rajasthan,,"Jaipur, Rajasthan"
58233,Super OYO Flagship Welcome Lounge,Super OYO Flagship Welcome Lounge,Ambala,Ambala,Haryana,,"Ambala, Haryana"
58244,OYO Hill View,OYO Hill View,Udaipur,Udaipur,Rajasthan,,"Udaipur, Rajasthan"
58376,OYO Elite Residency,OYO Elite Residency,Chennai,Chennai,Tamil Nadu,,"Chennai, Tamil Nadu"
58394,OYO Sri Sai Sevalal Comfort's,OYO Sri Sai Sevalal Comfort's,Bangalore,Bangalore,Karnataka,,"Bangalore, Karnataka"
58420,Super OYO New Pune Residency,Super OYO New Pune Residency,Pune,Pune,Maharashtra,,"Pune, Maharashtra"
58425,OYO Flagship 40002 The Rejoice,OYO Flagship 40002 The Rejoice,Noida,Noida,Uttar Pradesh,,"Noida, Uttar Pradesh"
58500,SPOT ON Sapphire Inn,SPOT ON Sapphire Inn,Jodhpur,Jodhpur,Rajasthan,,"Jodhpur, Rajasthan"
58520,SPOT ON 40076 Hotel Sunny,SPOT ON 40076 Hotel Sunny,Kanpur,Kanpur,Uttar Pradesh,,"Kanpur, Uttar Pradesh"
58575,SPOT ON 40121 Tamilnadu Mansion Annex,SPOT ON 40121 Tamilnadu Mansion Annex,Chennai,Chennai,Tamil Nadu,,"Chennai, Tamil Nadu"
58619,Flagship Rud Guest House,Flagship Rud Guest House Near Anjuna Beach,Goa,Goa,Goa,Near Anjuna Beach,"Near Anjuna Beach, Goa"
58640,OYO Hotel Taj International,OYO Hotel Taj International,Berhampore,Berhampore,West Bengal,,"Berhampore, West Bengal"
58782,SPOT ON Hotel Surya,SPOT ON Hotel Surya,Rourkela,Rourkela,Odisha,,"Rourkela, Odisha"
59129,Flagship Hotel Galaxy,Flagship Hotel Galaxy,Bathinda,Bathinda,Punjab,,"Bathinda, Punjab"
59132,SPOT ON Kukas Guest House,SPOT ON Kukas Guest House,Jaipur,Jaipur,Rajasthan,,"Jaipur, Rajasthan"
59178,SPOT ON 40760 Sangamam Tourist Home,SPOT ON 40760 Sangamam Tourist Home,Kannur,Kannur,Kerala,,"Kannur, Kerala"
59261,OYO 40825 Jeevan Residency,OYO 40825 Jeevan Residency,Mysore,Mysore,Karnataka,,"Mysore, Karnataka"
59554,Capital O Hotel Royal Stay,Capital O Hotel Royal Stay,Bhopal,Bhopal,Madhya Pradesh,,"Bhopal, Madhya Pradesh"
59777,OYO Hr Inn,OYO Hr Inn Near City Centre Salt Lake,Kolkata,Kolkata,West Bengal,Near City Centre Salt Lake,"Near City Centre Salt Lake, Kolkata, West Bengal"
59818,Flagship Hotel Capital,Flagship Hotel Capital,Raipur,Raipur,Chhattisgarh,,"Raipur, Chhattisgarh"
59856,OYO Hotel Sunbeam,OYO Hotel Sunbeam,Kullu,Kullu,Himachal Pradesh,,"Kullu, Himachal Pradesh"
59894,OYO 41434 The Thar Mid Way Hotel And Restaurant,OYO 41434 The Thar Mid Way Hotel And Restaurant,Jodhpur,Jodhpur,Rajasthan,,"Jodhpur, Rajasthan"
60262,Collection O Hotel Acropole Inn,Collection O Hotel Acropole Inn,Ahmedabad,Ahmedabad,Gujarat,,"Ahmedabad, Gujarat"
60816,OYO Hotel Diamond,OYO Hotel Diamond,Noida,Noida,Uttar Pradesh,,"Noida, Uttar Pradesh"
60873,OYO Admiral Suites,OYO Admiral Suites,Delhi_Transit,Delhi (Transit),Delhi,"Near IGI Airport, Mahipalpur","Near IGI Airport, Mahipalpur, Delhi"
60884,OYO Aarshi Palace,OYO Aarshi Palace,Cuttack,Cuttack,Odisha,,"Cuttack, Odisha"
60948,OYO A P Residency,OYO A P Residency,Noida,Noida,Uttar Pradesh,,"Noida, Uttar Pradesh"
60995,SPOT ON Thangam Lodge,SPOT ON Thangam Lodge,Coimbatore,Coimbatore,Tamil Nadu,,"Coimbatore, Tamil Nadu"
61030,SPOT ON 42770 Hotel Govindam Palace,SPOT ON 42770 Hotel Govindam Palace,Jaipur,Jaipur,Rajasthan,,"Jaipur, Rajasthan"
61210,OYO Townhall,OYO Townhall,Bhiwadi,Bhiwadi,Rajasthan,,"Bhiwadi, Rajasthan"
61270,OYO Flagship 43145  Mayaban Resort,OYO Flagship 43145  Mayaban Resort,Malda,Malda,West Bengal,,"Malda, West Bengal"
61317,Collection O 43265 Happy Stay,Collection O 43265 Happy Stay,Bhopal,Bhopal,Madhya Pradesh,,"Bhopal, Madhya Pradesh"
61343,SPOT ON Hotel Anand Bhawan,SPOT ON Hotel Anand Bhawan,Aligarh,Aligarh,Uttar Pradesh,,"Aligarh, Uttar Pradesh"
61361,OYO Spring Woods Suites,OYO Spring Woods Suites,Chandigarh,Chandigarh,Chandigarh,,Chandigarh
61361,OYO Spring Woods Suites,OYO Spring Woods Suites,Mohali,Mohali,Punjab,,"Mohali, Punjab"
61371,Flagship Sri Sai Guru Comforts,Flagship Sri Sai Guru Comforts,Bangalore,Bangalore,Karnataka,,"Bangalore, Karnataka"
61379,OYO Coastal Inn,OYO Coastal Inn,Kakinada,Kakinada,Andhra Pradesh,,"Kakinada, Andhra Pradesh"
61490,OYO Bijaya Palace,OYO Bijaya Palace,Bhubaneswar,Bhubaneswar,Odisha,,"Bhubaneswar, Odisha"
62120,Super OYO Hotel Aryan Galaxy,Super OYO Hotel Aryan Galaxy,Lucknow,Lucknow,Uttar Pradesh,,"Lucknow, Uttar Pradesh"
62172,OYO Hotel Chandra Bagha,OYO Hotel Chandra Bagha,Rishikesh,Rishikesh,Uttarakhand,,"Rishikesh, Uttarakhand"
62540,Flagship Airport Chennai,Flagship Airport Chennai Near Chennai International Airport,Chennai,Chennai,Tamil Nadu,Near Chennai International Airport,"Near Chennai International Airport, Tamil Nadu"
62803,OYO Flagship 45011 Sumukh Hotel,OYO Flagship 45011 Sumukh Hotel,Jamnagar,Jamnagar,Gujarat,,"Jamnagar, Gujarat"
62946,OYO Flagship 45125 Banashankari,OYO Flagship 45125 Banashankari,Bangalore,Bangalore,Karnataka,,"Bangalore, Karnataka"
62980,Collection O Prince Park,Collection O Prince Park,Vellore,Vellore,Tamil Nadu,,"Vellore, Tamil Nadu"
62983,Super OYO Flagship Hotel Annie,Super OYO Flagship Hotel Annie,Ramgarh,Ramgarh,Jharkhand,,"Ramgarh, Jharkhand"
73550,SPOT ON Sayadri Lodge,SPOT ON Sayadri Lodge,Pune,Pune,Maharashtra,,"Pune, Maharashtra"
73695,Super OYO Collection O 45443 Hotel Suvidha,Super OYO Collection O 45443 Hotel Suvidha,Bilaspur,Bilaspur,Chhattisgarh,,"Bilaspur, Chhattisgarh"
73723,Capital O Hotel C Tara,Capital O Hotel C Tara,Shirdi,Shirdi,Maharashtra,,"Shirdi, Maharashtra"
73730,SPOT ON 45468 Kumarans Inn,SPOT ON 45468 Kumarans Inn,Chennai,Chennai,Tamil Nadu,,"Chennai, Tamil Nadu"
73801,SPOT ON 45514 Hotel Madhu Regency,SPOT ON 45514 Hotel Madhu Regency,Ghaziabad,Ghaziabad,Uttar Pradesh,,"Ghaziabad, Uttar Pradesh"
73854,OYO Woodstock Homestay,OYO Woodstock Homestay Near Gomti Riverfront Park,Lucknow,Lucknow,Uttar Pradesh,Near Gomti Riverfront Park,"Near Gomti Riverfront Park, Lucknow, Uttar Pradesh"
73885,OYO 45569 Goyal's Inn,OYO 45569 Goyal's Inn,Ajmer,Ajmer,Rajasthan,,"Ajmer, Rajasthan"
74118,Super OYO Capital O Hotel Seatree,Super OYO Capital O Hotel Seatree,Visakhapatnam,Visakhapatnam,Andhra Pradesh,,"Visakhapatnam, Andhra Pradesh"
74275,OYO The Villa By Mng Rooms,OYO The Villa By Mng Rooms,Kanpur,Kanpur,Uttar Pradesh,,"Kanpur, Uttar Pradesh"
74371,OYO Flagship 45931 Hotel Ganesham,OYO Flagship 45931 Hotel Ganesham,Jaipur,Jaipur,Rajasthan,,"Jaipur, Rajasthan"
74447,OYO 45999 Tulsi Palace,OYO 45999 Tulsi Palace,Ajmer,Ajmer,Rajasthan,,"Ajmer, Rajasthan"
74463,Collection O 46016 Hotel Kay Kay Delight,Collection O 46016 Hotel Kay Kay Delight,Delhi_Transit,Delhi (Transit),Delhi,"Near IGI Airport, Mahipalpur","Near IGI Airport, Mahipalpur, Delhi"
74521,OYO Sree Lakshmi Residency,OYO Sree Lakshmi Residency Near Hare Krishna Hill,Bangalore,Bangalore,Karnataka,Near Hare Krishna Hill,"Near Hare Krishna Hill, Bangalore, Karnataka"
74528,OYO Shiva Guest House,OYO Shiva Guest House,Guwahati,Guwahati,Assam,,"Guwahati, Assam"
74550,OYO Hotel Snoopy,OYO Hotel Snoopy,Gangtok,Gangtok,Sikkim,,"Gangtok, Sikkim"
74609,Super OYO Capital O RR Towers by CJ,Super OYO Capital O RR Towers by CJ,Vijayawada,Vijayawada,Andhra Pradesh,,"Vijayawada, Andhra Pradesh"
74793,OYO Hotel Yuvan,OYO Hotel Yuvan,Bhopal,Bhopal,Madhya Pradesh,,"Bhopal, Madhya Pradesh"
74878,OYO Hotel Vn Residency,OYO Hotel Vn Residency,Jabalpur,Jabalpur,Madhya Pradesh,,"Jabalpur, Madhya Pradesh"
74905,SPOT ON Jayanthi Mansion,SPOT ON Jayanthi Mansion,Chennai,Chennai,Tamil Nadu,,"Chennai, Tamil Nadu"
74933,Flagship New Vatika Guest House,Flagship New Vatika Guest House,Kurukshetra,Kurukshetra,Haryana,,"Kurukshetra, Haryana"
74998,OYO Townhouse OAK Clove Boutique Hotel Rajaji Nagar,OYO Townhouse OAK Clove Boutique Hotel Rajaji Nagar,Bangalore,Bangalore,Karnataka,,"Bangalore, Karnataka"
75031,OYO Sai Prasad Resort,OYO Sai Prasad Resort,Shirdi,Shirdi,Maharashtra,,"Shirdi, Maharashtra"
75138,Capital O Imperial Hotel,Capital O Imperial Hotel,Bareilly,Bareilly,Uttar Pradesh,,"Bareilly, Uttar Pradesh"
75218,SPOT ON Sree Bhadra Tourist Home,SPOT ON Sree Bhadra Tourist Home,Kollam,Kollam,Kerala,,"Kollam, Kerala"
75388,OYO Victory Grand,OYO Victory Grand,Vijayawada,Vijayawada,Andhra Pradesh,,"Vijayawada, Andhra Pradesh"
75456,OYO Sushma Lodge,OYO Sushma Lodge,Udupi-Manipal,Udupi-Manipal,Karnataka,,"Udupi-Manipal, Karnataka"
75467,OYO Moksh Villa,OYO Moksh Villa,Shimla,Shimla,Himachal Pradesh,,"Shimla, Himachal Pradesh"
75611,Super OYO The Nest 2,Super OYO The Nest 2,Kharar,Kharar,Punjab,,"Kharar, Punjab"
75746,OYO Flagship 46968 Mahakal Inn,OYO Flagship 46968 Mahakal Inn,Nanded,Nanded,Maharashtra,,"Nanded, Maharashtra"
75883,Super OYO Flagship 47057 Padma Manor,Super OYO Flagship 47057 Padma Manor,Behrampur,Behrampur,Odisha,,"Behrampur, Odisha"
76419,OYO Hotel S-14,OYO Hotel S-14,Jaipur,Jaipur,Rajasthan,,"Jaipur, Rajasthan"
76476,Flagship Vinayak House,Flagship Vinayak House,Bhopal,Bhopal,Madhya Pradesh,,"Bhopal, Madhya Pradesh"
76636,Super OYO Collection O G Silver Hotels Mount Road,Super OYO Collection O G Silver Hotels Mount Road,Chennai,Chennai,Tamil Nadu,,"Chennai, Tamil Nadu"
76675,OYO Flagship 47555 Abhinandan Stay House,OYO Flagship 47555 Abhinandan Stay House,Prayagraj,Prayagraj,Uttar Pradesh,,"Prayagraj, Uttar Pradesh"
76729,SPOT ON Gayatri Comforts,SPOT ON Gayatri Comforts,Bangalore,Bangalore,Karnataka,,"Bangalore, Karnataka"
76743,Super OYO Flagship White House Regency,Super OYO Flagship White House Regency,Nagpur,Nagpur,Maharashtra,,"Nagpur, Maharashtra"
76930,OYO Prince Guest House,OYO Prince Guest House,Siliguri,Siliguri,West Bengal,,"Siliguri, West Bengal"
76978,OYO Hotel Pallavi Residency,OYO Hotel Pallavi Residency,Meerut,Meerut,Uttar Pradesh,,"Meerut, Uttar Pradesh"
77001,OYO Hotel Vip,OYO Hotel Vip,Kota,Kota,Rajasthan,,"Kota, Rajasthan"
77406,OYO Heritage Villa By Mng Rooms,OYO Heritage Villa By Mng Rooms,Kanpur,Kanpur,Uttar Pradesh,,"Kanpur, Uttar Pradesh"
77968,Collection O Stay Inn Luxury Service Apartments,Collection O Stay Inn Luxury Service Apartments,Kakinada,Kakinada,Andhra Pradesh,,"Kakinada, Andhra Pradesh"
78280,Super OYO Capital O Amit Palace,Super OYO Capital O Amit Palace,Bhilwara,Bhilwara,Rajasthan,,"Bhilwara, Rajasthan"
78335,OYO Shree Krishna Resort,OYO Shree Krishna Resort,Mathura,Mathura,Uttar Pradesh,,"Mathura, Uttar Pradesh"
78654,OYO Fantasy Stay,OYO Fantasy Stay Near City Centre Salt Lake,Kolkata,Kolkata,West Bengal,Near City Centre Salt Lake,"Near City Centre Salt Lake, Kolkata, West Bengal"
78700,Flagship 48782 Mmr Castle,Flagship 48782 Mmr Castle,Bangalore,Bangalore,Karnataka,,"Bangalore, Karnataka"
78723,Flagship Hotel Golden Leaf,Flagship Hotel Golden Leaf,Bilaspur,Bilaspur,Chhattisgarh,,"Bilaspur, Chhattisgarh"
78744,OYO Hotel Chitra,OYO Hotel Chitra,Alipurduar,Alipurduar,West Bengal,,"Alipurduar, West Bengal"
78745,SPOT ON Balaji Residency,SPOT ON Balaji Residency near Yeshwantupur Railway Station,Bangalore,Bangalore,Karnataka,near Yeshwantupur Railway Station,"near Yeshwantupur Railway Station, Bangalore, Karnataka"
78772,OYO Flagship Laxmi Residency,OYO Flagship Laxmi Residency,Karimnagar,Karimnagar,Telangana,,"Karimnagar, Telangana"
78957,Super OYO Capital O Gulmohar Marriage Garden,Super OYO Capital O Gulmohar Marriage Garden,Dhanbad,Dhanbad,Jharkhand,,"Dhanbad, Jharkhand"
79050,Capital O Aashiyana Home,Capital O Aashiyana Home,Dibrugarh,Dibrugarh,Assam,,"Dibrugarh, Assam"
79133,OYO Mrv Royal Suites,OYO Mrv Royal Suites,Bangalore,Bangalore,Karnataka,,"Bangalore, Karnataka"
79184,OYO Hotel Sai Heritage,OYO Hotel Sai Heritage,Bhubaneswar,Bhubaneswar,Odisha,,"Bhubaneswar, Odisha"
79186,OYO Flagship Hotel Digantika,OYO Flagship Hotel Digantika,Balugaon,Balugaon,Odisha,,"Balugaon, Odisha"
79251,Sunday Hotel Jaipur,Sunday Hotel Jaipur,Jaipur,Jaipur,Rajasthan,,"Jaipur, Rajasthan"
79328,Flagship Hotel Welcome Inn,Flagship Hotel Welcome Inn,Faridabad,Faridabad,Haryana,,"Faridabad, Haryana"
79337,OYO Blooming Beds,OYO Blooming Beds,Jaipur,Jaipur,Rajasthan,,"Jaipur, Rajasthan"
79436,Collection O NH 7 residency,Collection O NH 7 residency,Bangalore,Bangalore,Karnataka,,"Bangalore, Karnataka"
79479,3 BY OYO Nami Residency Ahmedabad,3 BY OYO Nami Residency Ahmedabad,Ahmedabad,Ahmedabad,Gujarat,,"Ahmedabad, Gujarat"
79689,SPOT ON Hotel Jeeva Residency,SPOT ON Hotel Jeeva Residency,Shirdi,Shirdi,Maharashtra,,"Shirdi, Maharashtra"
79763,Collection O 49608 Champion Prince,Collection O 49608 Champion Prince,Bangalore,Bangalore,Karnataka,,"Bangalore, Karnataka"
80001,Super OYO Hotel Shubham Inn,Super OYO Hotel Shubham Inn,Ahmedabad,Ahmedabad,Gujarat,,"Ahmedabad, Gujarat"
80132,OYO Hotel Shiv Shakti,OYO Hotel Shiv Shakti,Jaipur,Jaipur,Rajasthan,,"Jaipur, Rajasthan"
80155,OYO Pardeep Palace,OYO Pardeep Palace,Bhiwani,Bhiwani,Haryana,,"Bhiwani, Haryana"
80160,Super OYO Capital O Suloka Tower,Super OYO Capital O Suloka Tower,Coorg,Coorg,Karnataka,,"Coorg, Karnataka"
80232,Super OYO Capital O Hotel Green Tree,Super OYO Capital O Hotel Green Tree,Visakhapatnam,Visakhapatnam,Andhra Pradesh,,"Visakhapatnam, Andhra Pradesh"
80282,OYO Hill Grand Himalaya,OYO Hill Grand Himalaya,Darjeeling,Darjeeling,West Bengal,,"Darjeeling, West Bengal"
80292,OYO 49996 JJ Comforts,OYO 49996 JJ Comforts,Bangalore,Bangalore,Karnataka,,"Bangalore, Karnataka"
80499,SPOT ON Hotel Soni,SPOT ON Hotel Soni,Betul,Betul,Madhya Pradesh,,"Betul, Madhya Pradesh"
80542,OYO Flagship 60166 Hotel Jharana Regency,OYO Flagship 60166 Hotel Jharana Regency,Rourkela,Rourkela,Odisha,,"Rourkela, Odisha"
81043,OYO Flagship Hotel CeeRock,OYO Flagship Hotel CeeRock,Bhopal,Bhopal,Madhya Pradesh,,"Bhopal, Madhya Pradesh"
81135,SPOT ON Sreepadmini Ss Ayurmadam,SPOT ON Sreepadmini Ss Ayurmadam,Kollam,Kollam,Kerala,,"Kollam, Kerala"
81191,Flagship Dewa,Flagship Dewa Near Dabolim Airport,Goa,Goa,Goa,Near Dabolim Airport,"Near Dabolim Airport, Goa"
81315,Super OYO Collection O 60574 Tnr Residency,Super OYO Collection O 60574 Tnr Residency,Tirupati,Tirupati,Andhra Pradesh,,"Tirupati, Andhra Pradesh"
81347,OYO Flagship 60599 Kabir Residency,OYO Flagship 60599 Kabir Residency,Ahmedabad,Ahmedabad,Gujarat,,"Ahmedabad, Gujarat"
81407,OYO Ms9 Guest Inn,OYO Ms9 Guest Inn,Kurnool,Kurnool,Andhra Pradesh,,"Kurnool, Andhra Pradesh"
81413,COLLECTION O Four Fox Suits,COLLECTION O Four Fox Suits,Siliguri,Siliguri,West Bengal,,"Siliguri, West Bengal"
81501,SPOT ON Senaithalaivar Residency,SPOT ON Senaithalaivar Residency,Courtallam,Courtallam,Tamil Nadu,,"Courtallam, Tamil Nadu"
81510,OYO Flagship 60746 Kings Suites,OYO Flagship 60746 Kings Suites,Bangalore,Bangalore,Karnataka,,"Bangalore, Karnataka"
81579,Flagship Grand Plaza Highway,Flagship Grand Plaza Highway,Meerut,Meerut,Uttar Pradesh,,"Meerut, Uttar Pradesh"
81587,SPOT ON Shivalik View Stay,SPOT ON Shivalik View Stay,Dehradun,Dehradun,Uttarakhand,,"Dehradun, Uttarakhand"
81651,OYO Hotel Rk Inn,OYO Hotel Rk Inn,Ludhiana,Ludhiana,Punjab,,"Ludhiana, Punjab"
81652,OYO Hotel C K International,OYO Hotel C K International,Bodhgaya,Bodhgaya,Bihar,,"Bodhgaya, Bihar"
81665,OYO Sandhana Homestay,OYO Sandhana Homestay,Alipurduar,Alipurduar,West Bengal,,"Alipurduar, West Bengal"
81716,OYO Hotel Sai Lodging,OYO Hotel Sai Lodging,Nashik,Nashik,Maharashtra,,"Nashik, Maharashtra"
81794,Flagship Hotel Blue Diamond,Flagship Hotel Blue Diamond,Jaipur,Jaipur,Rajasthan,,"Jaipur, Rajasthan"
81827,SPOT ON Cherish Guest House,SPOT ON Cherish Guest House,Ranchi,Ranchi,Jharkhand,,"Ranchi, Jharkhand"
81886,SPOT ON Hotel Diamond,SPOT ON Hotel Diamond,Chandigarh,Chandigarh,Chandigarh,,Chandigarh
81965,Flagship Hotel Subheksha,Flagship Hotel Subheksha,Jamshedpur,Jamshedpur,Jharkhand,,"Jamshedpur, Jharkhand"
82023,Flagship Srikesh Residency,Flagship Srikesh Residency,Rajahmundry,Rajahmundry,Andhra Pradesh,,"Rajahmundry, Andhra Pradesh"
82096,Flagship Rd Home Stay,Flagship Rd Home Stay,Gangtok,Gangtok,Sikkim,,"Gangtok, Sikkim"
82110,Flagship Shree Ji Guest Inn,Flagship Shree Ji Guest Inn,Lucknow,Lucknow,Uttar Pradesh,,"Lucknow, Uttar Pradesh"
82138,SPOT ON Hotel Om Kanha,SPOT ON Hotel Om Kanha,Bilaspur,Bilaspur,Chhattisgarh,,"Bilaspur, Chhattisgarh"
82183,OYO Hotel Royal Orbit,OYO Hotel Royal Orbit Near Delhi Airport,Delhi_Transit,Delhi (Transit),Delhi,Near Delhi Airport,"Near Delhi Airport, Delhi (Transit), Delhi"
82215,Capital O Manyata Sterling,Capital O Manyata Sterling,Bangalore,Bangalore,Karnataka,,"Bangalore, Karnataka"
82291,Capital O The Paradise International,Capital O The Paradise International,Coimbatore,Coimbatore,Tamil Nadu,,"Coimbatore, Tamil Nadu"
82326,OYO Flagship 61373 Hotel Paradise,OYO Flagship 61373 Hotel Paradise,Chittorgarh,Chittorgarh,Rajasthan,,"Chittorgarh, Rajasthan"
82409,OYO Hotel Lazeeno,OYO Hotel Lazeeno,Faridabad,Faridabad,Haryana,,"Faridabad, Haryana"
82411,SPOT ON Sangam Relax Point,SPOT ON Sangam Relax Point,Mumbai,Mumbai,Maharashtra,,"Mumbai, Maharashtra"
82508,Capital O Hotel All Seasons,Capital O Hotel All Seasons,Jamshedpur,Jamshedpur,Jharkhand,,"Jamshedpur, Jharkhand"
82654,SPOT ON 61585 Patra Palace,SPOT ON 61585 Patra Palace,Puri,Puri,Odisha,,"Puri, Odisha"
82850,OYO Hotel Gd Palace,OYO Hotel Gd Palace,Jaipur,Jaipur,Rajasthan,,"Jaipur, Rajasthan"
82924,OYO Hotel Jignam,OYO Hotel Jignam,Gangtok,Gangtok,Sikkim,,"Gangtok, Sikkim"
82929,Capital O 61778 Annapurna Resort,Capital O 61778 Annapurna Resort,Puri,Puri,Odisha,,"Puri, Odisha"
83073,Flagship Jp Residency,Flagship Jp Residency,Chennai,Chennai,Tamil Nadu,,"Chennai, Tamil Nadu"
83185,Super OYO Padmavati Projects Pvt Ltd,Super OYO Padmavati Projects Pvt Ltd Near Netaji Subhash Chandra Bose International Airport,Kolkata,Kolkata,West Bengal,Near Netaji Subhash Chandra Bose International Airport,"Near Netaji Subhash Chandra Bose International Airport, Kolkata, West Bengal"
83276,SPOT ON Hotel The Raj Palace,SPOT ON Hotel The Raj Palace,Bongaigaon,Bongaigaon,Assam,,"Bongaigaon, Assam"
83296,OYO Hotel New Geetanjali,OYO Hotel New Geetanjali Near Gautam Buddha Park,Lucknow,Lucknow,Uttar Pradesh,Near Gautam Buddha Park,"Near Gautam Buddha Park, Lucknow, Uttar Pradesh"
83349,SPOT ON Sri Devi Residency,SPOT ON Sri Devi Residency,Kakinada,Kakinada,Andhra Pradesh,,"Kakinada, Andhra Pradesh"
83864,OYO GN Collection O,OYO GN Collection O Near Rajajinagar Industrial Estate,Bangalore,Bangalore,Karnataka,Near Rajajinagar Industrial Estate,"Near Rajajinagar Industrial Estate, Bangalore, Karnataka"
83896,OYO Flagship 62356 Golden Orchid,OYO Flagship 62356 Golden Orchid,Jorhat,Jorhat,Assam,,"Jorhat, Assam"
83909,Super OYO Capital O N R Residency,Super OYO Capital O N R Residency,Bangalore,Bangalore,Karnataka,,"Bangalore, Karnataka"
83949,Super OYO Collection O 62387 Emara Grand Hotel,Super OYO Collection O 62387 Emara Grand Hotel,Bangalore,Bangalore,Karnataka,,"Bangalore, Karnataka"
84020,SPOT ON Rajputana Homestay,SPOT ON Rajputana Homestay,Jaipur,Jaipur,Rajasthan,,"Jaipur, Rajasthan"
84095,OYO Hotel City Palace,OYO Hotel City Palace,Kanpur,Kanpur,Uttar Pradesh,,"Kanpur, Uttar Pradesh"
84378,OYO Adaaran Ocean Homes,OYO Adaaran Ocean Homes,Visakhapatnam,Visakhapatnam,Andhra Pradesh,,"Visakhapatnam, Andhra Pradesh"
84547,OYO Flagship 62709 The Bell Stay,OYO Flagship 62709 The Bell Stay,Bhilai,Bhilai,Chhattisgarh,,"Bhilai, Chhattisgarh"
84586,OYO Flagship 62745 Rushikonda Grand,OYO Flagship 62745 Rushikonda Grand,Visakhapatnam,Visakhapatnam,Andhra Pradesh,,"Visakhapatnam, Andhra Pradesh"
84715,OYO Shriram Residency,OYO Shriram Residency,Chennai,Chennai,Tamil Nadu,,"Chennai, Tamil Nadu"
84777,Flagship Hotel Royal Blue,Flagship Hotel Royal Blue,Jaipur,Jaipur,Rajasthan,,"Jaipur, Rajasthan"
84814,OYO The Royal International Hotel,OYO The Royal International Hotel,Bangalore,Bangalore,Karnataka,,"Bangalore, Karnataka"
84823,Super OYO Capital O Choice Regal Suites,Super OYO Capital O Choice Regal Suites Near Ragigudda Sri Prasanna Anjanayeswamy Temple,Bangalore,Bangalore,Karnataka,Near Ragigudda Sri Prasanna Anjanayeswamy Temple,"Near Ragigudda Sri Prasanna Anjanayeswamy Temple, Bangalore, Karnataka"
84863,Collection O Hotel Jade,Collection O Hotel Jade,Gangtok,Gangtok,Sikkim,,"Gangtok, Sikkim"
84931,Flagship Aruthraa Residency,Flagship Aruthraa Residency,Coimbatore,Coimbatore,Tamil Nadu,,"Coimbatore, Tamil Nadu"
84971,Flagship Hotel Lotus Inn,Flagship Hotel Lotus Inn,Aurangabad,Aurangabad,Maharashtra,,"Aurangabad, Maharashtra"
84977,OYO Yadav Hotel And Restaurant,OYO Yadav Hotel And Restaurant,Narnaul,Narnaul,Haryana,,"Narnaul, Haryana"
85075,OYO Ekansh Palace,OYO Ekansh Palace,Jaipur,Jaipur,Rajasthan,,"Jaipur, Rajasthan"
85477,OYO Deep Guest House,OYO Deep Guest House,Amritsar,Amritsar,Punjab,,"Amritsar, Punjab"
85724,SPOT ON 63610 The Amber,SPOT ON 63610 The Amber,Durgapur,Durgapur,West Bengal,,"Durgapur, West Bengal"
85780,SPOT ON Hotel Vintage ( Balaji Tower),SPOT ON Hotel Vintage ( Balaji Tower),Patiala,Patiala,Punjab,,"Patiala, Punjab"
85927,SPOT ON Valley Meadow,SPOT ON Valley Meadow,Srinagar,Srinagar,Jammu and Kashmir,,"Srinagar, Jammu and Kashmir"
85978,SPOT ON Vaasthu Inn,SPOT ON Vaasthu Inn,Visakhapatnam,Visakhapatnam,Andhra Pradesh,,"Visakhapatnam, Andhra Pradesh"
86348,SPOT ON Satyam Guest House,SPOT ON Satyam Guest House,Siliguri,Siliguri,West Bengal,,"Siliguri, West Bengal"
86429,OYO Flagship 64090 Hotel SPN,OYO Flagship 64090 Hotel SPN,Chennai,Chennai,Tamil Nadu,,"Chennai, Tamil Nadu"
86641,OYO Pratham Inn,OYO Pratham Inn Near Gomti Riverfront Park,Lucknow,Lucknow,Uttar Pradesh,Near Gomti Riverfront Park,"Near Gomti Riverfront Park, Lucknow, Uttar Pradesh"
86693,SPOT ON Silver Green,SPOT ON Silver Green Near Netaji Subhash Chandra Bose International Airport,Kolkata,Kolkata,West Bengal,Near Netaji Subhash Chandra Bose International Airport,"Near Netaji Subhash Chandra Bose International Airport, Kolkata, West Bengal"
86921,OYO Flagship 64297 Hotel Sai Leela,OYO Flagship 64297 Hotel Sai Leela,Nashik,Nashik,Maharashtra,,"Nashik, Maharashtra"
87274,Collection O Hotel Gulmohar,Collection O Hotel Gulmohar,Jaipur,Jaipur,Rajasthan,,"Jaipur, Rajasthan"
87537,SPOT ON 64602 Madhu Lodge,SPOT ON 64602 Madhu Lodge,Tirupati,Tirupati,Andhra Pradesh,,"Tirupati, Andhra Pradesh"
87629,OYO Sai Nivas,OYO Sai Nivas,Visakhapatnam,Visakhapatnam,Andhra Pradesh,,"Visakhapatnam, Andhra Pradesh"
87734,Collection O Red Paradise,Collection O Red Paradise,Zirakpur,Zirakpur,Punjab,,"Zirakpur, Punjab"
87858,OYO Flagship 64823 Hotel Royace Palace,OYO Flagship 64823 Hotel Royace Palace,Bhopal,Bhopal,Madhya Pradesh,,"Bhopal, Madhya Pradesh"
87876,Flagship Hotel Sunshine,Flagship Hotel Sunshine,Zirakpur,Zirakpur,Punjab,,"Zirakpur, Punjab"
87887,SPOT ON Shashi Prabha Palace,SPOT ON Shashi Prabha Palace,Deoghar,Deoghar,Jharkhand,,"Deoghar, Jharkhand"
87998,SPOT ON Durba 2,SPOT ON Durba 2,Tezpur,Tezpur,Assam,,"Tezpur, Assam"
88008,SPOT ON Silicon City Inn,SPOT ON Silicon City Inn,Varanasi,Varanasi,Uttar Pradesh,,"Varanasi, Uttar Pradesh"
88080,SPOT ON Sneha Home Stay,SPOT ON Sneha Home Stay,Dehradun,Dehradun,Uttarakhand,,"Dehradun, Uttarakhand"
88094,SPOT ON Hotel Jd Sons,SPOT ON Hotel Jd Sons,Nagpur,Nagpur,Maharashtra,,"Nagpur, Maharashtra"
88184,OYO The Orchid,OYO The Orchid,Jamshedpur,Jamshedpur,Jharkhand,,"Jamshedpur, Jharkhand"
88204,OYO Al Ameen Residency,OYO Al Ameen Residency,Kannur,Kannur,Kerala,,"Kannur, Kerala"
88217,OYO Flagship Virat Inn,OYO Flagship Virat Inn,Gwalior,Gwalior,Madhya Pradesh,,"Gwalior, Madhya Pradesh"
88235,Super OYO Capital O 65104 Che Sigma Hotel,Super OYO Capital O 65104 Che Sigma Hotel,Hyderabad,Hyderabad,Telangana,,"Hyderabad, Telangana"
88325,Capital O Hotel Shivam,Capital O Hotel Shivam,Vadodara,Vadodara,Gujarat,,"Vadodara, Gujarat"
88472,OYO Appas Residency,OYO Appas Residency,Wayanad,Wayanad,Kerala,,"Wayanad, Kerala"
88551,OYO Hotel Moon Valley,OYO Hotel Moon Valley,Faridabad,Faridabad,Haryana,,"Faridabad, Haryana"
88630,Capital O Sln Residency,Capital O Sln Residency,Bangalore,Bangalore,Karnataka,,"Bangalore, Karnataka"
88842,Super OYO Flagship Hotel Kd Inn,Super OYO Flagship Hotel Kd Inn,Amritsar,Amritsar,Punjab,,"Amritsar, Punjab"
88847,OYO Flagship 65547 Hotel The Geetika Palace,OYO Flagship 65547 Hotel The Geetika Palace,Ghaziabad,Ghaziabad,Uttar Pradesh,,"Ghaziabad, Uttar Pradesh"
88914,SPOT ON Yatra Inn,SPOT ON Yatra Inn Near Lalbagh Botanical Garden,Bangalore,Bangalore,Karnataka,Near Lalbagh Botanical Garden,"Near Lalbagh Botanical Garden, Bangalore, Karnataka"
88962,OYO Hotel New Raj Kamal,OYO Hotel New Raj Kamal,Aurangabad,Aurangabad,Maharashtra,,"Aurangabad, Maharashtra"
89012,OYO The Nandini's Guest House,OYO The Nandini's Guest House,Jaipur,Jaipur,Rajasthan,,"Jaipur, Rajasthan"
89313,SPOT ON Hotel Hi Tech,SPOT ON Hotel Hi Tech,Chandigarh,Chandigarh,Chandigarh,,Chandigarh
89336,Flagship Shagun Home,Flagship Shagun Home,Jaipur,Jaipur,Rajasthan,,"Jaipur, Rajasthan"
89412,Super OYO Collection O 65916 Companion Leisure Homes,Super OYO Collection O 65916 Companion Leisure Homes,Kovalam,Kovalam,Kerala,,"Kovalam, Kerala"
89461,OYO Flagship Hotel Arihant,OYO Flagship Hotel Arihant,Rajgir,Rajgir,Bihar,,"Rajgir, Bihar"
89488,OYO Hotel Expression,OYO Hotel Expression,Indore,Indore,Madhya Pradesh,,"Indore, Madhya Pradesh"
89491,OYO Flagship 65979 Shri Baijanath Dham Paying Gueust House,OYO Flagship 65979 Shri Baijanath Dham Paying Gueust House,Varanasi,Varanasi,Uttar Pradesh,,"Varanasi, Uttar Pradesh"
89594,OYO Hotel Supreet Inn,OYO Hotel Supreet Inn,Raipur,Raipur,Chhattisgarh,,"Raipur, Chhattisgarh"
89630,SPOT ON Nanki Palace,SPOT ON Nanki Palace,Ajmer,Ajmer,Rajasthan,,"Ajmer, Rajasthan"
89724,4 By OYO - Chandigarh,4 By OYO - Chandigarh,Chandigarh,Chandigarh,Chandigarh,,Chandigarh
89724,4 By OYO - Chandigarh,4 By OYO - Chandigarh,Zirakpur,Zirakpur,Punjab,,"Zirakpur, Punjab"
89747,Collection O Kuti Ghar Residency,Collection O Kuti Ghar Residency,Gangtok,Gangtok,Sikkim,,"Gangtok, Sikkim"
89848,Flagship Hotel Mayur,Flagship Hotel Mayur,Barpeta,Barpeta,Assam,,"Barpeta, Assam"
90005,OYO Kailash View Inn,OYO Kailash View Inn,Nainital,Nainital,Uttarakhand,,"Nainital, Uttarakhand"
90089,OYO Hotel Unique Inn,OYO Hotel Unique Inn,Dhule,Dhule,Maharashtra,,"Dhule, Maharashtra"
90376,Collection O 66492 Hotel Amaran,Collection O 66492 Hotel Amaran,Madurai,Madurai,Tamil Nadu,,"Madurai, Tamil Nadu"
90408,Super OYO Hotel Sky Garden,Super OYO Hotel Sky Garden,Ludhiana,Ludhiana,Punjab,,"Ludhiana, Punjab"
90474,Flagship Victoria Mansion Ashwem,Flagship Victoria Mansion Ashwem,Goa,Goa,Goa,,Goa
90554,Super OYO Collection O Hotel Park Inn,Super OYO Collection O Hotel Park Inn,Gangtok,Gangtok,Sikkim,,"Gangtok, Sikkim"
90679,Collection O 66622 The Grand Vardhaman,Collection O 66622 The Grand Vardhaman,Indore,Indore,Madhya Pradesh,,"Indore, Madhya Pradesh"
90886,Capital O Hotel Harriot,Capital O Hotel Harriot,Bhopal,Bhopal,Madhya Pradesh,,"Bhopal, Madhya Pradesh"
91235,SPOT ON Hotel Prince,SPOT ON Hotel Prince,Narnaul,Narnaul,Haryana,,"Narnaul, Haryana"
91309,Collection O 66979 Hotel Maanpreet,Collection O 66979 Hotel Maanpreet,Bhopal,Bhopal,Madhya Pradesh,,"Bhopal, Madhya Pradesh"
91327,OYO Taj Royal,OYO Taj Royal,Agra,Agra,Uttar Pradesh,,"Agra, Uttar Pradesh"
91331,J C Guest House,J C Guest House,Lucknow,Lucknow,Uttar Pradesh,,"Lucknow, Uttar Pradesh"
91332,Super OYO Am Grandd,Super OYO Am Grandd,Trichy,Trichy,Tamil Nadu,,"Trichy, Tamil Nadu"
91357,OYO Hotel Noryang,OYO Hotel Noryang,Gangtok,Gangtok,Sikkim,,"Gangtok, Sikkim"
91378,Flagship Grand Residency Ambattur,Flagship Grand Residency Ambattur,Chennai,Chennai,Tamil Nadu,,"Chennai, Tamil Nadu"
91418,OYO Flagship 67063 Roy Villa Resort,OYO Flagship 67063 Roy Villa Resort,Berhampore,Berhampore,West Bengal,,"Berhampore, West Bengal"
91430,OYO Ansh Residency,OYO Ansh Residency,Ghaziabad,Ghaziabad,Uttar Pradesh,,"Ghaziabad, Uttar Pradesh"
91652,OYO 12 Stayz,OYO 12 Stayz,Pondicherry,Pondicherry,Puducherry,,"Pondicherry, Puducherry"
91728,SPOT ON 67296 Hotel Kissan,SPOT ON 67296 Hotel Kissan,Jammu,Jammu,Jammu and Kashmir,,Jammu and Kashmir
91745,Super OYO Capital O Hotel Divira Inn,Super OYO Capital O Hotel Divira Inn,Dhanbad,Dhanbad,Jharkhand,,"Dhanbad, Jharkhand"
91749,Flagship Hotel Tuk Tuk Palace,Flagship Hotel Tuk Tuk Palace,Ranchi,Ranchi,Jharkhand,,"Ranchi, Jharkhand"
91782,Flagship Kusum Lodge,Flagship Kusum Lodge,Guwahati,Guwahati,Assam,,"Guwahati, Assam"
91788,OYO Pragati Inn,OYO Pragati Inn,Jaipur,Jaipur,Rajasthan,,"Jaipur, Rajasthan"
92094,Capital O Hotel Meera Palace,Capital O Hotel Meera Palace,Indore,Indore,Madhya Pradesh,,"Indore, Madhya Pradesh"
92107,Flagship Hotel Siljong,Flagship Hotel Siljong,Gangtok,Gangtok,Sikkim,,"Gangtok, Sikkim"
92110,SPOT ON Central Inn,SPOT ON Central Inn,Chennai,Chennai,Tamil Nadu,,"Chennai, Tamil Nadu"
92243,Capital O Gn Suites,Capital O Gn Suites Near OM SHAKTHI TEMPLE,Bangalore,Bangalore,Karnataka,Near OM SHAKTHI TEMPLE,"Near OM SHAKTHI TEMPLE, Bangalore, Karnataka"
92420,OYO Bgr Gardens,OYO Bgr Gardens,Tirupati,Tirupati,Andhra Pradesh,,"Tirupati, Andhra Pradesh"
92579,OYO Orange Residency,OYO Orange Residency,Bangalore,Bangalore,Karnataka,,"Bangalore, Karnataka"
92748,Collection O Pratik Inn,Collection O Pratik Inn,Lucknow,Lucknow,Uttar Pradesh,,"Lucknow, Uttar Pradesh"
92753,OYO Kalpataru Lodge,OYO Kalpataru Lodge,Mysore,Mysore,Karnataka,,"Mysore, Karnataka"
92757,OYO 67994 Om Sai Suites,OYO 67994 Om Sai Suites,Bangalore,Bangalore,Karnataka,,"Bangalore, Karnataka"
92792,OYO Hotel Jaya Palace,OYO Hotel Jaya Palace,Jaipur,Jaipur,Rajasthan,,"Jaipur, Rajasthan"
92829,Super OYO Roshan Villa,Super OYO Roshan Villa Near Immaculate Conception Church,Goa,Goa,Goa,Near Immaculate Conception Church,"Near Immaculate Conception Church, Goa"
92836,OYO Hotel Aastha,OYO Hotel Aastha Near Chaudhary Charan Singh International Airport,Lucknow,Lucknow,Uttar Pradesh,Near Chaudhary Charan Singh International Airport,"Near Chaudhary Charan Singh International Airport, Lucknow, Uttar Pradesh"
92939,OYO Red Velvet Siddhi Vinayak,OYO Red Velvet Siddhi Vinayak Near Netaji Subhash Chandra Bose International Airport,Kolkata,Kolkata,West Bengal,Near Netaji Subhash Chandra Bose International Airport,"Near Netaji Subhash Chandra Bose International Airport, Kolkata, West Bengal"
93308,SPOT ON 68319 Hotel Nakhralo Rajasthan Resort,SPOT ON 68319 Hotel Nakhralo Rajasthan Resort,Jaipur,Jaipur,Rajasthan,,"Jaipur, Rajasthan"
93319,SPOT ON Green Valley,SPOT ON Green Valley,Meerut,Meerut,Uttar Pradesh,,"Meerut, Uttar Pradesh"
93583,Capital O Parasol Inn,Capital O Parasol Inn,Gangtok,Gangtok,Sikkim,,"Gangtok, Sikkim"
93609,OYO Flagship 68453 Essential Residency,OYO Flagship 68453 Essential Residency Near Koyambedu Metro Station,Chennai,Chennai,Tamil Nadu,Near Koyambedu Metro Station,"Near Koyambedu Metro Station, Chennai, Tamil Nadu"
93728,SPOT ON Vijay Guest House,SPOT ON Vijay Guest House,Chennai,Chennai,Tamil Nadu,,"Chennai, Tamil Nadu"
94037,OYO Hindon Residency,OYO Hindon Residency,Ghaziabad,Ghaziabad,Uttar Pradesh,,"Ghaziabad, Uttar Pradesh"
94053,OYO Flagship 68712 Hotel Royal King,OYO Flagship 68712 Hotel Royal King,Faridabad,Faridabad,Haryana,,"Faridabad, Haryana"
94099,OYO Hotel Ramana Inn,OYO Hotel Ramana Inn Near Hare Krishna Hill,Bangalore,Bangalore,Karnataka,Near Hare Krishna Hill,"Near Hare Krishna Hill, Bangalore, Karnataka"
94120,Capital O Saloh Palace,Capital O Saloh Palace,Palampur,Palampur,Himachal Pradesh,,"Palampur, Himachal Pradesh"
94232,Flagship Hotel Sunrise,Flagship Hotel Sunrise,Lucknow,Lucknow,Uttar Pradesh,,"Lucknow, Uttar Pradesh"
94527,OYO 68974 Hotel Pratap Plaza,OYO 68974 Hotel Pratap Plaza,Bharatpur,Bharatpur,Rajasthan,,"Bharatpur, Rajasthan"
94584,OYO The New Golden Keys,OYO The New Golden Keys Near Kengeri Bus Terminal Metro Station,Bangalore,Bangalore,Karnataka,Near Kengeri Bus Terminal Metro Station,"Near Kengeri Bus Terminal Metro Station, Bangalore, Karnataka"
94599,SPOT ON Mannat Residency,SPOT ON Mannat Residency,Ghaziabad,Ghaziabad,Uttar Pradesh,,"Ghaziabad, Uttar Pradesh"
94656,Super OYO Jagmohan Hotel,Super OYO Jagmohan Hotel,Jodhpur,Jodhpur,Rajasthan,,"Jodhpur, Rajasthan"
94712,SPOT ON Indra Palace,SPOT ON Indra Palace,Lucknow,Lucknow,Uttar Pradesh,,"Lucknow, Uttar Pradesh"
94749,OYO Subham Residency,OYO Subham Residency,Bikaner,Bikaner,Rajasthan,,"Bikaner, Rajasthan"
94760,OYO Shri Krishna Guest House,OYO Shri Krishna Guest House,Haldwani,Haldwani,Uttarakhand,,"Haldwani, Uttarakhand"
95060,Capital O The Apple Tree,Capital O The Apple Tree,Guwahati,Guwahati,Assam,,"Guwahati, Assam"
95109,Flagship Ridhi Sidhi Regency,Flagship Ridhi Sidhi Regency,Jaipur,Jaipur,Rajasthan,,"Jaipur, Rajasthan"
95207,SPOT ON Hotel Nagpur,SPOT ON Hotel Nagpur,Nagpur,Nagpur,Maharashtra,,"Nagpur, Maharashtra"
95352,OYO Hotel Vimal Residency,OYO Hotel Vimal Residency,Lucknow,Lucknow,Uttar Pradesh,,"Lucknow, Uttar Pradesh"
95353,SPOT ON Saini Guest House,SPOT ON Saini Guest House,Roorkee,Roorkee,Uttarakhand,,"Roorkee, Uttarakhand"
95573,OYO Hotel City View,OYO Hotel City View,Chandigarh,Chandigarh,Chandigarh,,Chandigarh
95634,Super OYO Capital O 69624 Hotel Moments Inn,Super OYO Capital O 69624 Hotel Moments Inn,Amritsar,Amritsar,Punjab,,"Amritsar, Punjab"
95683,OYO Hotel Kalyug Palace,OYO Hotel Kalyug Palace,Bhopal,Bhopal,Madhya Pradesh,,"Bhopal, Madhya Pradesh"
95745,OYO Flagship 69694 Sagar Comforts,OYO Flagship 69694 Sagar Comforts,Bangalore,Bangalore,Karnataka,,"Bangalore, Karnataka"
95773,OYO Hotel Jumanji,OYO Hotel Jumanji,Bhilai,Bhilai,Chhattisgarh,,"Bhilai, Chhattisgarh"
95784,OYO The Dreams,OYO The Dreams,Indore,Indore,Madhya Pradesh,,"Indore, Madhya Pradesh"
95831,OYO Flagship 69755 Hotel Parktel,OYO Flagship 69755 Hotel Parktel,Ghaziabad,Ghaziabad,Uttar Pradesh,,"Ghaziabad, Uttar Pradesh"
95974,OYO Hotel Aryan,OYO Hotel Aryan,Buldhana,Buldhana,Maharashtra,,"Buldhana, Maharashtra"
96228,SPOT ON Dream Night Lodging And Boarding,SPOT ON Dream Night Lodging And Boarding,Mumbai,Mumbai,Maharashtra,,"Mumbai, Maharashtra"
96229,OYO Kalpana Residency Inn,OYO Kalpana Residency Inn,Siliguri,Siliguri,West Bengal,,"Siliguri, West Bengal"
96334,OYO 69930 Hotel Kanha Dham,OYO 69930 Hotel Kanha Dham,Kanpur,Kanpur,Uttar Pradesh,,"Kanpur, Uttar Pradesh"
96525,OYO The Heritage Palace,OYO The Heritage Palace,Sirsa,Sirsa,Haryana,,"Sirsa, Haryana"
96746,OYO Hotel Moon Tara,OYO Hotel Moon Tara,Faridabad,Faridabad,Haryana,,"Faridabad, Haryana"
96752,Capital O Victorian Comforts,Capital O Victorian Comforts Near Sri Someshwara Swami Temple,Bangalore,Bangalore,Karnataka,Near Sri Someshwara Swami Temple,"Near Sri Someshwara Swami Temple, Bangalore, Karnataka"
96799,Capital O Hotel Grand Palace Banquet,Capital O Hotel Grand Palace Banquet,Siliguri,Siliguri,West Bengal,,"Siliguri, West Bengal"
96824,OYO Hotel Sai Kripa,OYO Hotel Sai Kripa,Jaipur,Jaipur,Rajasthan,,"Jaipur, Rajasthan"
96869,OYO Kartik House,OYO Kartik House Near Delhi Airport,Delhi_Transit,Delhi (Transit),Delhi,Near Delhi Airport,"Near Delhi Airport, Delhi (Transit), Delhi"
97060,OYO Hotel Chandra,OYO Hotel Chandra,Lucknow,Lucknow,Uttar Pradesh,,"Lucknow, Uttar Pradesh"
97062,Collection O 70296 Hotel Sarover,Collection O 70296 Hotel Sarover,Kota,Kota,Rajasthan,,"Kota, Rajasthan"
97063,Super OYO Hotel Sheela,Super OYO Hotel Sheela,Rohtak,Rohtak,Haryana,,"Rohtak, Haryana"
97175,OYO Supriya Lodge,OYO Supriya Lodge,Hassan,Hassan,Karnataka,,"Hassan, Karnataka"
97474,SPOT ON Hotel Tarutat,SPOT ON Hotel Tarutat,Tajpur,Tajpur,West Bengal,,"Tajpur, West Bengal"
97480,OYO Sabtera Homes,OYO Sabtera Homes,Kharar,Kharar,Punjab,,"Kharar, Punjab"
97577,OYO Rj Tower,OYO Rj Tower,Madurai,Madurai,Tamil Nadu,,"Madurai, Tamil Nadu"
97665,Capital O Hotel Sobo Central,Capital O Hotel Sobo Central,Srinagar,Srinagar,Jammu and Kashmir,,"Srinagar, Jammu and Kashmir"
97917,OYO Flagship 70693 Mohan service Apartment,OYO Flagship 70693 Mohan service Apartment,Chennai,Chennai,Tamil Nadu,,"Chennai, Tamil Nadu"
98138,OYO Paradise In,OYO Paradise In,Roorkee,Roorkee,Uttarakhand,,"Roorkee, Uttarakhand"
98145,OYO Castle Komal,OYO Castle Komal,Jaipur,Jaipur,Rajasthan,,"Jaipur, Rajasthan"
98283,SPOT ON Hotel Red Tomato,SPOT ON Hotel Red Tomato,Jaipur,Jaipur,Rajasthan,,"Jaipur, Rajasthan"
98364,Super OYO Flagship Pallavi Nilayam,Super OYO Flagship Pallavi Nilayam,Bangalore,Bangalore,Karnataka,,"Bangalore, Karnataka"
98365,OYO Flagship Hotel Mps Residential Tower,OYO Flagship Hotel Mps Residential Tower,Tiruppur,Tiruppur,Tamil Nadu,,"Tiruppur, Tamil Nadu"
98467,OYO King Rooma Group Of Hotels,OYO King Rooma Group Of Hotels,Srinagar,Srinagar,Jammu and Kashmir,,"Srinagar, Jammu and Kashmir"
98529,Super OYO Capital O Hotel Aditya Grand,Super OYO Capital O Hotel Aditya Grand Near Phoenix United Lucknow,Lucknow,Lucknow,Uttar Pradesh,Near Phoenix United Lucknow,"Near Phoenix United Lucknow, Uttar Pradesh"
98589,Capital O 70991 Prime Square,Capital O 70991 Prime Square,Bangalore,Bangalore,Karnataka,,"Bangalore, Karnataka"
98617,OYO Hotel Safari Inn,OYO Hotel Safari Inn,Ahmedabad,Ahmedabad,Gujarat,,"Ahmedabad, Gujarat"
98647,OYO Sri Singampalli Residency,OYO Sri Singampalli Residency,Visakhapatnam,Visakhapatnam,Andhra Pradesh,,"Visakhapatnam, Andhra Pradesh"
98737,Liberty Apartments,Liberty Apartments,Kannur,Kannur,Kerala,,"Kannur, Kerala"
98796,OYO 71106 A K Regency,OYO 71106 A K Regency,Amritsar,Amritsar,Punjab,,"Amritsar, Punjab"
98894,OYO Flagship 71156 Hotel Jaybee's,OYO Flagship 71156 Hotel Jaybee's,Dibrugarh,Dibrugarh,Assam,,"Dibrugarh, Assam"
99016,OYO Flagship 71214 Hotel Welcome Inn,OYO Flagship 71214 Hotel Welcome Inn,Ludhiana,Ludhiana,Punjab,,"Ludhiana, Punjab"
99246,Collection O 71347 Hotel Shubhshree,Collection O 71347 Hotel Shubhshree,Indore,Indore,Madhya Pradesh,,"Indore, Madhya Pradesh"
99355,Capital O Hotel Viom,Capital O Hotel Viom,Meerut,Meerut,Uttar Pradesh,,"Meerut, Uttar Pradesh"
99434,SPOT ON Apple Tree Cottage,SPOT ON Apple Tree Cottage,Palani,Palani,Tamil Nadu,,"Palani, Tamil Nadu"
99650,OYO Flagship 71491 Hotel Ganesham,OYO Flagship 71491 Hotel Ganesham,Jaipur,Jaipur,Rajasthan,,"Jaipur, Rajasthan"
99796,OYO Om Sakthi Hotel,OYO Om Sakthi Hotel,Pondicherry,Pondicherry,Puducherry,,"Pondicherry, Puducherry"
99884,OYO Hotel Silver House,OYO Hotel Silver House Near Mantri Square Mall,Bangalore,Bangalore,Karnataka,Near Mantri Square Mall,"Near Mantri Square Mall, Bangalore, Karnataka"
99937,SPOT ON Srinivasa Residency,SPOT ON Srinivasa Residency,Tirupati,Tirupati,Andhra Pradesh,,"Tirupati, Andhra Pradesh"
99953,Super OYO Capital O Sai Arya Residency,Super OYO Capital O Sai Arya Residency,Mangalore,Mangalore,Karnataka,,"Mangalore, Karnataka"
100162,OYO Hotel Fiesta Grand,OYO Hotel Fiesta Grand,Bangalore,Bangalore,Karnataka,,"Bangalore, Karnataka"
100251,Flagship Hotel Palki Palace,Flagship Hotel Palki Palace Near Netaji Subhash Chandra Bose International Airport,Kolkata,Kolkata,West Bengal,Near Netaji Subhash Chandra Bose International Airport,"Near Netaji Subhash Chandra Bose International Airport, Kolkata, West Bengal"
100255,OYO V International,OYO V International,Amritsar,Amritsar,Punjab,,"Amritsar, Punjab"
100265,Collection O Hotel Kyra,Collection O Hotel Kyra,Ahmedabad,Ahmedabad,Gujarat,,"Ahmedabad, Gujarat"
100369,OYO The Red Velvet,OYO The Red Velvet,Bangalore,Bangalore,Karnataka,,"Bangalore, Karnataka"
100417,Super OYO Hotel King Villa's,Super OYO Hotel King Villa's,Ludhiana,Ludhiana,Punjab,,"Ludhiana, Punjab"
100541,Super OYO Flagship Red Stone,Super OYO Flagship Red Stone Near Netaji Subhash Chandra Bose International Airport,Kolkata,Kolkata,West Bengal,Near Netaji Subhash Chandra Bose International Airport,"Near Netaji Subhash Chandra Bose International Airport, Kolkata, West Bengal"
100570,Super OYO Royal Guest House,Super OYO Royal Guest House,Ludhiana,Ludhiana,Punjab,,"Ludhiana, Punjab"
100639,OYO Hotel Krishna,OYO Hotel Krishna,Faridabad,Faridabad,Haryana,,"Faridabad, Haryana"
100646,OYO Hotel Star Ldh,OYO Hotel Star Ldh,Ludhiana,Ludhiana,Punjab,,"Ludhiana, Punjab"
100762,OYO 72156 Akshaya Inn,OYO 72156 Akshaya Inn,Vijayawada,Vijayawada,Andhra Pradesh,,"Vijayawada, Andhra Pradesh"
100811,OYO Hotel The Vidya Grand,OYO Hotel The Vidya Grand,Rudrapur,Rudrapur,Uttarakhand,,"Rudrapur, Uttarakhand"
100919,OYO Townhouse 1060 G SILVER HOTELS,OYO Townhouse 1060 G SILVER HOTELS NEAR US EMBASSY,Chennai,Chennai,Tamil Nadu,NEAR US EMBASSY,"NEAR US EMBASSY, Chennai, Tamil Nadu"
100930,Flagship Hotel N. N. Residency,Flagship Hotel N. N. Residency,Sibsagar,Sibsagar,Assam,,"Sibsagar, Assam"
100969,Super OYO Capital O 72282 Yours Pacific,Super OYO Capital O 72282 Yours Pacific,Dehradun,Dehradun,Uttarakhand,,"Dehradun, Uttarakhand"
100993,OYO Aradhya Regency,OYO Aradhya Regency,Puri,Puri,Odisha,,"Puri, Odisha"
101021,Super OYO Flagship 72309 Hotel City Inn,Super OYO Flagship 72309 Hotel City Inn,Roorkee,Roorkee,Uttarakhand,,"Roorkee, Uttarakhand"
101073,OYO Perky Stay,OYO Perky Stay,Faridabad,Faridabad,Haryana,,"Faridabad, Haryana"
101124,Capital O Hotel Jd3 International,Capital O Hotel Jd3 International,Bhopal,Bhopal,Madhya Pradesh,,"Bhopal, Madhya Pradesh"
101132,SPOT ON Krishna Market And Lodge,SPOT ON Krishna Market And Lodge,Jabalpur,Jabalpur,Madhya Pradesh,,"Jabalpur, Madhya Pradesh"
101330,Collection O Kerria Retreat,Collection O Kerria Retreat,Darjeeling,Darjeeling,West Bengal,,"Darjeeling, West Bengal"
101479,Capital O Pv Residency,Capital O Pv Residency Near Nagasandra Metro Station,Bangalore,Bangalore,Karnataka,Near Nagasandra Metro Station,"Near Nagasandra Metro Station, Bangalore, Karnataka"
101824,Super OYO Hotel Priyal Amrit Sagar,Super OYO Hotel Priyal Amrit Sagar,Rourkela,Rourkela,Odisha,,"Rourkela, Odisha"
102087,Super OYO Hotel Sarovar,Super OYO Hotel Sarovar,Kurukshetra,Kurukshetra,Haryana,,"Kurukshetra, Haryana"
102202,OYO Pine Tree,OYO Pine Tree,Mussoorie,Mussoorie,Uttarakhand,,"Mussoorie, Uttarakhand"
102380,OYO Flagship 73043 Alpha Inn,OYO Flagship 73043 Alpha Inn,Lucknow,Lucknow,Uttar Pradesh,,"Lucknow, Uttar Pradesh"
102633,OYO Hotel Shivam,OYO Hotel Shivam,Faridabad,Faridabad,Haryana,,"Faridabad, Haryana"
103109,Super OYO Capital O Hotel Divine,Super OYO Capital O Hotel Divine,Amritsar,Amritsar,Punjab,,"Amritsar, Punjab"
103138,Super OYO Hotel Olive,Super OYO Hotel Olive,Rohtak,Rohtak,Haryana,,"Rohtak, Haryana"
103220,OYO Flagship 73467 The Rudraksh Inn,OYO Flagship 73467 The Rudraksh Inn,Indore,Indore,Madhya Pradesh,,"Indore, Madhya Pradesh"
103244,SPOT ON Sri Srinivasa Lodge,SPOT ON Sri Srinivasa Lodge,Visakhapatnam,Visakhapatnam,Andhra Pradesh,,"Visakhapatnam, Andhra Pradesh"
103354,Collection O 73565 J J Global Exotics Stays,Collection O 73565 J J Global Exotics Stays,Bangalore,Bangalore,Karnataka,,"Bangalore, Karnataka"
103428,SPOT ON Srinivasa Boarding And Lodging,SPOT ON Srinivasa Boarding And Lodging Near Vijayanagar Metro Station,Bangalore,Bangalore,Karnataka,Near Vijayanagar Metro Station,"Near Vijayanagar Metro Station, Bangalore, Karnataka"
103471,SPOT ON Hotel Gajraj,SPOT ON Hotel Gajraj,Guwahati,Guwahati,Assam,,"Guwahati, Assam"
103503,SPOT ON Shree Radha Guest House,SPOT ON Shree Radha Guest House,Jhansi,Jhansi,Uttar Pradesh,,"Jhansi, Uttar Pradesh"
103622,OYO Flagship 73753 Hotel Park View,OYO Flagship 73753 Hotel Park View,Meerut,Meerut,Uttar Pradesh,,"Meerut, Uttar Pradesh"
103655,OYO Hotel Pravin Executive,OYO Hotel Pravin Executive,Latur,Latur,Maharashtra,,"Latur, Maharashtra"
103675,OYO Karthikeya Pride,OYO Karthikeya Pride,Vijayawada,Vijayawada,Andhra Pradesh,,"Vijayawada, Andhra Pradesh"
103744,OYO Green Park,OYO Green Park,Vellore,Vellore,Tamil Nadu,,"Vellore, Tamil Nadu"
103794,Capital O N R Comforts,Capital O N R Comforts Near Nexus Mall Koramangala,Bangalore,Bangalore,Karnataka,Near Nexus Mall Koramangala,"Near Nexus Mall Koramangala, Bangalore, Karnataka"
103868,Collection O 73880 Ragsys Hotels,Collection O 73880 Ragsys Hotels,Coorg,Coorg,Karnataka,,"Coorg, Karnataka"
103871,OYO 73882 Supreme Beach Resort,OYO 73882 Supreme Beach Resort,Alappuzha,Alappuzha,Kerala,,"Alappuzha, Kerala"
103950,Super OYO Townhouse 231 Golden Avenue Road,Super OYO Townhouse 231 Golden Avenue Road,Amritsar,Amritsar,Punjab,,"Amritsar, Punjab"
103959,Super OYO Townhouse 139 Ashiyana Smriti Upvan,Super OYO Townhouse 139 Ashiyana Smriti Upvan Near Phoenix United Lucknow,Lucknow,Lucknow,Uttar Pradesh,Near Phoenix United Lucknow,"Near Phoenix United Lucknow, Uttar Pradesh"
103966,Flagship Orient Royale Nagpur,Flagship Orient Royale Nagpur,Nagpur,Nagpur,Maharashtra,,"Nagpur, Maharashtra"
103975,Flagship Poonam Palace,Flagship Poonam Palace,Ahmedabad,Ahmedabad,Gujarat,,"Ahmedabad, Gujarat"
103978,Super OYO Collection O 73977 Malleswaram,Super OYO Collection O 73977 Malleswaram,Bangalore,Bangalore,Karnataka,,"Bangalore, Karnataka"
104030,OYO Townhouse 590 Sector 66 Noida,OYO Townhouse 590 Sector 66 Noida Near Noida Sector 51 Metro Station,Noida,Noida,Uttar Pradesh,Near Noida Sector 51 Metro Station,"Near Noida Sector 51 Metro Station, Uttar Pradesh"
104076,Collection O One8 Wave Mall,Collection O One8 Wave Mall Near Gomti Riverfront Park,Lucknow,Lucknow,Uttar Pradesh,Near Gomti Riverfront Park,"Near Gomti Riverfront Park, Lucknow, Uttar Pradesh"
104095,OYO Hotel Cozy Cave,OYO Hotel Cozy Cave,Delhi_Transit,Delhi (Transit),Delhi,"Near IGI Airport, Mahipalpur","Near IGI Airport, Mahipalpur, Delhi"
104120,Super OYO Townhouse 273 Hosur Main Road Bommanahalli,Super OYO Townhouse 273 Hosur Main Road Bommanahalli Near Gopalan Innovation Mall,Bangalore,Bangalore,Karnataka,Near Gopalan Innovation Mall,"Near Gopalan Innovation Mall, Bangalore, Karnataka"
104170,Collection O 74145 Hotel Prince Residency,Collection O 74145 Hotel Prince Residency,Mumbai,Mumbai,Maharashtra,,"Mumbai, Maharashtra"
104193,Flagship Prafulla Devi Guest House,Flagship Prafulla Devi Guest House Near Rajarhat,Kolkata,Kolkata,West Bengal,Near Rajarhat,"Near Rajarhat, Kolkata, West Bengal"
104212,Super OYO Townhouse OAK Hind Palace,Super OYO Townhouse OAK Hind Palace Near Gomti Riverfront Park,Lucknow,Lucknow,Uttar Pradesh,Near Gomti Riverfront Park,"Near Gomti Riverfront Park, Lucknow, Uttar Pradesh"
104228,Super OYO Townhouse 403 Veridian,Super OYO Townhouse 403 Veridian,Lucknow,Lucknow,Uttar Pradesh,,"Lucknow, Uttar Pradesh"
104243,Super OYO Collection O Oth Sri7 Inn,Super OYO Collection O Oth Sri7 Inn,Anantapur,Anantapur,Andhra Pradesh,,"Anantapur, Andhra Pradesh"
104248,Super OYO Silverkey Executive Stays Yelahanka New Town,Super OYO Silverkey Executive Stays Yelahanka New Town,Bangalore,Bangalore,Karnataka,,"Bangalore, Karnataka"
104250,OYO SilverKey Guest House,OYO SilverKey Guest House Near Lulu Mall,Lucknow,Lucknow,Uttar Pradesh,Near Lulu Mall,"Near Lulu Mall, Lucknow, Uttar Pradesh"
104253,Collection O Dsp Hotels,Collection O Dsp Hotels,Mumbai,Mumbai,Maharashtra,,"Mumbai, Maharashtra"
104254,Super OYO Collection O Meera International,Super OYO Collection O Meera International,Asansol,Asansol,West Bengal,,"Asansol, West Bengal"
104263,Flagship Hotel Madhurapuri,Flagship Hotel Madhurapuri,Calicut,Calicut,Kerala,,"Calicut, Kerala"
104280,Super OYO Flagship Town & Country Inn,Super OYO Flagship Town & Country Inn,Guwahati,Guwahati,Assam,,"Guwahati, Assam"
104306,OYO Sai Guest House,OYO Sai Guest House,Lucknow,Lucknow,Uttar Pradesh,,"Lucknow, Uttar Pradesh"
104307,OYO Townhouse 291 Siddharth Vihar Ghaziabad,OYO Townhouse 291 Siddharth Vihar Ghaziabad,Ghaziabad,Ghaziabad,Uttar Pradesh,,"Ghaziabad, Uttar Pradesh"
104315,Flagship Hotel Maruthi Gandhi Park,Flagship Hotel Maruthi Gandhi Park,Coimbatore,Coimbatore,Tamil Nadu,,"Coimbatore, Tamil Nadu"
104357,OYO Townhouse 143 Hotel Royal Garden,OYO Townhouse 143 Hotel Royal Garden Near park Street Mullick bazar crossing,Kolkata,Kolkata,West Bengal,Near park Street Mullick bazar crossing,"Near park Street Mullick bazar crossing, Kolkata, West Bengal"
104363,OYO Townhouse 702 Kachnar House Vikas Nagar,OYO Townhouse 702 Kachnar House Vikas Nagar,Lucknow,Lucknow,Uttar Pradesh,,"Lucknow, Uttar Pradesh"
104372,OYO Townhouse 229 Hotel Mannat International,OYO Townhouse 229 Hotel Mannat International Near Science City Topsia Biswa Bangla Mela Prangan,Kolkata,Kolkata,West Bengal,Near Science City Topsia Biswa Bangla Mela Prangan,"Near Science City Topsia Biswa Bangla Mela Prangan, Kolkata, West Bengal"
104373,Super OYO Kings Suites,Super OYO Kings Suites Near ITC Factory,Bangalore,Bangalore,Karnataka,Near ITC Factory,"Near ITC Factory, Bangalore, Karnataka"
104378,Super OYO Townhouse 142 Vadapalani,Super OYO Townhouse 142 Vadapalani,Chennai,Chennai,Tamil Nadu,,"Chennai, Tamil Nadu"
104381,SPOT ON Chandra's Residence,SPOT ON Chandra's Residence,Dehradun,Dehradun,Uttarakhand,,"Dehradun, Uttarakhand"
104385,OYO Hotel Dwarika Palace,OYO Hotel Dwarika Palace,Jaipur,Jaipur,Rajasthan,,"Jaipur, Rajasthan"
104401,Super OYO Townhouse Boutique Design 363 Sarjapur,Super OYO Townhouse Boutique Design 363 Sarjapur Near 7D Voyage,Bangalore,Bangalore,Karnataka,Near 7D Voyage,"Near 7D Voyage, Bangalore, Karnataka"
104404,OYO Hotel Dash,OYO Hotel Dash,Vadodara,Vadodara,Gujarat,,"Vadodara, Gujarat"
104440,CAPITAL O74359 Hotel Mukut Mahal,CAPITAL O74359 Hotel Mukut Mahal,Meerut,Meerut,Uttar Pradesh,,"Meerut, Uttar Pradesh"
104480,Super OYO Townhouse 385 Navya International Ramamurthy Nagar,Super OYO Townhouse 385 Navya International Ramamurthy Nagar Near Phoenix Marketcity,Bangalore,Bangalore,Karnataka,Near Phoenix Marketcity,"Near Phoenix Marketcity, Bangalore, Karnataka"
104483,OYO Townhouse 165 Netaji Road,OYO Townhouse 165 Netaji Road,Ahmedabad,Ahmedabad,Gujarat,,"Ahmedabad, Gujarat"
104515,Flagship Crystal It Park,Flagship Crystal It Park,Indore,Indore,Madhya Pradesh,,"Indore, Madhya Pradesh"
104516,Super OYO Townhouse106AirportRoad,Super OYO Townhouse106AirportRoad,Bangalore,Bangalore,Karnataka,,"Bangalore, Karnataka"
104537,Super OYO Collection O Hotel Simran Raghuveer Para,Super OYO Collection O Hotel Simran Raghuveer Para,Rajkot,Rajkot,Gujarat,,"Rajkot, Gujarat"
104547,Super OYO Townhouse 526 Ranipur Mor,Super OYO Townhouse 526 Ranipur Mor,Haridwar,Haridwar,Uttarakhand,,"Haridwar, Uttarakhand"
104568,Super OYO Townhouse 931 Hotel Benchmark Vijay Nagar,Super OYO Townhouse 931 Hotel Benchmark Vijay Nagar,Indore,Indore,Madhya Pradesh,,"Indore, Madhya Pradesh"
104589,Super OYO Townhouse 036 C Scheme Ahinsa Circle,Super OYO Townhouse 036 C Scheme Ahinsa Circle,Jaipur,Jaipur,Rajasthan,,"Jaipur, Rajasthan"
104597,OYO Townhouse 646 Aroma Residency,OYO Townhouse 646 Aroma Residency,Jaipur,Jaipur,Rajasthan,,"Jaipur, Rajasthan"
104598,OYO Townhouse 012 Kaushambi Metro Ghaziabad,OYO Townhouse 012 Kaushambi Metro Ghaziabad,Ghaziabad,Ghaziabad,Uttar Pradesh,,"Ghaziabad, Uttar Pradesh"
104617,Super OYO Townhouse 199 Singapore Mall,Super OYO Townhouse 199 Singapore Mall,Lucknow,Lucknow,Uttar Pradesh,,"Lucknow, Uttar Pradesh"
104618,Super OYO Collection O Govind Marg,Super OYO Collection O Govind Marg,Jaipur,Jaipur,Rajasthan,,"Jaipur, Rajasthan"
104621,OYO Flagship 74485 Sakthi Grand,OYO Flagship 74485 Sakthi Grand,Erode,Erode,Tamil Nadu,,"Erode, Tamil Nadu"
104623,Super OYO Townhouse 237,Super OYO Townhouse 237 Near Pallavaram - Thoraipakkam Road,Chennai,Chennai,Tamil Nadu,Near Pallavaram - Thoraipakkam Road,"Near Pallavaram - Thoraipakkam Road, Chennai, Tamil Nadu"
104625,Flagship Akshaya Heights,Flagship Akshaya Heights,Vijayawada,Vijayawada,Andhra Pradesh,,"Vijayawada, Andhra Pradesh"
104639,Super OYO Townhouse 1198 Vijaynagar,Super OYO Townhouse 1198 Vijaynagar,Indore,Indore,Madhya Pradesh,,"Indore, Madhya Pradesh"
104651,Super OYO Townhouse 056 T Nagar Chennai,Super OYO Townhouse 056 T Nagar Chennai Near AGS Cinemas T Nagar,Chennai,Chennai,Tamil Nadu,Near AGS Cinemas T Nagar,"Near AGS Cinemas T Nagar, Chennai, Tamil Nadu"
104665,Collection O Signature Inn,Collection O Signature Inn,Jaipur,Jaipur,Rajasthan,,"Jaipur, Rajasthan"
104712,OYO Aqua Inn,OYO Aqua Inn Near Omaxe Celebration Mall,Gurgaon,Gurgaon,Haryana,Near Omaxe Celebration Mall,"Near Omaxe Celebration Mall, Gurgaon, Haryana"
104760,Collection O Sr Inn Awas Vikas,Collection O Sr Inn Awas Vikas,Kanpur,Kanpur,Uttar Pradesh,,"Kanpur, Uttar Pradesh"
104770,SPOT ON HR Residency,SPOT ON HR Residency,Ghaziabad,Ghaziabad,Uttar Pradesh,,"Ghaziabad, Uttar Pradesh"
104782,SPOT ON Hotel Radhika Palace,SPOT ON Hotel Radhika Palace,Jaipur,Jaipur,Rajasthan,,"Jaipur, Rajasthan"
104818,OYO Hotel Rajmandir,OYO Hotel Rajmandir,Surat,Surat,Gujarat,,"Surat, Gujarat"
104823,Super OYO Collection O Sonica Gold Civil Lines,Super OYO Collection O Sonica Gold Civil Lines,Prayagraj,Prayagraj,Uttar Pradesh,,"Prayagraj, Uttar Pradesh"
104841,OYO Flagship 74663 The Sapphire Inn,OYO Flagship 74663 The Sapphire Inn,Ghaziabad,Ghaziabad,Uttar Pradesh,,"Ghaziabad, Uttar Pradesh"
104865,Super OYO Collection O Insight Inn,Super OYO Collection O Insight Inn Near Gomti Riverfront Park,Lucknow,Lucknow,Uttar Pradesh,Near Gomti Riverfront Park,"Near Gomti Riverfront Park, Lucknow, Uttar Pradesh"
104869,Super OYO Collection O Compact Green View,Super OYO Collection O Compact Green View Near Nexus Mall Koramangala,Bangalore,Bangalore,Karnataka,Near Nexus Mall Koramangala,"Near Nexus Mall Koramangala, Bangalore, Karnataka"
104872,Capital O Kizhakkambalam Tourist Home,Capital O Kizhakkambalam Tourist Home,Kochi,Kochi,Kerala,,"Kochi, Kerala"
104883,Capital O Hotel Shree Galaxy,Capital O Hotel Shree Galaxy,Kanpur,Kanpur,Uttar Pradesh,,"Kanpur, Uttar Pradesh"
104902,OYO Inderpuri Guest House,OYO Inderpuri Guest House,Amritsar,Amritsar,Punjab,,"Amritsar, Punjab"
104977,Super OYO Townhouse 183 Function Inn,Super OYO Townhouse 183 Function Inn Near Chaudhary Charan Singh International Airport,Lucknow,Lucknow,Uttar Pradesh,Near Chaudhary Charan Singh International Airport,"Near Chaudhary Charan Singh International Airport, Lucknow, Uttar Pradesh"
105043,OYO Townhouse 078 DODDA BANASWADI,OYO Townhouse 078 DODDA BANASWADI,Bangalore,Bangalore,Karnataka,,"Bangalore, Karnataka"
105066,Collection O Marhaba Govindapuram,Collection O Marhaba Govindapuram,Calicut,Calicut,Kerala,,"Calicut, Kerala"
105069,Super OYO Collection O Swarna Banquet Bhu Rd,Super OYO Collection O Swarna Banquet Bhu Rd,Varanasi,Varanasi,Uttar Pradesh,,"Varanasi, Uttar Pradesh"
105118,Super OYO Townhouse 132 Hotel The Grand,Super OYO Townhouse 132 Hotel The Grand,Jaipur,Jaipur,Rajasthan,,"Jaipur, Rajasthan"
105201,Collection O Tara Patel,Collection O Tara Patel,Ghaziabad,Ghaziabad,Uttar Pradesh,,"Ghaziabad, Uttar Pradesh"
105216,Super OYO Townhouse 217 The Awadh Airport,Super OYO Townhouse 217 The Awadh Airport Near Chaudhary Charan Singh International Airport,Lucknow,Lucknow,Uttar Pradesh,Near Chaudhary Charan Singh International Airport,"Near Chaudhary Charan Singh International Airport, Lucknow, Uttar Pradesh"
105222,OYO Townhouse Boutique Hotel 242 Sarjapur Road,OYO Townhouse Boutique Hotel 242 Sarjapur Road,Bangalore,Bangalore,Karnataka,,"Bangalore, Karnataka"
105224,SPOT ON Hotel Vijaya,SPOT ON Hotel Vijaya,Cuttack,Cuttack,Odisha,,"Cuttack, Odisha"
105230,OYO Townhouse 376 Lords Inn Regency,OYO Townhouse 376 Lords Inn Regency,Indore,Indore,Madhya Pradesh,,"Indore, Madhya Pradesh"
105255,Super OYO Townhouse 152 Hotel Suncitel Airport,Super OYO Townhouse 152 Hotel Suncitel Airport Near Netaji Subhash Chandra Bose International Airport,Kolkata,Kolkata,West Bengal,Near Netaji Subhash Chandra Bose International Airport,"Near Netaji Subhash Chandra Bose International Airport, Kolkata, West Bengal"
105258,OYO Townhouse 160 Sector 1 Vaishali,OYO Townhouse 160 Sector 1 Vaishali,Ghaziabad,Ghaziabad,Uttar Pradesh,,"Ghaziabad, Uttar Pradesh"
105262,Collection O The Blu Bell Nizarapar Path,Collection O The Blu Bell Nizarapar Path,Guwahati,Guwahati,Assam,,"Guwahati, Assam"
105290,Flagship Jsb Hotel,Flagship Jsb Hotel,Faridabad,Faridabad,Haryana,,"Faridabad, Haryana"
105326,Flagship Hotel Aruljothi Gandhipuram Bus Terminus,Flagship Hotel Aruljothi Gandhipuram Bus Terminus,Coimbatore,Coimbatore,Tamil Nadu,,"Coimbatore, Tamil Nadu"
105372,Oyo Townhouse 999 INN24 Airport,Oyo Townhouse 999 INN24 Airport,Chennai,Chennai,Tamil Nadu,,"Chennai, Tamil Nadu"
105382,Super OYO Collection O 75034 Hotel Soft Petal,Super OYO Collection O 75034 Hotel Soft Petal,Jaipur,Jaipur,Rajasthan,,"Jaipur, Rajasthan"
105384,Super OYO Flagship Ahinsha Cicle,Super OYO Flagship Ahinsha Cicle,Jaipur,Jaipur,Rajasthan,,"Jaipur, Rajasthan"
105407,Flagship Bimal Residency,Flagship Bimal Residency,Guwahati,Guwahati,Assam,,"Guwahati, Assam"
105416,OYO Townhouse 329 Pipliyahana Square,OYO Townhouse 329 Pipliyahana Square,Indore,Indore,Madhya Pradesh,,"Indore, Madhya Pradesh"
105419,Collection O Guru Heritage Kalamboli,Collection O Guru Heritage Kalamboli,Navi_Mumbai,Navi Mumbai,Maharashtra,,"Navi Mumbai, Maharashtra"
105424,Super OYO Capital O Sayhallo Prime Residency,Super OYO Capital O Sayhallo Prime Residency,Bhubaneswar,Bhubaneswar,Odisha,,"Bhubaneswar, Odisha"
105426,Super OYO Flagship Kamala Inn Dankuni,Super OYO Flagship Kamala Inn Dankuni,Kolkata,Kolkata,West Bengal,,"Kolkata, West Bengal"
105431,Flagship,Flagship Opp Amulya Hospital,Visakhapatnam,Visakhapatnam,Andhra Pradesh,Opp Amulya Hospital,"Opp Amulya Hospital, Visakhapatnam, Andhra Pradesh"
105455,Super OYO Flagship Hotel The Nest Gms Rd,Super OYO Flagship Hotel The Nest Gms Rd,Dehradun,Dehradun,Uttarakhand,,"Dehradun, Uttarakhand"
105457,OYO Townhouse 256 Silver Palm Resort,OYO Townhouse 256 Silver Palm Resort Near Candolim Beach,Goa,Goa,Goa,Near Candolim Beach,"Near Candolim Beach, Goa"
105470,Super OYO Collection O Mancheswar Industrial Estate,Super OYO Collection O Mancheswar Industrial Estate,Bhubaneswar,Bhubaneswar,Odisha,,"Bhubaneswar, Odisha"
105514,OYO K N Residency,OYO K N Residency,Bangalore,Bangalore,Karnataka,,"Bangalore, Karnataka"
105561,SPOT ON Deep Guest House,SPOT ON Deep Guest House,Dehradun,Dehradun,Uttarakhand,,"Dehradun, Uttarakhand"
105565,Super OYO Sewa Residency,Super OYO Sewa Residency,Faridabad,Faridabad,Haryana,,"Faridabad, Haryana"
105583,Flagship Hotel Cauvery,Flagship Hotel Cauvery,Visakhapatnam,Visakhapatnam,Andhra Pradesh,,"Visakhapatnam, Andhra Pradesh"
105588,OYO Townhouse 051 Lal Kothi,OYO Townhouse 051 Lal Kothi,Jaipur,Jaipur,Rajasthan,,"Jaipur, Rajasthan"
105601,OYO Hotel Samrat,OYO Hotel Samrat,Kanpur,Kanpur,Uttar Pradesh,,"Kanpur, Uttar Pradesh"
105710,Collection O NEOSTAY TOWN HOUSE,Collection O NEOSTAY TOWN HOUSE,Kolkata,Kolkata,West Bengal,,"Kolkata, West Bengal"
105727,Super OYO Townhouse 040 Global Village Tech Park,Super OYO Townhouse 040 Global Village Tech Park Near Kengeri Bus Terminal Metro Station,Bangalore,Bangalore,Karnataka,Near Kengeri Bus Terminal Metro Station,"Near Kengeri Bus Terminal Metro Station, Bangalore, Karnataka"
105736,OYO Townhouse 048 Hadapsar,OYO Townhouse 048 Hadapsar Near Amanora Mall,Pune,Pune,Maharashtra,Near Amanora Mall,"Near Amanora Mall, Pune, Maharashtra"
105749,Super OYO Townhouse 135 Gandhi Hall,Super OYO Townhouse 135 Gandhi Hall,Indore,Indore,Madhya Pradesh,,"Indore, Madhya Pradesh"
105761,OYO Townhouse 311 Prithvi Resort,OYO Townhouse 311 Prithvi Resort Near Phoenix Palassio,Lucknow,Lucknow,Uttar Pradesh,Near Phoenix Palassio,"Near Phoenix Palassio, Lucknow, Uttar Pradesh"
105767,Collection O Nimisha Jail Rd,Collection O Nimisha Jail Rd,Sitapur,Sitapur,Uttar Pradesh,,"Sitapur, Uttar Pradesh"
105769,OYO Townhouse 096 Lohia Park,OYO Townhouse 096 Lohia Park,Lucknow,Lucknow,Uttar Pradesh,,"Lucknow, Uttar Pradesh"
105777,Capital O Atithi Residency,Capital O Atithi Residency Near 7D Voyage,Bangalore,Bangalore,Karnataka,Near 7D Voyage,"Near 7D Voyage, Bangalore, Karnataka"
105781,SPOT ON Hotel Grand Blue,SPOT ON Hotel Grand Blue,Meerut,Meerut,Uttar Pradesh,,"Meerut, Uttar Pradesh"
105819,Super OYO Townhouse 406 Volga Homes,Super OYO Townhouse 406 Volga Homes,Guwahati,Guwahati,Assam,,"Guwahati, Assam"
105831,Capital O 75367 Hotel Orenda,Capital O 75367 Hotel Orenda,Lucknow,Lucknow,Uttar Pradesh,,"Lucknow, Uttar Pradesh"
105836,OYO Flagship 75371 Hotel Devender,OYO Flagship 75371 Hotel Devender,Ghaziabad,Ghaziabad,Uttar Pradesh,,"Ghaziabad, Uttar Pradesh"
105880,Capital O Hotel Perfect Inn,Capital O Hotel Perfect Inn,Noida,Noida,Uttar Pradesh,,"Noida, Uttar Pradesh"
105893,OYO Flagship 75407 Hotel Jaipur Home Stay Hawa Sadak,OYO Flagship 75407 Hotel Jaipur Home Stay Hawa Sadak,Jaipur,Jaipur,Rajasthan,,"Jaipur, Rajasthan"
105911,OYO Townhouse 093 Ramamurthy Nagar,OYO Townhouse 093 Ramamurthy Nagar Near Baiyappanahalli Metro Station,Bangalore,Bangalore,Karnataka,Near Baiyappanahalli Metro Station,"Near Baiyappanahalli Metro Station, Bangalore, Karnataka"
105952,Super OYO Collection O Aditya Guest House 1,Super OYO Collection O Aditya Guest House 1,Guwahati,Guwahati,Assam,,"Guwahati, Assam"
105961,Townhouse OAK Hotel Winter Line Inn,Townhouse OAK Hotel Winter Line Inn,Mussoorie,Mussoorie,Uttarakhand,,"Mussoorie, Uttarakhand"
105994,SPOT ON 75475 Cn Guest House,SPOT ON 75475 Cn Guest House,Chennai,Chennai,Tamil Nadu,,"Chennai, Tamil Nadu"
106027,Super OYO Grand Collection O,Super OYO Grand Collection O Near Sarjapur Road Near 7d Voyage,Bangalore,Bangalore,Karnataka,Near Sarjapur Road Near 7d Voyage,"Near Sarjapur Road Near 7d Voyage, Bangalore, Karnataka"
106029,Flagship Majestic,Flagship Majestic Near Lalbagh Botanical Garden,Bangalore,Bangalore,Karnataka,Near Lalbagh Botanical Garden,"Near Lalbagh Botanical Garden, Bangalore, Karnataka"
106044,Flagship Ripple Mall,Flagship Ripple Mall,Surat,Surat,Gujarat,,"Surat, Gujarat"
106047,Super OYO Collection O Hotel Palm Tree,Super OYO Collection O Hotel Palm Tree,Bangalore,Bangalore,Karnataka,,"Bangalore, Karnataka"
106061,OYO Nandi Suites,OYO Nandi Suites,Bangalore,Bangalore,Karnataka,,"Bangalore, Karnataka"
106065,OYO Townhouse 380 Sector 19 Indiranagar,OYO Townhouse 380 Sector 19 Indiranagar Near Fun Republic Mall,Lucknow,Lucknow,Uttar Pradesh,Near Fun Republic Mall,"Near Fun Republic Mall, Lucknow, Uttar Pradesh"
106077,Collection O Sr Inn,Collection O Sr Inn,Lucknow,Lucknow,Uttar Pradesh,,"Lucknow, Uttar Pradesh"
106081,Super OYO Townhouse 264 - Q Rooms BTM Layout,Super OYO Townhouse 264 - Q Rooms BTM Layout Near Gopalan Innovation Mall,Bangalore,Bangalore,Karnataka,Near Gopalan Innovation Mall,"Near Gopalan Innovation Mall, Bangalore, Karnataka"
106084,Super OYO Collection O Sayhallo Hillside Magnum,Super OYO Collection O Sayhallo Hillside Magnum,Bhubaneswar,Bhubaneswar,Odisha,,"Bhubaneswar, Odisha"
106085,OYO Flagship 75538 Hotel Vijay,OYO Flagship 75538 Hotel Vijay,Bangalore,Bangalore,Karnataka,,"Bangalore, Karnataka"
106104,Super OYO Townhouse 060 Airport Green Arcade,Super OYO Townhouse 060 Airport Green Arcade Near Netaji Subhash Chandra Bose International Airport,Kolkata,Kolkata,West Bengal,Near Netaji Subhash Chandra Bose International Airport,"Near Netaji Subhash Chandra Bose International Airport, Kolkata, West Bengal"
106105,Super OYO Townhouse 258 Spruce Hotels Bellandur,Super OYO Townhouse 258 Spruce Hotels Bellandur,Bangalore,Bangalore,Karnataka,,"Bangalore, Karnataka"
106114,Super OYO Flagship Blessings Residency,Super OYO Flagship Blessings Residency,Dehradun,Dehradun,Uttarakhand,,"Dehradun, Uttarakhand"
106122,Super OYO Flagship Greenfield Colony,Super OYO Flagship Greenfield Colony,Faridabad,Faridabad,Haryana,,"Faridabad, Haryana"
106132,Flagship Krishna Regency,Flagship Krishna Regency Near Chaudhary Charan Singh International Airport,Lucknow,Lucknow,Uttar Pradesh,Near Chaudhary Charan Singh International Airport,"Near Chaudhary Charan Singh International Airport, Lucknow, Uttar Pradesh"
106173,Flagship Hotel Embassy Exhibition Rd,Flagship Hotel Embassy Exhibition Rd,Patna,Patna,Bihar,,"Patna, Bihar"
106175,Flagship Vj Inn Nagamalli Thota,Flagship Vj Inn Nagamalli Thota,Kakinada,Kakinada,Andhra Pradesh,,"Kakinada, Andhra Pradesh"
106177,Super OYO Townhouse 244 Munshipuliya,Super OYO Townhouse 244 Munshipuliya Near Fun Republic Mall,Lucknow,Lucknow,Uttar Pradesh,Near Fun Republic Mall,"Near Fun Republic Mall, Lucknow, Uttar Pradesh"
106183,OYO Townhouse 166 Infinity stays 38,OYO Townhouse 166 Infinity stays 38,Gurgaon,Gurgaon,Haryana,,"Gurgaon, Haryana"
106186,Super OYO Townhouse 327 C21 Mall,Super OYO Townhouse 327 C21 Mall,Indore,Indore,Madhya Pradesh,,"Indore, Madhya Pradesh"
106208,Super OYO Townhouse 071 Brookfield,Super OYO Townhouse 071 Brookfield Near Brigade Tech Garden,Bangalore,Bangalore,Karnataka,Near Brigade Tech Garden,"Near Brigade Tech Garden, Bangalore, Karnataka"
106241,OYO SilverKey Hotel Sundari,OYO SilverKey Hotel Sundari,Guwahati,Guwahati,Assam,,"Guwahati, Assam"
106244,OYO Hotel M,OYO Hotel M,Vijayawada,Vijayawada,Andhra Pradesh,,"Vijayawada, Andhra Pradesh"
106254,Super OYO Flagship Hotel Tejasri Residency,Super OYO Flagship Hotel Tejasri Residency,Vijayawada,Vijayawada,Andhra Pradesh,,"Vijayawada, Andhra Pradesh"
106267,Capital O Sri Krishna Suites,Capital O Sri Krishna Suites Near 7d Voyage,Bangalore,Bangalore,Karnataka,Near 7d Voyage,"Near 7d Voyage, Bangalore, Karnataka"
106303,OYO Red Velvet Rooms & Banquet,OYO Red Velvet Rooms & Banquet,Faridabad,Faridabad,Haryana,,"Faridabad, Haryana"
106397,Super OYO Flagship New Cresent Park,Super OYO Flagship New Cresent Park,Coimbatore,Coimbatore,Tamil Nadu,,"Coimbatore, Tamil Nadu"
106443,OYO Royal Hotel,OYO Royal Hotel,Ghaziabad,Ghaziabad,Uttar Pradesh,,"Ghaziabad, Uttar Pradesh"
106450,OYO Flagship 75817 Ahvanam Guest House,OYO Flagship 75817 Ahvanam Guest House,Visakhapatnam,Visakhapatnam,Andhra Pradesh,,"Visakhapatnam, Andhra Pradesh"
106471,OYO Royal Inn,OYO Royal Inn Near Phoenix United Lucknow,Lucknow,Lucknow,Uttar Pradesh,Near Phoenix United Lucknow,"Near Phoenix United Lucknow, Uttar Pradesh"
106474,SPOT ON 75835 Maa Ganga's Hotel,SPOT ON 75835 Maa Ganga's Hotel,Bhopal,Bhopal,Madhya Pradesh,,"Bhopal, Madhya Pradesh"
106485,Super OYO SM Residency,Super OYO SM Residency,Bangalore,Bangalore,Karnataka,,"Bangalore, Karnataka"
106512,OYO Townhouse 159 Sarjapur (Yo Stays),OYO Townhouse 159 Sarjapur (Yo Stays) Near 7D Voyage,Bangalore,Bangalore,Karnataka,Near 7D Voyage,"Near 7D Voyage, Bangalore, Karnataka"
106603,OYO Pride Hospitality Nungambakkam,OYO Pride Hospitality Nungambakkam,Chennai,Chennai,Tamil Nadu,,"Chennai, Tamil Nadu"
106611,Flagship Oxy Paradise Harmu,Flagship Oxy Paradise Harmu,Ranchi,Ranchi,Jharkhand,,"Ranchi, Jharkhand"
106613,Capital O Mum1346-moca,Capital O Mum1346-moca,Mumbai,Mumbai,Maharashtra,,"Mumbai, Maharashtra"
106629,Super OYO Townhouse 180 Jayanagar,Super OYO Townhouse 180 Jayanagar,Bangalore,Bangalore,Karnataka,,"Bangalore, Karnataka"
106655,SPOT ON Hotel Prince,SPOT ON Hotel Prince,Bodhgaya,Bodhgaya,Bihar,,"Bodhgaya, Bihar"
106695,Super OYO SilverKey Bhumi World,Super OYO SilverKey Bhumi World,Mumbai,Mumbai,Maharashtra,,"Mumbai, Maharashtra"
106696,Capital O Hotel Shanti Nivas,Capital O Hotel Shanti Nivas Near Hare Krishna Hill,Bangalore,Bangalore,Karnataka,Near Hare Krishna Hill,"Near Hare Krishna Hill, Bangalore, Karnataka"
106723,Super OYO Flagship Hotel Jayalakshmi Residency,Super OYO Flagship Hotel Jayalakshmi Residency,Tirupati,Tirupati,Andhra Pradesh,,"Tirupati, Andhra Pradesh"
106724,OYO Townhouse 700 Hotel Krishna,OYO Townhouse 700 Hotel Krishna,Nagpur,Nagpur,Maharashtra,,"Nagpur, Maharashtra"
106725,Flagship Hotel Grand Decor,Flagship Hotel Grand Decor,Jaipur,Jaipur,Rajasthan,,"Jaipur, Rajasthan"
106732,SPOT ON Hotel White Rose,SPOT ON Hotel White Rose,Zirakpur,Zirakpur,Punjab,,"Zirakpur, Punjab"
106740,Super OYO Townhouse 211 Laguna Ecr,Super OYO Townhouse 211 Laguna Ecr Near Juhu Beach,Chennai,Chennai,Tamil Nadu,Near Juhu Beach,"Near Juhu Beach, Chennai, Tamil Nadu"
106762,OYO Hotel Gangashrey,OYO Hotel Gangashrey,Jaipur,Jaipur,Rajasthan,,"Jaipur, Rajasthan"
106763,Super OYO Collection O Hotel Rk Heights And Banquets,Super OYO Collection O Hotel Rk Heights And Banquets,Varanasi,Varanasi,Uttar Pradesh,,"Varanasi, Uttar Pradesh"
106767,Super OYO Collection O Kewal Palace Hyderabad Gate,Super OYO Collection O Kewal Palace Hyderabad Gate,Varanasi,Varanasi,Uttar Pradesh,,"Varanasi, Uttar Pradesh"
106791,OYO Townhouse 332 Varthur Main Road,OYO Townhouse 332 Varthur Main Road Near Nexus Whitefield (The Forum Neighbourhood Mall),Bangalore,Bangalore,Karnataka,Near Nexus Whitefield (The Forum Neighbourhood Mall),"Near Nexus Whitefield (The Forum Neighbourhood Mall), Bangalore, Karnataka"
106811,SilverKey Softvision College,SilverKey Softvision College,Indore,Indore,Madhya Pradesh,,"Indore, Madhya Pradesh"
106814,Super OYO Flagship Adri Hotels 2,Super OYO Flagship Adri Hotels 2 Near Dum Dum Metro Station,Kolkata,Kolkata,West Bengal,Near Dum Dum Metro Station,"Near Dum Dum Metro Station, Kolkata, West Bengal"
106815,Collection O Palm Tree Lodge,Collection O Palm Tree Lodge,Siliguri,Siliguri,West Bengal,,"Siliguri, West Bengal"
106822,Super OYO Townhouse 227 Royapettah,Super OYO Townhouse 227 Royapettah Near U.S Consulate,Chennai,Chennai,Tamil Nadu,Near U.S Consulate,"Near U.S Consulate, Chennai, Tamil Nadu"
106823,OYO Townhouse 361 Sarvar Hospitality,OYO Townhouse 361 Sarvar Hospitality Near Ascendas Park Square Mall,Bangalore,Bangalore,Karnataka,Near Ascendas Park Square Mall,"Near Ascendas Park Square Mall, Bangalore, Karnataka"
106829,Super OYO Collection O Hotel Prashant,Super OYO Collection O Hotel Prashant,Ranchi,Ranchi,Jharkhand,,"Ranchi, Jharkhand"
106835,Collection O 76097 Hotel Moonlight,Collection O 76097 Hotel Moonlight,Gurgaon,Gurgaon,Haryana,,"Gurgaon, Haryana"
106838,OYO Townhouse 76100 Hotel Diamond,OYO Townhouse 76100 Hotel Diamond,Ghaziabad,Ghaziabad,Uttar Pradesh,,"Ghaziabad, Uttar Pradesh"
106853,Collection O Executive Stays Basapura,Collection O Executive Stays Basapura,Bangalore,Bangalore,Karnataka,,"Bangalore, Karnataka"
106887,SPOT ON JAYAM RESIDENCY,SPOT ON JAYAM RESIDENCY,Chennai,Chennai,Tamil Nadu,,"Chennai, Tamil Nadu"
106907,SPOT ON Hotel Manikanta Residency,SPOT ON Hotel Manikanta Residency,Visakhapatnam,Visakhapatnam,Andhra Pradesh,,"Visakhapatnam, Andhra Pradesh"
106927,OYO Flagship 76156 Orchid Inn,OYO Flagship 76156 Orchid Inn,Faridabad,Faridabad,Haryana,,"Faridabad, Haryana"
106969,SPOT ON 76191 Sahara Lodge,SPOT ON 76191 Sahara Lodge,Bangalore,Bangalore,Karnataka,,"Bangalore, Karnataka"
106985,Super OYO Townhouse 418 Rama Inn.,Super OYO Townhouse 418 Rama Inn.,Lucknow,Lucknow,Uttar Pradesh,,"Lucknow, Uttar Pradesh"
106997,OYO Royal Residency,OYO Royal Residency,Salem,Salem,Tamil Nadu,,"Salem, Tamil Nadu"
107044,OYO Trimurti Palace,OYO Trimurti Palace Near Gomti Riverfront Park,Lucknow,Lucknow,Uttar Pradesh,Near Gomti Riverfront Park,"Near Gomti Riverfront Park, Lucknow, Uttar Pradesh"
107051,SPOT ON Sri Amman Lodge,SPOT ON Sri Amman Lodge,Trichy,Trichy,Tamil Nadu,,"Trichy, Tamil Nadu"
107086,Collection O Vittala Comfort,Collection O Vittala Comfort Near Ascendas Park Square Mall,Bangalore,Bangalore,Karnataka,Near Ascendas Park Square Mall,"Near Ascendas Park Square Mall, Bangalore, Karnataka"
107100,SPOT ON J P Tourist Home,SPOT ON J P Tourist Home,Kollam,Kollam,Kerala,,"Kollam, Kerala"
107165,OYO N D S Comforts,OYO N D S Comforts,Bangalore,Bangalore,Karnataka,,"Bangalore, Karnataka"
107172,Flagship De Jindal Guest House,Flagship De Jindal Guest House,Guwahati,Guwahati,Assam,,"Guwahati, Assam"
107250,Capital O Heritage House,Capital O Heritage House,Prayagraj,Prayagraj,Uttar Pradesh,,"Prayagraj, Uttar Pradesh"
107265,OYO Townhouse 76427 Hotel Skyline,OYO Townhouse 76427 Hotel Skyline Near Banashankari Metro Station,Bangalore,Bangalore,Karnataka,Near Banashankari Metro Station,"Near Banashankari Metro Station, Bangalore, Karnataka"
107276,OYO Townhouse 387 Mumfordganj - High Court Prayagraj,OYO Townhouse 387 Mumfordganj - High Court Prayagraj,Prayagraj,Prayagraj,Uttar Pradesh,,"Prayagraj, Uttar Pradesh"
107303,SPOT ON G Star Hotel,SPOT ON G Star Hotel,Bhopal,Bhopal,Madhya Pradesh,,"Bhopal, Madhya Pradesh"
107326,OYO Townhouse 386 The Shubham,OYO Townhouse 386 The Shubham,Lucknow,Lucknow,Uttar Pradesh,,"Lucknow, Uttar Pradesh"
107332,Super OYO Townhouse 76476 Jashn,Super OYO Townhouse 76476 Jashn,Lucknow,Lucknow,Uttar Pradesh,,"Lucknow, Uttar Pradesh"
107333,Collection O M V Inn,Collection O M V Inn Near Chaudhary Charan Singh International Airport,Lucknow,Lucknow,Uttar Pradesh,Near Chaudhary Charan Singh International Airport,"Near Chaudhary Charan Singh International Airport, Lucknow, Uttar Pradesh"
107336,OYO Townhouse 127 Alpha,OYO Townhouse 127 Alpha,Pune,Pune,Maharashtra,,"Pune, Maharashtra"
107359,Collection O Sln Suites,Collection O Sln Suites,Bangalore,Bangalore,Karnataka,,"Bangalore, Karnataka"
107413,OYO Townhouse Chic 364 Richmond Road,OYO Townhouse Chic 364 Richmond Road Near Cubbon Park,Bangalore,Bangalore,Karnataka,Near Cubbon Park,"Near Cubbon Park, Bangalore, Karnataka"
107442,Super OYO Townhouse 124 Srm Kuppakonam Pudur,Super OYO Townhouse 124 Srm Kuppakonam Pudur,Coimbatore,Coimbatore,Tamil Nadu,,"Coimbatore, Tamil Nadu"
107449,Flagship Hotel River View,Flagship Hotel River View,Guwahati,Guwahati,Assam,,"Guwahati, Assam"
107471,OYO New Nds Homes,OYO New Nds Homes,Bangalore,Bangalore,Karnataka,,"Bangalore, Karnataka"
107489,Super OYO SilverKey Hotel Stay Inn Maharani Peta,Super OYO SilverKey Hotel Stay Inn Maharani Peta,Visakhapatnam,Visakhapatnam,Andhra Pradesh,,"Visakhapatnam, Andhra Pradesh"
107493,OYO Townhouse 155 Hotel Satya,OYO Townhouse 155 Hotel Satya,Nagpur,Nagpur,Maharashtra,,"Nagpur, Maharashtra"
107500,Flagship Laavin Inn,Flagship Laavin Inn Near Gomti Riverfront Park,Lucknow,Lucknow,Uttar Pradesh,Near Gomti Riverfront Park,"Near Gomti Riverfront Park, Lucknow, Uttar Pradesh"
107501,OYO Hotel Dolphin,OYO Hotel Dolphin,Lucknow,Lucknow,Uttar Pradesh,,"Lucknow, Uttar Pradesh"
107513,Super OYO Collection O Sayhallo Kanchan,Super OYO Collection O Sayhallo Kanchan,Bhubaneswar,Bhubaneswar,Odisha,,"Bhubaneswar, Odisha"
107533,OYO SilverKey Nirsukh Palace,OYO SilverKey Nirsukh Palace,Navi_Mumbai,Navi Mumbai,Maharashtra,,"Navi Mumbai, Maharashtra"
107542,Collection O Hotel Aura Inn,Collection O Hotel Aura Inn,Indore,Indore,Madhya Pradesh,,"Indore, Madhya Pradesh"
107576,OYO Paradise Palace,OYO Paradise Palace,Bhopal,Bhopal,Madhya Pradesh,,"Bhopal, Madhya Pradesh"
107580,Super OYO Hotel Raka Inn,Super OYO Hotel Raka Inn,Prayagraj,Prayagraj,Uttar Pradesh,,"Prayagraj, Uttar Pradesh"
107589,Super OYO Flagship Goldhorn Hotels Mehdipatnam,Super OYO Flagship Goldhorn Hotels Mehdipatnam Near Snt Ann's college,Hyderabad,Hyderabad,Telangana,Near Snt Ann's college,"Near Snt Ann's college, Hyderabad, Telangana"
107599,OYO Townhouse 207 Hotel Downtown My Stay,OYO Townhouse 207 Hotel Downtown My Stay,Jaipur,Jaipur,Rajasthan,,"Jaipur, Rajasthan"
107655,OYO Flagship 76714 Hotel Sri Jai Palace,OYO Flagship 76714 Hotel Sri Jai Palace,Nashik,Nashik,Maharashtra,,"Nashik, Maharashtra"
107658,SPOT ON 76717 Hotel Rr Inn,SPOT ON 76717 Hotel Rr Inn,Chandrapur,Chandrapur,Maharashtra,,"Chandrapur, Maharashtra"
107710,SPOT ON Capital Tanvi Inn,SPOT ON Capital Tanvi Inn,Visakhapatnam,Visakhapatnam,Andhra Pradesh,,"Visakhapatnam, Andhra Pradesh"
107765,OYO Ratan The Pacific,OYO Ratan The Pacific,Ghaziabad,Ghaziabad,Uttar Pradesh,,"Ghaziabad, Uttar Pradesh"
107775,Collection O The Kolkata Hotel,Collection O The Kolkata Hotel Near Acropolis Mall,Kolkata,Kolkata,West Bengal,Near Acropolis Mall,"Near Acropolis Mall, Kolkata, West Bengal"
107782,Flagship Priya Stays,Flagship Priya Stays,Erode,Erode,Tamil Nadu,,"Erode, Tamil Nadu"
107839,SPOT ON Harihar Hotel,SPOT ON Harihar Hotel,Jamshedpur,Jamshedpur,Jharkhand,,"Jamshedpur, Jharkhand"
107868,Super OYO Townhouse 190 Rajyash Rise,Super OYO Townhouse 190 Rajyash Rise,Ahmedabad,Ahmedabad,Gujarat,,"Ahmedabad, Gujarat"
107879,Sangamam Homes,Sangamam Homes,Kannur,Kannur,Kerala,,"Kannur, Kerala"
107894,OYO Flagship White Inn,OYO Flagship White Inn Near Golden Tower,Chennai,Chennai,Tamil Nadu,Near Golden Tower,"Near Golden Tower, Chennai, Tamil Nadu"
107895,OYO Villa De Zamindar,OYO Villa De Zamindar,Pondicherry,Pondicherry,Puducherry,,"Pondicherry, Puducherry"
107903,OYO Hotel Aloka,OYO Hotel Aloka,Ranchi,Ranchi,Jharkhand,,"Ranchi, Jharkhand"
107909,Flagship Hotel Durga Bhavani Residency,Flagship Hotel Durga Bhavani Residency,Vijayawada,Vijayawada,Andhra Pradesh,,"Vijayawada, Andhra Pradesh"
108015,SPOT ON Sahil Palace,SPOT ON Sahil Palace,Sonbhadra,Sonbhadra,Uttar Pradesh,,"Sonbhadra, Uttar Pradesh"
108021,Flagship Hotel Samar Palace,Flagship Hotel Samar Palace,Jaipur,Jaipur,Rajasthan,,"Jaipur, Rajasthan"
108029,Flagship Malkajgiri,Flagship Malkajgiri,Hyderabad,Hyderabad,Telangana,,"Hyderabad, Telangana"
108055,Flagship Anurag Residency Kala Pahar,Flagship Anurag Residency Kala Pahar,Guwahati,Guwahati,Assam,,"Guwahati, Assam"
108058,OYO Anjani Fortune Suites,OYO Anjani Fortune Suites,Bangalore,Bangalore,Karnataka,,"Bangalore, Karnataka"
108059,OYO Flagship 77067 P N K Suites,OYO Flagship 77067 P N K Suites,Bangalore,Bangalore,Karnataka,,"Bangalore, Karnataka"
108116,OYO Flagship 77109 Hotel B Squre Villa,OYO Flagship 77109 Hotel B Squre Villa,Visakhapatnam,Visakhapatnam,Andhra Pradesh,,"Visakhapatnam, Andhra Pradesh"
108157,Super OYO Townhouse 592 Century Hotel,Super OYO Townhouse 592 Century Hotel,Nagpur,Nagpur,Maharashtra,,"Nagpur, Maharashtra"
108211,SPOT ON Jayam Annex Residency,SPOT ON Jayam Annex Residency,Chennai,Chennai,Tamil Nadu,,"Chennai, Tamil Nadu"
108217,Greenfield Colony,Greenfield Colony,Faridabad,Faridabad,Haryana,,"Faridabad, Haryana"
108235,SPOT ON Hotel Deluxe Residency,SPOT ON Hotel Deluxe Residency,Rourkela,Rourkela,Odisha,,"Rourkela, Odisha"
108246,OYO SilverKey Harma Residency,OYO SilverKey Harma Residency Near Jazz Cinemas Luxe,Chennai,Chennai,Tamil Nadu,Near Jazz Cinemas Luxe,"Near Jazz Cinemas Luxe, Chennai, Tamil Nadu"
108248,OYO Townhouse 558 Ocean Pearl Hoshangabad Rd,OYO Townhouse 558 Ocean Pearl Hoshangabad Rd,Bhopal,Bhopal,Madhya Pradesh,,"Bhopal, Madhya Pradesh"
108287,Super OYO SilverKey Executive Stay,Super OYO SilverKey Executive Stay,Bangalore,Bangalore,Karnataka,,"Bangalore, Karnataka"
108304,SPOT ON Krrish 2,SPOT ON Krrish 2,Bhilai,Bhilai,Chhattisgarh,,"Bhilai, Chhattisgarh"
108306,OYO Flagship 77229 Shangrila Farm House And Resort,OYO Flagship 77229 Shangrila Farm House And Resort,Aurangabad,Aurangabad,Maharashtra,,"Aurangabad, Maharashtra"
108307,OYO Saubhagya Inn,OYO Saubhagya Inn,Nashik,Nashik,Maharashtra,,"Nashik, Maharashtra"
108320,SPOT ON Shree Ganga Seva Paying Guest House,SPOT ON Shree Ganga Seva Paying Guest House,Varanasi,Varanasi,Uttar Pradesh,,"Varanasi, Uttar Pradesh"
108321,Super OYO Flagship Radhey Krishna Bhawan,Super OYO Flagship Radhey Krishna Bhawan,Lucknow,Lucknow,Uttar Pradesh,,"Lucknow, Uttar Pradesh"
108386,Flagship J2 Service Apartment,Flagship J2 Service Apartment,Chennai,Chennai,Tamil Nadu,,"Chennai, Tamil Nadu"
108401,SPOT ON Indirasagar Executive,SPOT ON Indirasagar Executive,Kolhapur,Kolhapur,Maharashtra,,"Kolhapur, Maharashtra"
108418,OYO Flagship 77329 Hotel Chandra Garden,OYO Flagship 77329 Hotel Chandra Garden,Mathura,Mathura,Uttar Pradesh,,"Mathura, Uttar Pradesh"
108426,Flagship Lotus Lakeview Apartments,Flagship Lotus Lakeview Apartments,Coimbatore,Coimbatore,Tamil Nadu,,"Coimbatore, Tamil Nadu"
108440,SPOT ON H K Residency,SPOT ON H K Residency,Mysore,Mysore,Karnataka,,"Mysore, Karnataka"
108453,Townhouse 038 Global Wings Hotels,Townhouse 038 Global Wings Hotels Near Sri Amruth Chithra Mandira,Bangalore,Bangalore,Karnataka,Near Sri Amruth Chithra Mandira,"Near Sri Amruth Chithra Mandira, Bangalore, Karnataka"
108479,OYO Hotel Park View 1,OYO Hotel Park View 1,Meerut,Meerut,Uttar Pradesh,,"Meerut, Uttar Pradesh"
108515,OYO 77411 Hotel Bird Nest,OYO 77411 Hotel Bird Nest,Ghaziabad,Ghaziabad,Uttar Pradesh,,"Ghaziabad, Uttar Pradesh"
108518,Collection O Shankar Hotel,Collection O Shankar Hotel,Ghaziabad,Ghaziabad,Uttar Pradesh,,"Ghaziabad, Uttar Pradesh"
108535,Super OYO Townhouse 77423 Amaraa Farms,Super OYO Townhouse 77423 Amaraa Farms Near LuLu Hypermarket,Lucknow,Lucknow,Uttar Pradesh,Near LuLu Hypermarket,"Near LuLu Hypermarket, Lucknow, Uttar Pradesh"
108539,OYO Flagship Yug Residency,OYO Flagship Yug Residency,Varanasi,Varanasi,Uttar Pradesh,,"Varanasi, Uttar Pradesh"
108613,SPOT ON 77468 Kunkumam Residency,SPOT ON 77468 Kunkumam Residency,Chennai,Chennai,Tamil Nadu,,"Chennai, Tamil Nadu"
108633,Super OYO Hotel Saroj,Super OYO Hotel Saroj,Nashik,Nashik,Maharashtra,,"Nashik, Maharashtra"
108719,Super OYO Collection O Good Times Boutique,Super OYO Collection O Good Times Boutique,Jaipur,Jaipur,Rajasthan,,"Jaipur, Rajasthan"
108725,OYO Flagship 77562 Hotel Kabir,OYO Flagship 77562 Hotel Kabir,Ludhiana,Ludhiana,Punjab,,"Ludhiana, Punjab"
108736,Flagship Shree Ankanatheshwara Residency,Flagship Shree Ankanatheshwara Residency,Mysore,Mysore,Karnataka,,"Mysore, Karnataka"
108752,Super OYO Townhouse 412 Aditya International,Super OYO Townhouse 412 Aditya International,Bhubaneswar,Bhubaneswar,Odisha,,"Bhubaneswar, Odisha"
108753,Super OYO Flagship R K International,Super OYO Flagship R K International Near Gautam Buddha Park,Lucknow,Lucknow,Uttar Pradesh,Near Gautam Buddha Park,"Near Gautam Buddha Park, Lucknow, Uttar Pradesh"
108773,Collection O 77602 Hotel Convivial Sky,Collection O 77602 Hotel Convivial Sky,Raipur,Raipur,Chhattisgarh,,"Raipur, Chhattisgarh"
108778,OYO Deep Inn,OYO Deep Inn,Lucknow,Lucknow,Uttar Pradesh,,"Lucknow, Uttar Pradesh"
108801,Super OYO Flagship Hotel Kanha Classic,Super OYO Flagship Hotel Kanha Classic,Kanpur,Kanpur,Uttar Pradesh,,"Kanpur, Uttar Pradesh"
108809,Flagship Lakhdatar Palace,Flagship Lakhdatar Palace,Jaipur,Jaipur,Rajasthan,,"Jaipur, Rajasthan"
108818,OYO Townhouse 429 South City 2 Sector 49 Gurgaon,OYO Townhouse 429 South City 2 Sector 49 Gurgaon,Gurgaon,Gurgaon,Haryana,,"Gurgaon, Haryana"
108887,OYO SilverKey Kings Court,OYO SilverKey Kings Court Near Rela Balaji Hospital,Chennai,Chennai,Tamil Nadu,Near Rela Balaji Hospital,"Near Rela Balaji Hospital, Chennai, Tamil Nadu"
108904,OYO Townhouse 596 Hotel KG Estate,OYO Townhouse 596 Hotel KG Estate,Jaipur,Jaipur,Rajasthan,,"Jaipur, Rajasthan"
108910,OYO Home Krishna Monal Delightful Stay,OYO Home Krishna Monal Delightful Stay,Shimla,Shimla,Himachal Pradesh,,"Shimla, Himachal Pradesh"
108929,OYO Townhouse 076 Hebbal,OYO Townhouse 076 Hebbal,Bangalore,Bangalore,Karnataka,,"Bangalore, Karnataka"
108954,OYO Townhouse 238 Tierra Woods,OYO Townhouse 238 Tierra Woods Near Halasuru Metro Station,Bangalore,Bangalore,Karnataka,Near Halasuru Metro Station,"Near Halasuru Metro Station, Bangalore, Karnataka"
108958,Townhouse OAK Utsav Residency,Townhouse OAK Utsav Residency,Indore,Indore,Madhya Pradesh,,"Indore, Madhya Pradesh"
108974,Flagship Hotel Ashoka Inn,Flagship Hotel Ashoka Inn,Kanpur,Kanpur,Uttar Pradesh,,"Kanpur, Uttar Pradesh"
108977,OYO Flagship 77772 Hotel Ss Blu,OYO Flagship 77772 Hotel Ss Blu,Indore,Indore,Madhya Pradesh,,"Indore, Madhya Pradesh"
108995,OYO Townhouse 77788 Townhouse 405 Mall Road,OYO Townhouse 77788 Townhouse 405 Mall Road,Kanpur,Kanpur,Uttar Pradesh,,"Kanpur, Uttar Pradesh"
109009,OYO Flagship 77801 Golden Park,OYO Flagship 77801 Golden Park,Vellore,Vellore,Tamil Nadu,,"Vellore, Tamil Nadu"
109052,SPOT ON 77844 Shahani Wellness Retreat,SPOT ON 77844 Shahani Wellness Retreat,Lonavala,Lonavala,Maharashtra,,"Lonavala, Maharashtra"
109059,Super OYO Townhouse 149 Siri Residency,Super OYO Townhouse 149 Siri Residency,Bangalore,Bangalore,Karnataka,,"Bangalore, Karnataka"
109063,OYO Townhouse 565 Hotel Hridaya Inn,OYO Townhouse 565 Hotel Hridaya Inn,Lucknow,Lucknow,Uttar Pradesh,,"Lucknow, Uttar Pradesh"
109088,Capital O Raj Resort,Capital O Raj Resort,Patna,Patna,Bihar,,"Patna, Bihar"
109094,OYO Flagship 77883 Hotel Tejas Inn,OYO Flagship 77883 Hotel Tejas Inn,Vijayawada,Vijayawada,Andhra Pradesh,,"Vijayawada, Andhra Pradesh"
109107,OYO Darshini Homes,OYO Darshini Homes,Guwahati,Guwahati,Assam,,"Guwahati, Assam"
109223,OYO Home G-cloud,OYO Home G-cloud Near Thirumangalam Metro Station,Chennai,Chennai,Tamil Nadu,Near Thirumangalam Metro Station,"Near Thirumangalam Metro Station, Chennai, Tamil Nadu"
109228,OYO Home 78009 Avon Villa Kanlog,OYO Home 78009 Avon Villa Kanlog,Shimla,Shimla,Himachal Pradesh,,"Shimla, Himachal Pradesh"
109252,OYO Home New Star Cottages,OYO Home New Star Cottages,Ooty,Ooty,Tamil Nadu,,"Ooty, Tamil Nadu"
109276,OYO Home Vibrant Stay,OYO Home Vibrant Stay Near Uthandi Beach,Chennai,Chennai,Tamil Nadu,Near Uthandi Beach,"Near Uthandi Beach, Chennai, Tamil Nadu"
109288,OYO Home JJ Residency,OYO Home JJ Residency Near Chennai International Airport,Chennai,Chennai,Tamil Nadu,Near Chennai International Airport,"Near Chennai International Airport, Tamil Nadu"
109291,Flagship Raj Resort 2,Flagship Raj Resort 2,Patna,Patna,Bihar,,"Patna, Bihar"
109325,Super OYO Capital O 78105 Hotel Figtree Premier,Super OYO Capital O 78105 Hotel Figtree Premier,Patna,Patna,Bihar,,"Patna, Bihar"
109327,OYO Diamond Plaza,OYO Diamond Plaza Near Acropolis Mall,Kolkata,Kolkata,West Bengal,Near Acropolis Mall,"Near Acropolis Mall, Kolkata, West Bengal"
109398,OYO Flagship 78175 Hotel Suncity,OYO Flagship 78175 Hotel Suncity,Berhampore,Berhampore,West Bengal,,"Berhampore, West Bengal"
109402,Capital O Kanha Resort,Capital O Kanha Resort,Aligarh,Aligarh,Uttar Pradesh,,"Aligarh, Uttar Pradesh"
109407,SPOT ON 78182 new sundar hotel,SPOT ON 78182 new sundar hotel,Ghaziabad,Ghaziabad,Uttar Pradesh,,"Ghaziabad, Uttar Pradesh"
109429,OYO Home Spacious Studio Sector 21-a Faridabad,OYO Home Spacious Studio Sector 21-a Faridabad,Faridabad,Faridabad,Haryana,,"Faridabad, Haryana"
109456,OYO Oxy Rudra Inn,OYO Oxy Rudra Inn,Ranchi,Ranchi,Jharkhand,,"Ranchi, Jharkhand"
109462,OYO Home Elegant Stay Fine Nest Homes,OYO Home Elegant Stay Fine Nest Homes,Wayanad,Wayanad,Kerala,,"Wayanad, Kerala"
109466,OYO Home Sam Villa Studio,OYO Home Sam Villa Studio,Shimla,Shimla,Himachal Pradesh,,"Shimla, Himachal Pradesh"
109468,OYO Home Vedica Home Stays,OYO Home Vedica Home Stays,Wayanad,Wayanad,Kerala,,"Wayanad, Kerala"
109483,SPOT ON 78256 Hotal Kesariya,SPOT ON 78256 Hotal Kesariya,Rewari,Rewari,Haryana,,"Rewari, Haryana"
109493,Collection O Sathyajyothi Comforts,Collection O Sathyajyothi Comforts Near Deepanjali Nagar Metro Station,Bangalore,Bangalore,Karnataka,Near Deepanjali Nagar Metro Station,"Near Deepanjali Nagar Metro Station, Bangalore, Karnataka"
109495,OYO Flagship 78267 City Inn,OYO Flagship 78267 City Inn,Kolkata,Kolkata,West Bengal,,"Kolkata, West Bengal"
109534,Capital O Maurya Inn,Capital O Maurya Inn,Jodhpur,Jodhpur,Rajasthan,,"Jodhpur, Rajasthan"
109544,OYO Home Crystal Inn,OYO Home Crystal Inn Near Ragigudda Sri Prasanna Anjaneyaswamy Temple,Bangalore,Bangalore,Karnataka,Near Ragigudda Sri Prasanna Anjaneyaswamy Temple,"Near Ragigudda Sri Prasanna Anjaneyaswamy Temple, Bangalore, Karnataka"
109628,OYO Hotel Maruthi Residency,OYO Hotel Maruthi Residency,Vijayawada,Vijayawada,Andhra Pradesh,,"Vijayawada, Andhra Pradesh"
109640,OYO Townhouse 407 Legacy,"OYO Townhouse 407 Legacy, Civil Line.",Prayagraj,Prayagraj,Uttar Pradesh,Civil Line,"Civil Line, Prayagraj, Uttar Pradesh"
109673,OYO Home Basera Homes,OYO Home Basera Homes,Lucknow,Lucknow,Uttar Pradesh,,"Lucknow, Uttar Pradesh"
109676,OYO Home Peaceful Stay,OYO Home Peaceful Stay,Bangalore,Bangalore,Karnataka,,"Bangalore, Karnataka"
109680,Flagship Flagship Bella Vagues - Chrompet,Flagship Flagship Bella Vagues - Chrompet,Chennai,Chennai,Tamil Nadu,,"Chennai, Tamil Nadu"
109716,Super OYO Dev Villas Guest House,Super OYO Dev Villas Guest House,Jodhpur,Jodhpur,Rajasthan,,"Jodhpur, Rajasthan"
109727,SPOT ON A Class Suites,SPOT ON A Class Suites Near Hare Krishna Hill,Bangalore,Bangalore,Karnataka,Near Hare Krishna Hill,"Near Hare Krishna Hill, Bangalore, Karnataka"
109774,OYO Flagship 78500 Sai Villa,OYO Flagship 78500 Sai Villa,Guwahati,Guwahati,Assam,,"Guwahati, Assam"
109775,OYO Townhouse 423 Amaraa Hotel,OYO Townhouse 423 Amaraa Hotel Near Phoenix Palassio,Lucknow,Lucknow,Uttar Pradesh,Near Phoenix Palassio,"Near Phoenix Palassio, Lucknow, Uttar Pradesh"
109818,OYO Home Fantasea Kovalam,OYO Home Fantasea Kovalam,Chennai,Chennai,Tamil Nadu,,"Chennai, Tamil Nadu"
109819,OYO Home Fantasea Uthandi,OYO Home Fantasea Uthandi Near Juhu Beach,Chennai,Chennai,Tamil Nadu,Near Juhu Beach,"Near Juhu Beach, Chennai, Tamil Nadu"
109841,Super OYO Capital O Royal Keys,"Super OYO Capital O Royal Keys Near Brookfield Mall, AECS Layout",Bangalore,Bangalore,Karnataka,"Near Brookfield Mall, AECS Layout","Near Brookfield Mall, AECS Layout, Bangalore, Karnataka"
109864,Super OYO Townhouse 213 Artemis Hospital,Super OYO Townhouse 213 Artemis Hospital Near Appu Ghar,Gurgaon,Gurgaon,Haryana,Near Appu Ghar,"Near Appu Ghar, Gurgaon, Haryana"
109889,OYO Hotel Rv,OYO Hotel Rv,Hisar,Hisar,Haryana,,"Hisar, Haryana"
109902,Flagship Hotel Pop Tavern,Flagship Hotel Pop Tavern,Trivandrum,Trivandrum,Kerala,,"Trivandrum, Kerala"
109927,SPOT ON Grand Residency,SPOT ON Grand Residency,Chennai,Chennai,Tamil Nadu,,"Chennai, Tamil Nadu"
109974,Collection O Collection O Hotel Jayshree Domestic Airport,Collection O Collection O Hotel Jayshree Domestic Airport,Mumbai,Mumbai,Maharashtra,,"Mumbai, Maharashtra"
110030,OYO Flagship 78696 Hotel Kamini,OYO Flagship 78696 Hotel Kamini,Patna,Patna,Bihar,,"Patna, Bihar"
110073,OYO Hotel Aero Inn,OYO Hotel Aero Inn,Delhi_Transit,Delhi (Transit),Delhi,"Near IGI Airport, Mahipalpur","Near IGI Airport, Mahipalpur, Delhi"
110101,SPOT ON Raj Hotel Vip,SPOT ON Raj Hotel Vip Near Worlds Of Wonder,Noida,Noida,Uttar Pradesh,Near Worlds Of Wonder,"Near Worlds Of Wonder, Noida, Uttar Pradesh"
110126,OYO Flagship 78787 Hotel Manglam Palace,OYO Flagship 78787 Hotel Manglam Palace,Bhopal,Bhopal,Madhya Pradesh,,"Bhopal, Madhya Pradesh"
110194,Flagship Sea Coastal Inn,Flagship Sea Coastal Inn,Kakinada,Kakinada,Andhra Pradesh,,"Kakinada, Andhra Pradesh"
110246,Collection O Ketan Regency,Collection O Ketan Regency Near Acropolis Mall,Kolkata,Kolkata,West Bengal,Near Acropolis Mall,"Near Acropolis Mall, Kolkata, West Bengal"
110273,OYO Home Leva Homes,OYO Home Leva Homes Near Baiyappanahalli Metro Station,Bangalore,Bangalore,Karnataka,Near Baiyappanahalli Metro Station,"Near Baiyappanahalli Metro Station, Bangalore, Karnataka"
110277,OYO Home Mishra Suites,OYO Home Mishra Suites,Bangalore,Bangalore,Karnataka,,"Bangalore, Karnataka"
110286,Collection O Collection O Grand Sparrow Inn,Collection O Collection O Grand Sparrow Inn,Agra,Agra,Uttar Pradesh,,"Agra, Uttar Pradesh"
110292,Capital O The Udupi Park Boutique Hotel,Capital O The Udupi Park Boutique Hotel Near Ascendas Park Square Mall,Bangalore,Bangalore,Karnataka,Near Ascendas Park Square Mall,"Near Ascendas Park Square Mall, Bangalore, Karnataka"
110306,SPOT ON Soni Family Guest House,SPOT ON Soni Family Guest House,Bodhgaya,Bodhgaya,Bihar,,"Bodhgaya, Bihar"
110348,SPOT ON Shree Agarwal's Hotel,SPOT ON Shree Agarwal's Hotel,Jaipur,Jaipur,Rajasthan,,"Jaipur, Rajasthan"
110399,Flagship Hotel Shubham Palace,Flagship Hotel Shubham Palace,Raipur,Raipur,Chhattisgarh,,"Raipur, Chhattisgarh"
110415,Super OYO Capital O Hotel Sathyam By Coastal Grand Hotels & Resorts,Super OYO Capital O Hotel Sathyam By Coastal Grand Hotels & Resorts,Trichy,Trichy,Tamil Nadu,,"Trichy, Tamil Nadu"
110437,Collection O The Shubham- Kakadeo,Collection O The Shubham- Kakadeo,Kanpur,Kanpur,Uttar Pradesh,,"Kanpur, Uttar Pradesh"
110438,SPOT ON Sea Bird Resort,SPOT ON Sea Bird Resort,Digha,Digha,West Bengal,,"Digha, West Bengal"
110440,Capital O Hotel Crystal Empire,Capital O Hotel Crystal Empire,Zirakpur,Zirakpur,Punjab,,"Zirakpur, Punjab"
110492,SPOT ON Hotel Ambience,SPOT ON Hotel Ambience,Jaipur,Jaipur,Rajasthan,,"Jaipur, Rajasthan"
110516,Capital O Green Residency,Capital O Green Residency,Bangalore,Bangalore,Karnataka,,"Bangalore, Karnataka"
110531,OYO 79131 Yog 1,OYO 79131 Yog 1,Rishikesh,Rishikesh,Uttarakhand,,"Rishikesh, Uttarakhand"
110538,SPOT ON Shreekrupa,SPOT ON Shreekrupa,Mahabaleshwar,Mahabaleshwar,Maharashtra,,"Mahabaleshwar, Maharashtra"
110628,OYO Home Milonee Stay,"OYO Home Milonee Stay Near Iter College, Khandagiri",Bhubaneswar,Bhubaneswar,Odisha,"Near Iter College, Khandagiri","Near Iter College, Khandagiri, Bhubaneswar, Odisha"
110649,OYO Townhouse 205 Jaipur Airport,OYO Townhouse 205 Jaipur Airport,Jaipur,Jaipur,Rajasthan,,"Jaipur, Rajasthan"
110650,OYO Home Exotic Stay Bsk 3rd Stage,OYO Home Exotic Stay Bsk 3rd Stage,Bangalore,Bangalore,Karnataka,,"Bangalore, Karnataka"
110682,Flagship Inn34 Porur,Flagship Inn34 Porur,Chennai,Chennai,Tamil Nadu,,"Chennai, Tamil Nadu"
110702,OYO Townhouse 182 Menka,OYO Townhouse 182 Menka,Patna,Patna,Bihar,,"Patna, Bihar"
110703,Super OYO Townhouse 092 Hotel Ashray Residency,Super OYO Townhouse 092 Hotel Ashray Residency,Mumbai,Mumbai,Maharashtra,,"Mumbai, Maharashtra"
110779,Collection O Cafe 8,Collection O Cafe 8,Nagpur,Nagpur,Maharashtra,,"Nagpur, Maharashtra"
110841,OYO Emara Residency,OYO Emara Residency,Bangalore,Bangalore,Karnataka,,"Bangalore, Karnataka"
110846,OYO Flagship 79381 DM Residency,OYO Flagship 79381 DM Residency Near Goraguntepalya Metro Station,Bangalore,Bangalore,Karnataka,Near Goraguntepalya Metro Station,"Near Goraguntepalya Metro Station, Bangalore, Karnataka"
110847,OYO Anu Grand,OYO Anu Grand,Visakhapatnam,Visakhapatnam,Andhra Pradesh,,"Visakhapatnam, Andhra Pradesh"
110870,Capital O Hotel Dev Bhumi,Capital O Hotel Dev Bhumi,Puri,Puri,Odisha,,"Puri, Odisha"
110879,OYO Hotel Shanti Kuti Home Stay,OYO Hotel Shanti Kuti Home Stay Near Gomti Riverfront Park,Lucknow,Lucknow,Uttar Pradesh,Near Gomti Riverfront Park,"Near Gomti Riverfront Park, Lucknow, Uttar Pradesh"
110880,Collection O Onyx International,Collection O Onyx International Near Ragigudda Sri Prasanna Anjaneyaswamy Temple,Bangalore,Bangalore,Karnataka,Near Ragigudda Sri Prasanna Anjaneyaswamy Temple,"Near Ragigudda Sri Prasanna Anjaneyaswamy Temple, Bangalore, Karnataka"
110887,OYO Hotel Paradise Inn,OYO Hotel Paradise Inn,Jodhpur,Jodhpur,Rajasthan,,"Jodhpur, Rajasthan"
110889,OYO The Castle Home Stay Inn,OYO The Castle Home Stay Inn,Jaipur,Jaipur,Rajasthan,,"Jaipur, Rajasthan"
110932,OYO Flagship 79466 Vats Tower,OYO Flagship 79466 Vats Tower,Sonipat,Sonipat,Haryana,,"Sonipat, Haryana"
110941,OYO Suman Palace,OYO Suman Palace,Ajmer,Ajmer,Rajasthan,,"Ajmer, Rajasthan"
110957,Flagship Jp Guest House,Flagship Jp Guest House,Guwahati,Guwahati,Assam,,"Guwahati, Assam"
110966,OYO Hotel 7 Sky,OYO Hotel 7 Sky,Ludhiana,Ludhiana,Punjab,,"Ludhiana, Punjab"
110968,Flagship The Dove Villa,Flagship The Dove Villa,Guwahati,Guwahati,Assam,,"Guwahati, Assam"
110971,SPOT ON Sln Comforts,SPOT ON Sln Comforts Near Nagasandra Metro Station,Bangalore,Bangalore,Karnataka,Near Nagasandra Metro Station,"Near Nagasandra Metro Station, Bangalore, Karnataka"
110998,OYO Townhouse OAK Central Suits,OYO Townhouse OAK Central Suits,Calicut,Calicut,Kerala,,"Calicut, Kerala"
111004,OYO Hotel Asha,OYO Hotel Asha,Indore,Indore,Madhya Pradesh,,"Indore, Madhya Pradesh"
111008,OYO Home Le Bliss Hotels,OYO Home Le Bliss Hotels Near Rock Beach,Pondicherry,Pondicherry,Puducherry,Near Rock Beach,"Near Rock Beach, Pondicherry, Puducherry"
111016,Capital O Hotel Royal Galaxy Finesse,Capital O Hotel Royal Galaxy Finesse Near Phoenix Marketcity,Bangalore,Bangalore,Karnataka,Near Phoenix Marketcity,"Near Phoenix Marketcity, Bangalore, Karnataka"
111041,Flagship Hotel Golden Paradise,Flagship Hotel Golden Paradise Near Pattanagere Metro Station,Bangalore,Bangalore,Karnataka,Near Pattanagere Metro Station,"Near Pattanagere Metro Station, Bangalore, Karnataka"
111093,OYO SilverKey 2d Residency,OYO SilverKey 2d Residency,Coimbatore,Coimbatore,Tamil Nadu,,"Coimbatore, Tamil Nadu"
111128,OYO Townhouse 79651 Townhouse Oth Buddhi,OYO Townhouse 79651 Townhouse Oth Buddhi,Jaipur,Jaipur,Rajasthan,,"Jaipur, Rajasthan"
111224,OYO Hotel Shivay,OYO Hotel Shivay,Vadodara,Vadodara,Gujarat,,"Vadodara, Gujarat"
111233,OYO Townhouse 1178 Royal Encore,OYO Townhouse 1178 Royal Encore,Bangalore,Bangalore,Karnataka,,"Bangalore, Karnataka"
111237,Flagship My Own Nest,Flagship My Own Nest Near Ragigudda Sri Prasanna Anjaneyaswamy Temple,Bangalore,Bangalore,Karnataka,Near Ragigudda Sri Prasanna Anjaneyaswamy Temple,"Near Ragigudda Sri Prasanna Anjaneyaswamy Temple, Bangalore, Karnataka"
111242,OYO Home Majestic Stays,OYO Home Majestic Stays,Trivandrum,Trivandrum,Kerala,,"Trivandrum, Kerala"
111246,OYO K B Residency,OYO K B Residency,Chennai,Chennai,Tamil Nadu,,"Chennai, Tamil Nadu"
111259,Capital O Hotel Star International,Capital O Hotel Star International,Bilaspur,Bilaspur,Chhattisgarh,,"Bilaspur, Chhattisgarh"
111330,SPOT ON Hotel Abhinandan,SPOT ON Hotel Abhinandan,Meerut,Meerut,Uttar Pradesh,,"Meerut, Uttar Pradesh"
111346,OYO Townhouse 79846 Townhouse 292 Atal Chowk Indirapuram Ghaziabad,OYO Townhouse 79846 Townhouse 292 Atal Chowk Indirapuram Ghaziabad,Ghaziabad,Ghaziabad,Uttar Pradesh,,"Ghaziabad, Uttar Pradesh"
111350,Flagship Majestic Inn,Flagship Majestic Inn Near Bidhanagar Station,Kolkata,Kolkata,West Bengal,Near Bidhanagar Station,"Near Bidhanagar Station, Kolkata, West Bengal"
111353,OYO Home Pop Tavern Pettah,OYO Home Pop Tavern Pettah,Trivandrum,Trivandrum,Kerala,,"Trivandrum, Kerala"
111414,OYO Hotel Sun View,OYO Hotel Sun View,Ludhiana,Ludhiana,Punjab,,"Ludhiana, Punjab"
111453,SPOT ON Shivaye Rest House,SPOT ON Shivaye Rest House,Deoghar,Deoghar,Jharkhand,,"Deoghar, Jharkhand"
111484,Super OYO Flagship Together,Super OYO Flagship Together,Bangalore,Bangalore,Karnataka,,"Bangalore, Karnataka"
111487,OYO Home Comfortable Stays,"OYO Home Comfortable Stays, Near Aasam gadh Current office",Hyderabad,Hyderabad,Telangana,Near Aasam gadh Current office,"Near Aasam gadh Current office, Hyderabad, Telangana"
111492,OYO Flagship 79965 Destiny Hotels,OYO Flagship 79965 Destiny Hotels,Indore,Indore,Madhya Pradesh,,"Indore, Madhya Pradesh"
111498,Super OYO Townhouse Hotel Gokul Regency,Super OYO Townhouse Hotel Gokul Regency Near Dum Dum Metro Station,Kolkata,Kolkata,West Bengal,Near Dum Dum Metro Station,"Near Dum Dum Metro Station, Kolkata, West Bengal"
111543,SPOT ON Welcome Inn,SPOT ON Welcome Inn,Ghaziabad,Ghaziabad,Uttar Pradesh,,"Ghaziabad, Uttar Pradesh"
111577,Flagship Flagship Hotel Crush On,Flagship Flagship Hotel Crush On,Ghaziabad,Ghaziabad,Uttar Pradesh,,"Ghaziabad, Uttar Pradesh"
111582,OYO Hotel Fridays,OYO Hotel Fridays,Bathinda,Bathinda,Punjab,,"Bathinda, Punjab"
111601,SPOT ON Sahyadri Inn,SPOT ON Sahyadri Inn,Lucknow,Lucknow,Uttar Pradesh,,"Lucknow, Uttar Pradesh"
111635,SPOT ON Hotel Nandini,SPOT ON Hotel Nandini,Dibrugarh,Dibrugarh,Assam,,"Dibrugarh, Assam"
111669,Collection O 80092 Palace inn,Collection O 80092 Palace inn,Mysore,Mysore,Karnataka,,"Mysore, Karnataka"
111684,Super OYO Capital O Hotel Siddartha Elite,Super OYO Capital O Hotel Siddartha Elite,Vijayawada,Vijayawada,Andhra Pradesh,,"Vijayawada, Andhra Pradesh"
111691,Collection O 80110 Shangrila Rivera Execitive,Collection O 80110 Shangrila Rivera Execitive,Aurangabad,Aurangabad,Maharashtra,,"Aurangabad, Maharashtra"
111722,OYO Home Safura Residency,OYO Home Safura Residency,Coorg,Coorg,Karnataka,,"Coorg, Karnataka"
111734,OYO Ganga Valley Guest House,OYO Ganga Valley Guest House,Haridwar,Haridwar,Uttarakhand,,"Haridwar, Uttarakhand"
111800,SPOT ON Hotel Time Square,SPOT ON Hotel Time Square,Bhilai,Bhilai,Chhattisgarh,,"Bhilai, Chhattisgarh"
111890,OYO Fantasy Stay Fusion,OYO Fantasy Stay Fusion Near Netaji Subhash Chandra Bose International Airport,Kolkata,Kolkata,West Bengal,Near Netaji Subhash Chandra Bose International Airport,"Near Netaji Subhash Chandra Bose International Airport, Kolkata, West Bengal"
111891,Super OYO Almighty Homes,Super OYO Almighty Homes,Chennai,Chennai,Tamil Nadu,,"Chennai, Tamil Nadu"
111960,OYO Townhouse 402 Hotel Santosh Palace,OYO Townhouse 402 Hotel Santosh Palace,Prayagraj,Prayagraj,Uttar Pradesh,,"Prayagraj, Uttar Pradesh"
111962,SPOT ON Kota Lodge,SPOT ON Kota Lodge,Coimbatore,Coimbatore,Tamil Nadu,,"Coimbatore, Tamil Nadu"
111964,Collection O Ark Inn,Collection O Ark Inn,Kumbakonam,Kumbakonam,Tamil Nadu,,"Kumbakonam, Tamil Nadu"
112008,Santa Maria,Santa Maria Near Indiranagar Metro Station,Bangalore,Bangalore,Karnataka,Near Indiranagar Metro Station,"Near Indiranagar Metro Station, Bangalore, Karnataka"
112056,SPOT ON Kayal Residency,SPOT ON Kayal Residency,Coimbatore,Coimbatore,Tamil Nadu,,"Coimbatore, Tamil Nadu"
112101,Super OYO Blooms Inn,Super OYO Blooms Inn,Bangalore,Bangalore,Karnataka,,"Bangalore, Karnataka"
112114,OYO Home Sai Krishna Nithyalam,OYO Home Sai Krishna Nithyalam Near Jazz Cinemas Luxe,Chennai,Chennai,Tamil Nadu,Near Jazz Cinemas Luxe,"Near Jazz Cinemas Luxe, Chennai, Tamil Nadu"
112145,Flagship Flagship The Blue Inn,Flagship Flagship The Blue Inn,Jaipur,Jaipur,Rajasthan,,"Jaipur, Rajasthan"
112151,Townhouse OAK Hotel Prime,Townhouse OAK Hotel Prime,Bangalore,Bangalore,Karnataka,,"Bangalore, Karnataka"
112154,OYO Hotel Hijraan,OYO Hotel Hijraan,Srinagar,Srinagar,Jammu and Kashmir,,"Srinagar, Jammu and Kashmir"
112159,Super OYO Sri Krishna Eden,Super OYO Sri Krishna Eden,Visakhapatnam,Visakhapatnam,Andhra Pradesh,,"Visakhapatnam, Andhra Pradesh"
112333,OYO Flagship Thaza,OYO Flagship Thaza,Kochi,Kochi,Kerala,,"Kochi, Kerala"
112421,OYO Omi Guest House,OYO Omi Guest House,Manesar,Manesar,Haryana,,"Manesar, Haryana"
112449,Collection O Hotel Janjir Residency,Collection O Hotel Janjir Residency,Pune,Pune,Maharashtra,,"Pune, Maharashtra"
112462,OYO Siya Residency,OYO Siya Residency,Faridabad,Faridabad,Haryana,,"Faridabad, Haryana"
112518,OYO Shiv Guest House,OYO Shiv Guest House,Sonipat,Sonipat,Haryana,,"Sonipat, Haryana"
112547,OYO Home Compact Studio Kr Puram,OYO Home Compact Studio Kr Puram Near Phoenix Marketcity,Bangalore,Bangalore,Karnataka,Near Phoenix Marketcity,"Near Phoenix Marketcity, Bangalore, Karnataka"
112577,SPOT ON 80799 Hotel Vvr Sagara's Nest,SPOT ON 80799 Hotel Vvr Sagara's Nest,Tirupati,Tirupati,Andhra Pradesh,,"Tirupati, Andhra Pradesh"
112598,SPOT ON Ashoka Inn,SPOT ON Ashoka Inn,Trivandrum,Trivandrum,Kerala,,"Trivandrum, Kerala"
112689,Townhouse OAK SRK White Inn,Townhouse OAK SRK White Inn Near Ragigudda Sri Prasanna Anjaneyaswamy Temple,Bangalore,Bangalore,Karnataka,Near Ragigudda Sri Prasanna Anjaneyaswamy Temple,"Near Ragigudda Sri Prasanna Anjaneyaswamy Temple, Bangalore, Karnataka"
112695,OYO Townhouse 579 Riddhi Regency,OYO Townhouse 579 Riddhi Regency Near Indira Nagar Metro Station,Lucknow,Lucknow,Uttar Pradesh,Near Indira Nagar Metro Station,"Near Indira Nagar Metro Station, Lucknow, Uttar Pradesh"
112699,Super OYO Flagship Hotel Moon Palace,Super OYO Flagship Hotel Moon Palace Near Sahara Ganj Mall,Lucknow,Lucknow,Uttar Pradesh,Near Sahara Ganj Mall,"Near Sahara Ganj Mall, Lucknow, Uttar Pradesh"
112710,Collection O Hotel Tejesvi,Collection O Hotel Tejesvi,Jaipur,Jaipur,Rajasthan,,"Jaipur, Rajasthan"
112712,OYO Townhouse 80885 Hotel Garden View,OYO Townhouse 80885 Hotel Garden View,Jaipur,Jaipur,Rajasthan,,"Jaipur, Rajasthan"
112730,OYO Hotel Sachin,OYO Hotel Sachin,Rewari,Rewari,Haryana,,"Rewari, Haryana"
112734,OYO Townhouse 513 Hotel Skylight,OYO Townhouse 513 Hotel Skylight Near Medanta Hospital,Gurgaon,Gurgaon,Haryana,Near Medanta Hospital,"Near Medanta Hospital, Gurgaon, Haryana"
112743,SPOT ON The Grand Guest House,SPOT ON The Grand Guest House Near PVR Cinemas Skywalk,Chennai,Chennai,Tamil Nadu,Near PVR Cinemas Skywalk,"Near PVR Cinemas Skywalk, Chennai, Tamil Nadu"
112749,Super OYO Hotel Red Rock,Super OYO Hotel Red Rock,Faridabad,Faridabad,Haryana,,"Faridabad, Haryana"
112765,OYO 80924 Hotel Shanti Lodge,OYO 80924 Hotel Shanti Lodge,Aligarh,Aligarh,Uttar Pradesh,,"Aligarh, Uttar Pradesh"
112766,OYO Mansa Hotel,OYO Mansa Hotel,Jaipur,Jaipur,Rajasthan,,"Jaipur, Rajasthan"
112777,OYO Hotel Maldhari,OYO Hotel Maldhari,Rajkot,Rajkot,Gujarat,,"Rajkot, Gujarat"
112786,Collection O Ace Hotel,Collection O Ace Hotel,Vadodara,Vadodara,Gujarat,,"Vadodara, Gujarat"
112846,OYO Flagship 81000 Hotel Shanti Palace,OYO Flagship 81000 Hotel Shanti Palace,Jaipur,Jaipur,Rajasthan,,"Jaipur, Rajasthan"
112868,SPOT ON Sawariya Home Stay,SPOT ON Sawariya Home Stay,Haridwar,Haridwar,Uttarakhand,,"Haridwar, Uttarakhand"
112899,Collection O Collection O Hotel My Stay Retreat,Collection O Collection O Hotel My Stay Retreat,Jaipur,Jaipur,Rajasthan,,"Jaipur, Rajasthan"
112910,OYO The Best Hotel,OYO The Best Hotel Near Sudarshan Cinema,Lucknow,Lucknow,Uttar Pradesh,Near Sudarshan Cinema,"Near Sudarshan Cinema, Lucknow, Uttar Pradesh"
112949,SPOT ON 81091 The Paradise Inn,SPOT ON 81091 The Paradise Inn,Ghaziabad,Ghaziabad,Uttar Pradesh,,"Ghaziabad, Uttar Pradesh"
112970,Flagship Hotel Madhuram,Flagship Hotel Madhuram,Surat,Surat,Gujarat,,"Surat, Gujarat"
112976,OYO Eesha Ncore Rooms,OYO Eesha Ncore Rooms,Visakhapatnam,Visakhapatnam,Andhra Pradesh,,"Visakhapatnam, Andhra Pradesh"
112998,OYO Hotel Raj,OYO Hotel Raj,Jodhpur,Jodhpur,Rajasthan,,"Jodhpur, Rajasthan"
113026,Flagship Hotel Grand Id,Flagship Hotel Grand Id,Jamshedpur,Jamshedpur,Jharkhand,,"Jamshedpur, Jharkhand"
113029,SPOT ON 81166 Hotel Viceroy Inn,SPOT ON 81166 Hotel Viceroy Inn,Guntur,Guntur,Andhra Pradesh,,"Guntur, Andhra Pradesh"
113064,Super OYO Collection O Hotel Panchratna,Super OYO Collection O Hotel Panchratna,Mumbai,Mumbai,Maharashtra,,"Mumbai, Maharashtra"
113130,Super OYO Flagship Blooms Residency,Super OYO Flagship Blooms Residency Near Baiyappanahalli Metro Station,Bangalore,Bangalore,Karnataka,Near Baiyappanahalli Metro Station,"Near Baiyappanahalli Metro Station, Bangalore, Karnataka"
113133,Flagship Sea Coastal,Flagship Sea Coastal,Kakinada,Kakinada,Andhra Pradesh,,"Kakinada, Andhra Pradesh"
113180,Collection O 81293 Hotel Aditya Palace,Collection O 81293 Hotel Aditya Palace,Bhopal,Bhopal,Madhya Pradesh,,"Bhopal, Madhya Pradesh"
113183,Super OYO Townhouse 430 Everest Hotel,Super OYO Townhouse 430 Everest Hotel Near Chennai Central,Chennai,Chennai,Tamil Nadu,Near Chennai Central,"Near Chennai Central, Tamil Nadu"
113239,Home Shiva Shakthi Inn,Home Shiva Shakthi Inn Near Ragigudda Sri Prasanna Anjaneyaswamy Temple,Bangalore,Bangalore,Karnataka,Near Ragigudda Sri Prasanna Anjaneyaswamy Temple,"Near Ragigudda Sri Prasanna Anjaneyaswamy Temple, Bangalore, Karnataka"
113291,OYO Townhouse 81349 Townhouse Friends Inn,OYO Townhouse 81349 Townhouse Friends Inn,Indore,Indore,Madhya Pradesh,,"Indore, Madhya Pradesh"
113292,OYO Townhouse OAK Hotel Leo,OYO Townhouse OAK Hotel Leo,Ahmedabad,Ahmedabad,Gujarat,,"Ahmedabad, Gujarat"
113328,SPOT ON Relax Inn,SPOT ON Relax Inn,Agra,Agra,Uttar Pradesh,,"Agra, Uttar Pradesh"
113330,OYO Hotel Jeff,OYO Hotel Jeff,Jaipur,Jaipur,Rajasthan,,"Jaipur, Rajasthan"
113361,Capital O 81407 R R Residency,Capital O 81407 R R Residency,Bangalore,Bangalore,Karnataka,,"Bangalore, Karnataka"
113377,Flagship Hotel Evergreen,Flagship Hotel Evergreen,Faridabad,Faridabad,Haryana,,"Faridabad, Haryana"
113380,SPOT ON Nirvaan Guest House,SPOT ON Nirvaan Guest House,Guwahati,Guwahati,Assam,,"Guwahati, Assam"
113388,Collection O 81435 DC Lodge,Collection O 81435 DC Lodge,Guwahati,Guwahati,Assam,,"Guwahati, Assam"
113396,OYO Golf Inn Rooms,OYO Golf Inn Rooms,Gurgaon,Gurgaon,Haryana,,"Gurgaon, Haryana"
113399,OYO Hotel Patil,OYO Hotel Patil,Nagpur,Nagpur,Maharashtra,,"Nagpur, Maharashtra"
113446,Capital O Hotel Unity Landmark,Capital O Hotel Unity Landmark,Indore,Indore,Madhya Pradesh,,"Indore, Madhya Pradesh"
113477,OYO Flagship 81523 Noor Palace Group Of Houseboats,OYO Flagship 81523 Noor Palace Group Of Houseboats,Srinagar,Srinagar,Jammu and Kashmir,,"Srinagar, Jammu and Kashmir"
113480,Capital O The Paradise International,Capital O The Paradise International,Coimbatore,Coimbatore,Tamil Nadu,,"Coimbatore, Tamil Nadu"
113505,SPOT ON Sana Tourist Home,SPOT ON Sana Tourist Home,Kollam,Kollam,Kerala,,"Kollam, Kerala"
113577,Collection O Rudrajyot Hotel,Collection O Rudrajyot Hotel,Surat,Surat,Gujarat,,"Surat, Gujarat"
113590,OYO Home Luxury Stay,OYO Home Luxury Stay Near Cosmopolis,Bhubaneswar,Bhubaneswar,Odisha,Near Cosmopolis,"Near Cosmopolis, Bhubaneswar, Odisha"
113606,Capital O Swayamkrushi Arcade,Capital O Swayamkrushi Arcade,Bangalore,Bangalore,Karnataka,,"Bangalore, Karnataka"
113632,Collection O 81666 Cedar Hotel,Collection O 81666 Cedar Hotel,Chennai,Chennai,Tamil Nadu,,"Chennai, Tamil Nadu"
113699,Super Sleek OYO Townhouse 442 Galexia Hotel and Resorts,Super Sleek OYO Townhouse 442 Galexia Hotel and Resorts,Bangalore,Bangalore,Karnataka,,"Bangalore, Karnataka"
113738,Collection O 81766 Varahi,Collection O 81766 Varahi,Vellore,Vellore,Tamil Nadu,,"Vellore, Tamil Nadu"
113741,OYO Townhouse 447 Hotel Teg Royal,OYO Townhouse 447 Hotel Teg Royal,Amritsar,Amritsar,Punjab,,"Amritsar, Punjab"
113753,Collection O 81780 Sormistha Residency,Collection O 81780 Sormistha Residency,Asansol,Asansol,West Bengal,,"Asansol, West Bengal"
113768,Super OYO Collection O 81793 Hotel Staywell,Super OYO Collection O 81793 Hotel Staywell,Indore,Indore,Madhya Pradesh,,"Indore, Madhya Pradesh"
113777,SPOT ON Swarna Mayuri,SPOT ON Swarna Mayuri,Guntur,Guntur,Andhra Pradesh,,"Guntur, Andhra Pradesh"
113785,Townhouse OAK Ganpati 2,Townhouse OAK Ganpati 2,Siliguri,Siliguri,West Bengal,,"Siliguri, West Bengal"
113793,OYO Krishna Palace,OYO Krishna Palace,Vrindavan,Vrindavan,Uttar Pradesh,,"Vrindavan, Uttar Pradesh"
113804,OYO Townhouse 453 Malviya Nagar,OYO Townhouse 453 Malviya Nagar,Jaipur,Jaipur,Rajasthan,,"Jaipur, Rajasthan"
113807,Collection O Arn Guest House,Collection O Arn Guest House Near Chennai International Airport,Chennai,Chennai,Tamil Nadu,Near Chennai International Airport,"Near Chennai International Airport, Tamil Nadu"
113837,Super OYO Townhouse 479 Hotel Pine Tree,Super OYO Townhouse 479 Hotel Pine Tree,Indore,Indore,Madhya Pradesh,,"Indore, Madhya Pradesh"
113867,Collection O Hotel Platinum Inn And Suites,Collection O Hotel Platinum Inn And Suites,Amritsar,Amritsar,Punjab,,"Amritsar, Punjab"
113873,SPOT ON Ams Annex,SPOT ON Ams Annex,Chennai,Chennai,Tamil Nadu,,"Chennai, Tamil Nadu"
113888,Super OYO Townhouse 942 The Pallagio,Super OYO Townhouse 942 The Pallagio,Visakhapatnam,Visakhapatnam,Andhra Pradesh,,"Visakhapatnam, Andhra Pradesh"
113895,SPOT ON Hotel Meghdoot,SPOT ON Hotel Meghdoot,Bhilai,Bhilai,Chhattisgarh,,"Bhilai, Chhattisgarh"
113918,OYO Townhouse 225 Ashiyana Mukut Bazar,OYO Townhouse 225 Ashiyana Mukut Bazar,Lucknow,Lucknow,Uttar Pradesh,,"Lucknow, Uttar Pradesh"
113932,Collection O Hotel Mandakini,Collection O Hotel Mandakini,Kanpur,Kanpur,Uttar Pradesh,,"Kanpur, Uttar Pradesh"
113945,Collection O The Doors,Collection O The Doors Near Appu Ghar,Gurgaon,Gurgaon,Haryana,Near Appu Ghar,"Near Appu Ghar, Gurgaon, Haryana"
113947,Collection O Value Home Service,Collection O Value Home Service Near Guindy National Park,Chennai,Chennai,Tamil Nadu,Near Guindy National Park,"Near Guindy National Park, Chennai, Tamil Nadu"
113949,OYO Townhouse 889 Orchid Sankrish Velachery,OYO Townhouse 889 Orchid Sankrish Velachery,Chennai,Chennai,Tamil Nadu,,"Chennai, Tamil Nadu"
113970,OYO Townhouse 481 Hotel City Star,OYO Townhouse 481 Hotel City Star,Bareilly,Bareilly,Uttar Pradesh,,"Bareilly, Uttar Pradesh"
114004,OYO Hotel Galaxy,OYO Hotel Galaxy,Faridabad,Faridabad,Haryana,,"Faridabad, Haryana"
114072,OYO Flagship 82011 Royal Stay Inn,OYO Flagship 82011 Royal Stay Inn,Lucknow,Lucknow,Uttar Pradesh,,"Lucknow, Uttar Pradesh"
114073,OYO Flagship 82012 Hotel Ashotara Palace,OYO Flagship 82012 Hotel Ashotara Palace,Jaipur,Jaipur,Rajasthan,,"Jaipur, Rajasthan"
114083,OYO Grand L M,OYO Grand L M,Ajmer,Ajmer,Rajasthan,,"Ajmer, Rajasthan"
114107,OYO Townhouse 82047 Srk Live Inn Castle,OYO Townhouse 82047 Srk Live Inn Castle Near Ragigudda Sri Prasanna Anjaneyaswamy Temple,Bangalore,Bangalore,Karnataka,Near Ragigudda Sri Prasanna Anjaneyaswamy Temple,"Near Ragigudda Sri Prasanna Anjaneyaswamy Temple, Bangalore, Karnataka"
114135,OYO Chintamani Inn Service Apartment,OYO Chintamani Inn Service Apartment,Nagpur,Nagpur,Maharashtra,,"Nagpur, Maharashtra"
114193,Flagship Gsr Residency,Flagship Gsr Residency,Chennai,Chennai,Tamil Nadu,,"Chennai, Tamil Nadu"
114207,OYO Thikana Hotel,OYO Thikana Hotel,Rewari,Rewari,Haryana,,"Rewari, Haryana"
114230,Capital O Vrisha Inn,Capital O Vrisha Inn,Visakhapatnam,Visakhapatnam,Andhra Pradesh,,"Visakhapatnam, Andhra Pradesh"
114261,Capital O Fortune Inn,Capital O Fortune Inn Near Birla Mandir,Kolkata,Kolkata,West Bengal,Near Birla Mandir,"Near Birla Mandir, Kolkata, West Bengal"
114276,SPOT ON Luv-kush Inn,SPOT ON Luv-kush Inn,Patna,Patna,Bihar,,"Patna, Bihar"
114277,OYO Gayatri Guest House,OYO Gayatri Guest House,Visakhapatnam,Visakhapatnam,Andhra Pradesh,,"Visakhapatnam, Andhra Pradesh"
114283,Capital O Athitya Resort,Capital O Athitya Resort,Sikar,Sikar,Rajasthan,,"Sikar, Rajasthan"
114284,Super OYO Hotel Regency,Super OYO Hotel Regency Near Acropolis Mall,Kolkata,Kolkata,West Bengal,Near Acropolis Mall,"Near Acropolis Mall, Kolkata, West Bengal"
114293,OYO Hotel Meghma,OYO Hotel Meghma,Darjeeling,Darjeeling,West Bengal,,"Darjeeling, West Bengal"
114306,OYO Flagship 82241 Decent Pg,OYO Flagship 82241 Decent Pg,Ludhiana,Ludhiana,Punjab,,"Ludhiana, Punjab"
114346,Flagship Dinesh Home Stay,Flagship Dinesh Home Stay,Khajuraho,Khajuraho,Madhya Pradesh,,"Khajuraho, Madhya Pradesh"
114357,OYO Nova Resort,OYO Nova Resort,Raebareily,Raebareily,Uttar Pradesh,,"Raebareily, Uttar Pradesh"
114365,Capital O Safari Rooms,Capital O Safari Rooms Near Snow City,Bangalore,Bangalore,Karnataka,Near Snow City,"Near Snow City, Bangalore, Karnataka"
114380,OYO Holiday Inn,OYO Holiday Inn,Hyderabad,Hyderabad,Telangana,,"Hyderabad, Telangana"
114402,Collection O,Collection O Near Airport,Chennai,Chennai,Tamil Nadu,Near Airport,"Near Airport, Chennai, Tamil Nadu"
114412,Townhouse 1154 Mount Road Rich Mount,Townhouse 1154 Mount Road Rich Mount Near Marina Beach,Chennai,Chennai,Tamil Nadu,Near Marina Beach,"Near Marina Beach, Chennai, Tamil Nadu"
114441,OYO Ocean's 11,OYO Ocean's 11,Meerut,Meerut,Uttar Pradesh,,"Meerut, Uttar Pradesh"
114451,OYO Akshaya Kanuru,OYO Akshaya Kanuru,Vijayawada,Vijayawada,Andhra Pradesh,,"Vijayawada, Andhra Pradesh"
114476,Collection O Sukhi Palace,Collection O Sukhi Palace Near Ragigudda Sri Prasanna Anjaneyaswamy Temple,Bangalore,Bangalore,Karnataka,Near Ragigudda Sri Prasanna Anjaneyaswamy Temple,"Near Ragigudda Sri Prasanna Anjaneyaswamy Temple, Bangalore, Karnataka"
114497,SPOT ON Hotel Blue Ray,SPOT ON Hotel Blue Ray,Ghaziabad,Ghaziabad,Uttar Pradesh,,"Ghaziabad, Uttar Pradesh"
114528,Collection O Hotel Srinivasa Residency,Collection O Hotel Srinivasa Residency,Tirupati,Tirupati,Andhra Pradesh,,"Tirupati, Andhra Pradesh"
114530,OYO Townhouse 678 De Alphabet Tirupati,OYO Townhouse 678 De Alphabet Tirupati,Tirupati,Tirupati,Andhra Pradesh,,"Tirupati, Andhra Pradesh"
114533,Palette Collection Kevadia Houseboat,"Palette Collection Kevadia Houseboat, Statue Of Unity",Vadodara,Vadodara,Gujarat,Statue Of Unity,"Statue Of Unity, Vadodara, Gujarat"
114556,OYO Hotel Meet,OYO Hotel Meet,Lucknow,Lucknow,Uttar Pradesh,,"Lucknow, Uttar Pradesh"
114563,OYO Snowdale Residency,OYO Snowdale Residency,Darjeeling,Darjeeling,West Bengal,,"Darjeeling, West Bengal"
114576,Collection O 82491 Crystal Palace,Collection O 82491 Crystal Palace,Darjeeling,Darjeeling,West Bengal,,"Darjeeling, West Bengal"
114598,OYO Hotel Daily,OYO Hotel Daily,Jaipur,Jaipur,Rajasthan,,"Jaipur, Rajasthan"
114601,OYO Townhouse Hotel Galaxy Stay,OYO Townhouse Hotel Galaxy Stay,Delhi_Transit,Delhi (Transit),Delhi,"Near IGI Airport, Mahipalpur","Near IGI Airport, Mahipalpur, Delhi"
114602,Capital O Hotel Royal In,Capital O Hotel Royal In,Gwalior,Gwalior,Madhya Pradesh,,"Gwalior, Madhya Pradesh"
114653,Capital O 82561 Hotel Om Palace,Capital O 82561 Hotel Om Palace,Bhopal,Bhopal,Madhya Pradesh,,"Bhopal, Madhya Pradesh"
114656,OYO Flagship 82564 Blue Moon Residency,OYO Flagship 82564 Blue Moon Residency,Ludhiana,Ludhiana,Punjab,,"Ludhiana, Punjab"
114668,OYO Hotel Devpuri Inn,OYO Hotel Devpuri Inn,Lucknow,Lucknow,Uttar Pradesh,,"Lucknow, Uttar Pradesh"
114676,SPOT ON Plaza Guest House,SPOT ON Plaza Guest House,Patna,Patna,Bihar,,"Patna, Bihar"
114677,Capital O Honey Hotel,Capital O Honey Hotel,Raipur,Raipur,Chhattisgarh,,"Raipur, Chhattisgarh"
114685,OYO Dooars Green Resort,OYO Dooars Green Resort,Latagudi,Latagudi,West Bengal,,"Latagudi, West Bengal"
114688,Collection O Safe Hotel Kadavanthra,Collection O Safe Hotel Kadavanthra,Ernakulam,Ernakulam,Kerala,,"Ernakulam, Kerala"
114825,OYO Townhouse 504 by My Stay,OYO Townhouse 504 by My Stay,Jaipur,Jaipur,Rajasthan,,"Jaipur, Rajasthan"
114832,Capital O Sillery Gaon,Capital O Sillery Gaon,Sillery-Gaon,Sillery-Gaon,West Bengal,,"Sillery-Gaon, West Bengal"
114879,Flagship Jeyam Residency,Flagship Jeyam Residency,Chennai,Chennai,Tamil Nadu,,"Chennai, Tamil Nadu"
114890,Flagship Hotel Royal Rooms,Flagship Hotel Royal Rooms,Faridabad,Faridabad,Haryana,,"Faridabad, Haryana"
114894,OYO Kavyainn,OYO Kavyainn,Pushkar,Pushkar,Rajasthan,,"Pushkar, Rajasthan"
114900,OYO Flagship Hotel The Skyland,OYO Flagship Hotel The Skyland,Ghaziabad,Ghaziabad,Uttar Pradesh,,"Ghaziabad, Uttar Pradesh"
114905,Flagship Live Inn Guest House,Flagship Live Inn Guest House,Visakhapatnam,Visakhapatnam,Andhra Pradesh,,"Visakhapatnam, Andhra Pradesh"
114912,OYO Townhouse 691 Hotel Sulit,OYO Townhouse 691 Hotel Sulit,Agra,Agra,Uttar Pradesh,,"Agra, Uttar Pradesh"
114916,OYO Radhe Hotel,OYO Radhe Hotel,Bhiwadi,Bhiwadi,Rajasthan,,"Bhiwadi, Rajasthan"
114918,OYO Hotel Alfa,OYO Hotel Alfa,Una,Una,Himachal Pradesh,,"Una, Himachal Pradesh"
114922,Flagship Alora Inn,Flagship Alora Inn,Bhilai,Bhilai,Chhattisgarh,,"Bhilai, Chhattisgarh"
114923,Collection O Gp Hotel,Collection O Gp Hotel,Chandigarh,Chandigarh,Chandigarh,,Chandigarh
114924,Super OYO Flagship Kalsia Home Stay,Super OYO Flagship Kalsia Home Stay,Mussoorie,Mussoorie,Uttarakhand,,"Mussoorie, Uttarakhand"
114945,SPOT ON Stacy Guest House,SPOT ON Stacy Guest House,Jind,Jind,Haryana,,"Jind, Haryana"
114950,Flagship Abut Guest House,Flagship Abut Guest House,Ghaziabad,Ghaziabad,Uttar Pradesh,,"Ghaziabad, Uttar Pradesh"
114984,OYO Townhouse 82843 Hotel Somani,OYO Townhouse 82843 Hotel Somani,Mumbai,Mumbai,Maharashtra,,"Mumbai, Maharashtra"
114985,SPOT ON Hotel The Blue Moon,SPOT ON Hotel The Blue Moon,Raipur,Raipur,Chhattisgarh,,"Raipur, Chhattisgarh"
114992,Super OYO Collection O Shubham Residency,Super OYO Collection O Shubham Residency Near Botanic Garden of Indian Republic,Noida,Noida,Uttar Pradesh,Near Botanic Garden of Indian Republic,"Near Botanic Garden of Indian Republic, Noida, Uttar Pradesh"
115031,Super OYO Collection O 82887 Hotel Star Inn,Super OYO Collection O 82887 Hotel Star Inn,Karnal,Karnal,Haryana,,"Karnal, Haryana"
115046,OYO Royals Rana Hotel,OYO Royals Rana Hotel,Meerut,Meerut,Uttar Pradesh,,"Meerut, Uttar Pradesh"
115056,Capital O 82908 Khushi Villa,Capital O 82908 Khushi Villa,Mahabaleshwar,Mahabaleshwar,Maharashtra,,"Mahabaleshwar, Maharashtra"
115071,Collection O Hotel Verena,Collection O Hotel Verena,Indore,Indore,Madhya Pradesh,,"Indore, Madhya Pradesh"
115074,Collection O 82926 Hotel Royal Plaza,Collection O 82926 Hotel Royal Plaza,Ahmedabad,Ahmedabad,Gujarat,,"Ahmedabad, Gujarat"
115086,Hotel The Park,Hotel The Park,Faridabad,Faridabad,Haryana,,"Faridabad, Haryana"
115088,Super OYO Townhouse OAK Elite Oakland,Super OYO Townhouse OAK Elite Oakland,Manesar,Manesar,Haryana,,"Manesar, Haryana"
115107,Flagship Hotel Yadgar,Flagship Hotel Yadgar,Shimla,Shimla,Himachal Pradesh,,"Shimla, Himachal Pradesh"
115112,Capital O Hotel K Star,Capital O Hotel K Star,Ludhiana,Ludhiana,Punjab,,"Ludhiana, Punjab"
115134,Collection O Reeva Regency,Collection O Reeva Regency,Shirdi,Shirdi,Maharashtra,,"Shirdi, Maharashtra"
115197,Super OYO Flagship 83042 Skywind,Super OYO Flagship 83042 Skywind,Trivandrum,Trivandrum,Kerala,,"Trivandrum, Kerala"
115215,OYO Townhouse 611 Anna Nagar Welcome Inn,OYO Townhouse 611 Anna Nagar Welcome Inn Near Thirumangalam Metro Station,Chennai,Chennai,Tamil Nadu,Near Thirumangalam Metro Station,"Near Thirumangalam Metro Station, Chennai, Tamil Nadu"
115230,Flagship Hotel Rudra Palace,Flagship Hotel Rudra Palace,Ahmedabad,Ahmedabad,Gujarat,,"Ahmedabad, Gujarat"
115233,Collection O Hotel Pal Avadh,Collection O Hotel Pal Avadh,Lucknow,Lucknow,Uttar Pradesh,,"Lucknow, Uttar Pradesh"
115254,Flagship Hotel Raj Pacific,Flagship Hotel Raj Pacific,Ghaziabad,Ghaziabad,Uttar Pradesh,,"Ghaziabad, Uttar Pradesh"
115275,Flagship Hotel Shimla View,Flagship Hotel Shimla View,Shimla,Shimla,Himachal Pradesh,,"Shimla, Himachal Pradesh"
115279,OYO Unique Gaust House,OYO Unique Gaust House,Bhiwani,Bhiwani,Haryana,,"Bhiwani, Haryana"
115301,OYO Townhouse 575 Hotel Rushank Inn,OYO Townhouse 575 Hotel Rushank Inn,Jaipur,Jaipur,Rajasthan,,"Jaipur, Rajasthan"
115302,SPOT ON 83131 Saini Property,SPOT ON 83131 Saini Property,Narnaul,Narnaul,Haryana,,"Narnaul, Haryana"
115330,SPOT ON Hotel Morning Star Inn,SPOT ON Hotel Morning Star Inn,Bhilai,Bhilai,Chhattisgarh,,"Bhilai, Chhattisgarh"
115344,Flagship The Golden Visakha Guest House,Flagship The Golden Visakha Guest House,Visakhapatnam,Visakhapatnam,Andhra Pradesh,,"Visakhapatnam, Andhra Pradesh"
115363,SPOT ON Paras Ratna,SPOT ON Paras Ratna,Moradabad,Moradabad,Uttar Pradesh,,"Moradabad, Uttar Pradesh"
115389,Flagship Destiny Living,Flagship Destiny Living,Pune,Pune,Maharashtra,,"Pune, Maharashtra"
115417,Collection O Hotel Shri Ganesh,Collection O Hotel Shri Ganesh,Jaipur,Jaipur,Rajasthan,,"Jaipur, Rajasthan"
115428,Flagship Ekora Resort,Flagship Ekora Resort,Kaziranga,Kaziranga,Assam,,"Kaziranga, Assam"
115440,OYO Townhouse 595 Majestic Inn,OYO Townhouse 595 Majestic Inn,Kochi,Kochi,Kerala,,"Kochi, Kerala"
115532,Super OYO Sahu Room's,Super OYO Sahu Room's,Ayodhya,Ayodhya,Uttar Pradesh,,"Ayodhya, Uttar Pradesh"
115537,OYO Khard Palace,OYO Khard Palace,Jhansi,Jhansi,Uttar Pradesh,,"Jhansi, Uttar Pradesh"
115541,Super OYO Chaudhary Hotel,Super OYO Chaudhary Hotel,Bawal,Bawal,Haryana,,"Bawal, Haryana"
152721,OYO Hotel Sna Grand,OYO Hotel Sna Grand Near Sudarshan Cinema,Lucknow,Lucknow,Uttar Pradesh,Near Sudarshan Cinema,"Near Sudarshan Cinema, Lucknow, Uttar Pradesh"
155723,OYO Townhouse 83397 Jagatpura & Pratapnagar,OYO Townhouse 83397 Jagatpura & Pratapnagar,Jaipur,Jaipur,Rajasthan,,"Jaipur, Rajasthan"
155737,Flagship Hotel Lakhnavi Inn,Flagship Hotel Lakhnavi Inn,Lucknow,Lucknow,Uttar Pradesh,,"Lucknow, Uttar Pradesh"
155761,OYO Flagship 83435 SR Grand,OYO Flagship 83435 SR Grand,Gorakhpur,Gorakhpur,Uttar Pradesh,,"Gorakhpur, Uttar Pradesh"
155765,Collection O Hotel The Lemongrass,Collection O Hotel The Lemongrass,Prayagraj,Prayagraj,Uttar Pradesh,,"Prayagraj, Uttar Pradesh"
155767,OYO Flagship Surprise Farm House,OYO Flagship Surprise Farm House,Aligarh,Aligarh,Uttar Pradesh,,"Aligarh, Uttar Pradesh"
155768,Townhouse 664 Hotel Shiv Rachna,Townhouse 664 Hotel Shiv Rachna,Jaipur,Jaipur,Rajasthan,,"Jaipur, Rajasthan"
155788,Flagship Hotel Patil 2,Flagship Hotel Patil 2,Nagpur,Nagpur,Maharashtra,,"Nagpur, Maharashtra"
155831,OYO Townhouse 703 Super-3 Govind Nagar,OYO Townhouse 703 Super-3 Govind Nagar,Kanpur,Kanpur,Uttar Pradesh,,"Kanpur, Uttar Pradesh"
155835,OYO Hr 10 Hotel,OYO Hr 10 Hotel,Sonipat,Sonipat,Haryana,,"Sonipat, Haryana"
155847,Flagship Kb Residency,Flagship Kb Residency,Chennai,Chennai,Tamil Nadu,,"Chennai, Tamil Nadu"
155925,Collection O Golden Galaxy Inn,Collection O Golden Galaxy Inn,Lucknow,Lucknow,Uttar Pradesh,,"Lucknow, Uttar Pradesh"
155931,OYO Townhouse 632 Pisto Inn,OYO Townhouse 632 Pisto Inn,Jaipur,Jaipur,Rajasthan,,"Jaipur, Rajasthan"
155943,OYO Hotel Sai Nanda,OYO Hotel Sai Nanda,Shirdi,Shirdi,Maharashtra,,"Shirdi, Maharashtra"
155954,Townhouse OAK Hi-City,Townhouse OAK Hi-City,Guwahati,Guwahati,Assam,,"Guwahati, Assam"
155968,Super OYO Collection O Yamuna Palace,Super OYO Collection O Yamuna Palace Near Gomti Riverfront Park,Lucknow,Lucknow,Uttar Pradesh,Near Gomti Riverfront Park,"Near Gomti Riverfront Park, Lucknow, Uttar Pradesh"
155989,Collection O The Oaks Residency,Collection O The Oaks Residency,Chennai,Chennai,Tamil Nadu,,"Chennai, Tamil Nadu"
155993,Flagship Hotel Global Stay,Flagship Hotel Global Stay,Delhi_Transit,Delhi (Transit),Delhi,"Near IGI Airport, Mahipalpur","Near IGI Airport, Mahipalpur, Delhi"
156018,Super OYO Collection O Oak Wood Inn,Super OYO Collection O Oak Wood Inn,Dehradun,Dehradun,Uttarakhand,,"Dehradun, Uttarakhand"
156031,Collection O Sapphire,Collection O Sapphire,Chandigarh,Chandigarh,Chandigarh,,Chandigarh
156040,OYO The Nine Hotel Mansarovar,OYO The Nine Hotel Mansarovar,Jaipur,Jaipur,Rajasthan,,"Jaipur, Rajasthan"
156059,Collection O Lala Homes,Collection O Lala Homes,Kochi,Kochi,Kerala,,"Kochi, Kerala"
156089,Capital O The Fortune,Capital O The Fortune,Indore,Indore,Madhya Pradesh,,"Indore, Madhya Pradesh"
156101,Super OYO Collection O Hotel Grand Capitol-2,Super OYO Collection O Hotel Grand Capitol-2,Jaipur,Jaipur,Rajasthan,,"Jaipur, Rajasthan"
156155,OYO Hotel The Knight,OYO Hotel The Knight,Jaipur,Jaipur,Rajasthan,,"Jaipur, Rajasthan"
156159,OYO Flagship 83777 Sima Inn,OYO Flagship 83777 Sima Inn,Kolkata,Kolkata,West Bengal,,"Kolkata, West Bengal"
156176,SPOT ON Ganguly Hotel Lodging And Fooding,SPOT ON Ganguly Hotel Lodging And Fooding,Purulia,Purulia,West Bengal,,"Purulia, West Bengal"
156282,Collection O Hotel Fern,Collection O Hotel Fern,Zirakpur,Zirakpur,Punjab,,"Zirakpur, Punjab"
156985,Townhouse OAK Hotel Vinnie,Townhouse OAK Hotel Vinnie,Jaipur,Jaipur,Rajasthan,,"Jaipur, Rajasthan"
158728,Townhouse OAK Horizon Holidays,Townhouse OAK Horizon Holidays,Lonavala,Lonavala,Maharashtra,,"Lonavala, Maharashtra"
159705,OYO Home Narmada Homestay,OYO Home Narmada Homestay,Vadodara,Vadodara,Gujarat,,"Vadodara, Gujarat"
160753,Collection O 83969 Hotel Golden Grand Inn,Collection O 83969 Hotel Golden Grand Inn Near Kengeri Bus Terminal Metro Station,Bangalore,Bangalore,Karnataka,Near Kengeri Bus Terminal Metro Station,"Near Kengeri Bus Terminal Metro Station, Bangalore, Karnataka"
160941,Super OYO Collection O 83988 Hotel Sun Palace,Super OYO Collection O 83988 Hotel Sun Palace,Udaipur,Udaipur,Rajasthan,,"Udaipur, Rajasthan"
161125,Super OYO Hotel Welcome,Super OYO Hotel Welcome,Aligarh,Aligarh,Uttar Pradesh,,"Aligarh, Uttar Pradesh"
161291,OYO Hotel Bella Ciao,OYO Hotel Bella Ciao,Ludhiana,Ludhiana,Punjab,,"Ludhiana, Punjab"
161303,Flagship Hotel Redbull,Flagship Hotel Redbull,Udaipur,Udaipur,Rajasthan,,"Udaipur, Rajasthan"
161390,Flagship Grand Residency,Flagship Grand Residency,Chennai,Chennai,Tamil Nadu,,"Chennai, Tamil Nadu"
161485,OYO Hotel Royal Orbit Mahipalpur,OYO Hotel Royal Orbit Mahipalpur,Delhi_Transit,Delhi (Transit),Delhi,"Near IGI Airport, Mahipalpur","Near IGI Airport, Mahipalpur, Delhi"
161560,Super OYO Sree Homes,Super OYO Sree Homes,Visakhapatnam,Visakhapatnam,Andhra Pradesh,,"Visakhapatnam, Andhra Pradesh"
161562,OYO Hotel River View,OYO Hotel River View,Patna,Patna,Bihar,,"Patna, Bihar"
161564,OYO Home Etu Adventures Homestay,OYO Home Etu Adventures Homestay,Dalhousie,Dalhousie,Himachal Pradesh,,"Dalhousie, Himachal Pradesh"
161567,OYO 24*7 Hotel,OYO 24*7 Hotel,Ghaziabad,Ghaziabad,Uttar Pradesh,,"Ghaziabad, Uttar Pradesh"
161632,OYO Flagship 84218 Hotel Bankar House,OYO Flagship 84218 Hotel Bankar House,Ranjangaon,Ranjangaon,Maharashtra,,"Ranjangaon, Maharashtra"
161642,Flagship Hotel Sai Anant,Flagship Hotel Sai Anant,Bilaspur,Bilaspur,Chhattisgarh,,"Bilaspur, Chhattisgarh"
161653,Flagship Tasya Heritage,Flagship Tasya Heritage,Amravati,Amravati,Maharashtra,,"Amravati, Maharashtra"
162028,OYO The Green Orchid,OYO The Green Orchid,Ludhiana,Ludhiana,Punjab,,"Ludhiana, Punjab"
162029,OYO Hc Plaza,OYO Hc Plaza,Kharar,Kharar,Punjab,,"Kharar, Punjab"
162103,Flagship Arunachala Guest House,Flagship Arunachala Guest House,Chennai,Chennai,Tamil Nadu,,"Chennai, Tamil Nadu"
162106,OYO 84266 Mahaveer Residency,OYO 84266 Mahaveer Residency,Meerut,Meerut,Uttar Pradesh,,"Meerut, Uttar Pradesh"
162221,OYO Home Unity Home Stay,OYO Home Unity Home Stay,Vadodara,Vadodara,Gujarat,,"Vadodara, Gujarat"
162310,OYO Home Mahavir Home Stay,OYO Home Mahavir Home Stay,Vadodara,Vadodara,Gujarat,,"Vadodara, Gujarat"
162311,Townhouse OAK Pavana Valley Resort,Townhouse OAK Pavana Valley Resort,Lonavala,Lonavala,Maharashtra,,"Lonavala, Maharashtra"
162485,Super OYO Flagship Hotel Prime Rose,Super OYO Flagship Hotel Prime Rose,Kurukshetra,Kurukshetra,Haryana,,"Kurukshetra, Haryana"
162717,OYO Townhouse 685 One Hotel,OYO Townhouse 685 One Hotel,Ghaziabad,Ghaziabad,Uttar Pradesh,,"Ghaziabad, Uttar Pradesh"
162751,Flagship Kelambakkam,Flagship Kelambakkam,Chennai,Chennai,Tamil Nadu,,"Chennai, Tamil Nadu"
162815,OYO Hotel Saini,OYO Hotel Saini,Zirakpur,Zirakpur,Punjab,,"Zirakpur, Punjab"
162889,OYO Flagship 84379 York Inn,OYO Flagship 84379 York Inn,Alibag,Alibag,Maharashtra,,"Alibag, Maharashtra"
162933,OYO Townhouse 687 Hotel 77,OYO Townhouse 687 Hotel 77,Ludhiana,Ludhiana,Punjab,,"Ludhiana, Punjab"
162992,OYO Hotel The Grand Celebration,OYO Hotel The Grand Celebration,Patna,Patna,Bihar,,"Patna, Bihar"
162999,OYO Hotel Hometown,OYO Hotel Hometown,Bulandshahr,Bulandshahr,Uttar Pradesh,,"Bulandshahr, Uttar Pradesh"
163008,OYO Shubham Hotel,OYO Shubham Hotel,Lucknow,Lucknow,Uttar Pradesh,,"Lucknow, Uttar Pradesh"
163009,Flagship Hotel Kashish,Flagship Hotel Kashish,Wardha,Wardha,Maharashtra,,"Wardha, Maharashtra"
163100,SPOT ON Hotel Amaira,SPOT ON Hotel Amaira,Bilaspur,Bilaspur,Chhattisgarh,,"Bilaspur, Chhattisgarh"
163129,Collection O Limewood Stay,Collection O Limewood Stay,Manesar,Manesar,Haryana,,"Manesar, Haryana"
163172,OYO Tripureswari Guest House,OYO Tripureswari Guest House,Puri,Puri,Odisha,,"Puri, Odisha"
163324,OYO Hotel Sai Sanket,OYO Hotel Sai Sanket,Shirdi,Shirdi,Maharashtra,,"Shirdi, Maharashtra"
163325,Collection O 84540 Hotel Sindhu,Collection O 84540 Hotel Sindhu,Khammam,Khammam,Telangana,,"Khammam, Telangana"
163336,Collection O Hotel Tashi Tenka,Collection O Hotel Tashi Tenka,Gangtok,Gangtok,Sikkim,,"Gangtok, Sikkim"
163399,SPOT ON Dehra Sabri Hotel,SPOT ON Dehra Sabri Hotel,Roorkee,Roorkee,Uttarakhand,,"Roorkee, Uttarakhand"
163400,SPOT ON Venkata Sai Residency,SPOT ON Venkata Sai Residency,Tirupati,Tirupati,Andhra Pradesh,,"Tirupati, Andhra Pradesh"
163422,Capital O 84569 Yashaswi,Capital O 84569 Yashaswi,Mysore,Mysore,Karnataka,,"Mysore, Karnataka"
163517,Collection O The Transit,Collection O The Transit,Guwahati,Guwahati,Assam,,"Guwahati, Assam"
163522,OYO Hotel City Luxury 45,OYO Hotel City Luxury 45,Chandigarh,Chandigarh,Chandigarh,,Chandigarh
163633,OYO Jp Palace,OYO Jp Palace,Keonjhar,Keonjhar,Odisha,,"Keonjhar, Odisha"
163853,Flagship Lake View Resort,Flagship Lake View Resort,Chennai,Chennai,Tamil Nadu,,"Chennai, Tamil Nadu"
163932,OYO Home Homestay Manzoor Dedard,OYO Home Homestay Manzoor Dedard,Pahalgam,Pahalgam,Jammu and Kashmir,,"Pahalgam, Jammu and Kashmir"
163938,POP HOME 84685 Hills Heaven Homestay,POP HOME 84685 Hills Heaven Homestay,Pahalgam,Pahalgam,Jammu and Kashmir,,"Pahalgam, Jammu and Kashmir"
163944,OYO Home Homestay Rashid Wani,OYO Home Homestay Rashid Wani,Pahalgam,Pahalgam,Jammu and Kashmir,,"Pahalgam, Jammu and Kashmir"
164014,Super OYO Ambika Guest House,Super OYO Ambika Guest House,Pushkar,Pushkar,Rajasthan,,"Pushkar, Rajasthan"
164070,Super OYO Townhouse 724 Hotel Tulip,Super OYO Townhouse 724 Hotel Tulip,Vadodara,Vadodara,Gujarat,,"Vadodara, Gujarat"
164272,Flagship Cozy Stay Kharghar,Flagship Cozy Stay Kharghar,Mumbai,Mumbai,Maharashtra,,"Mumbai, Maharashtra"
164280,OYO Hotel Delhi Heart,OYO Hotel Delhi Heart,Nainital,Nainital,Uttarakhand,,"Nainital, Uttarakhand"
164353,Super OYO Townhouse 726 Hotel All In One,Super OYO Townhouse 726 Hotel All In One Near City Centre Salt Lake,Kolkata,Kolkata,West Bengal,Near City Centre Salt Lake,"Near City Centre Salt Lake, Kolkata, West Bengal"
164354,Capital O Diamond 18,Capital O Diamond 18 Near Worlds Of Wonder,Noida,Noida,Uttar Pradesh,Near Worlds Of Wonder,"Near Worlds Of Wonder, Noida, Uttar Pradesh"
164363,Flagship Hotel Creation Premium,Flagship Hotel Creation Premium,Jamshedpur,Jamshedpur,Jharkhand,,"Jamshedpur, Jharkhand"
166037,OYO Sea Iqra,OYO Sea Iqra,Delhi_Transit,Delhi (Transit),Delhi,"Near IGI Airport, Mahipalpur","Near IGI Airport, Mahipalpur, Delhi"
166521,OYO Hotel Gulfam Palace,OYO Hotel Gulfam Palace,Pahalgam,Pahalgam,Jammu and Kashmir,,"Pahalgam, Jammu and Kashmir"
166860,Flagship I Plaza,Flagship I Plaza,Madurai,Madurai,Tamil Nadu,,"Madurai, Tamil Nadu"
166866,OYO Shanti Stay,OYO Shanti Stay,Delhi_Transit,Delhi (Transit),Delhi,"Near IGI Airport, Mahipalpur","Near IGI Airport, Mahipalpur, Delhi"
166873,OYO Sai Krishna Residency,OYO Sai Krishna Residency,Vijayawada,Vijayawada,Andhra Pradesh,,"Vijayawada, Andhra Pradesh"
166889,OYO Townhouse 948 Hotel Classic Holidays,OYO Townhouse 948 Hotel Classic Holidays,Jaipur,Jaipur,Rajasthan,,"Jaipur, Rajasthan"
167148,OYO Hotel Stadium Plaza,OYO Hotel Stadium Plaza,Surat,Surat,Gujarat,,"Surat, Gujarat"
167163,Collection O Hotel Twilight Classic,Collection O Hotel Twilight Classic,Jaipur,Jaipur,Rajasthan,,"Jaipur, Rajasthan"
167167,Super OYO Flagship Orphic Inn,Super OYO Flagship Orphic Inn Near Munshi Pulia Metro Station,Lucknow,Lucknow,Uttar Pradesh,Near Munshi Pulia Metro Station,"Near Munshi Pulia Metro Station, Lucknow, Uttar Pradesh"
167393,OYO Flagship 84977 Hotel Mirage,OYO Flagship 84977 Hotel Mirage Near Delhi Airport,Delhi_Transit,Delhi (Transit),Delhi,Near Delhi Airport,"Near Delhi Airport, Delhi (Transit), Delhi"
167603,Flagship ECR,Flagship ECR,Chennai,Chennai,Tamil Nadu,,"Chennai, Tamil Nadu"
167617,Townhouse OAK Avinash Residence,Townhouse OAK Avinash Residence,Bhopal,Bhopal,Madhya Pradesh,,"Bhopal, Madhya Pradesh"
167798,OYO Townhouse 801 The Circle,OYO Townhouse 801 The Circle,Jaipur,Jaipur,Rajasthan,,"Jaipur, Rajasthan"
167803,Collection O Royal Orchid,Collection O Royal Orchid,Guwahati,Guwahati,Assam,,"Guwahati, Assam"
168083,Capital O Hotel Kpr Inn,Capital O Hotel Kpr Inn Near Gomti Riverfront Park,Lucknow,Lucknow,Uttar Pradesh,Near Gomti Riverfront Park,"Near Gomti Riverfront Park, Lucknow, Uttar Pradesh"
168085,OYO Home Bankey Bihari Hotel,OYO Home Bankey Bihari Hotel,Meerut,Meerut,Uttar Pradesh,,"Meerut, Uttar Pradesh"
168266,Collection O Hotel Sankalp,Collection O Hotel Sankalp,Faridabad,Faridabad,Haryana,,"Faridabad, Haryana"
168277,Collection O The Eternity,Collection O The Eternity,Indore,Indore,Madhya Pradesh,,"Indore, Madhya Pradesh"
168339,OYO Hotel Shree Ram,OYO Hotel Shree Ram,Delhi_Transit,Delhi (Transit),Delhi,"Near IGI Airport, Mahipalpur","Near IGI Airport, Mahipalpur, Delhi"
168354,OYO Flagship 85221 Klv Residency,OYO Flagship 85221 Klv Residency,Pondicherry,Pondicherry,Puducherry,,"Pondicherry, Puducherry"
168575,Super OYO Corinthia Boutique Rooms,Super OYO Corinthia Boutique Rooms Near Candolim Beach,Goa,Goa,Goa,Near Candolim Beach,"Near Candolim Beach, Goa"
168641,OYO Oxy The Delight,OYO Oxy The Delight,Ranchi,Ranchi,Jharkhand,,"Ranchi, Jharkhand"
168652,Capital O Kabita Guest House,Capital O Kabita Guest House Near Acropolis Mall,Kolkata,Kolkata,West Bengal,Near Acropolis Mall,"Near Acropolis Mall, Kolkata, West Bengal"
168724,Super OYO Collection O 85404 Valleyton Park,Super OYO Collection O 85404 Valleyton Park,Bangalore,Bangalore,Karnataka,,"Bangalore, Karnataka"
168758,Super OYO Capital O De Alphabet Kakinada,Super OYO Capital O De Alphabet Kakinada,Kakinada,Kakinada,Andhra Pradesh,,"Kakinada, Andhra Pradesh"
168780,Collection O Inn14 Omr | Mappillai Vilas,Collection O Inn14 Omr | Mappillai Vilas,Chennai,Chennai,Tamil Nadu,,"Chennai, Tamil Nadu"
168979,OYO Home Rupuz Lavish Homestay,OYO Home Rupuz Lavish Homestay,Sibsagar,Sibsagar,Assam,,"Sibsagar, Assam"
168983,OYO Shri Veni Madhav Hotel,OYO Shri Veni Madhav Hotel,Prayagraj,Prayagraj,Uttar Pradesh,,"Prayagraj, Uttar Pradesh"
169046,OYO SSD Plaza,OYO SSD Plaza,Delhi_Transit,Delhi (Transit),Delhi,"Near IGI Airport, Mahipalpur","Near IGI Airport, Mahipalpur, Delhi"
169049,Capital O Hotel Rourkela Palace,Capital O Hotel Rourkela Palace,Rourkela,Rourkela,Odisha,,"Rourkela, Odisha"
169601,OYO Hotel Rudra Palace,OYO Hotel Rudra Palace Near Phoenix United Lucknow,Lucknow,Lucknow,Uttar Pradesh,Near Phoenix United Lucknow,"Near Phoenix United Lucknow, Uttar Pradesh"
169604,OYO Flagship 85554 Hotel Premium Hari,OYO Flagship 85554 Hotel Premium Hari,Jamshedpur,Jamshedpur,Jharkhand,,"Jamshedpur, Jharkhand"
169621,OYO Flagship 85570 Hotel Krishna,OYO Flagship 85570 Hotel Krishna,Prayagraj,Prayagraj,Uttar Pradesh,,"Prayagraj, Uttar Pradesh"
169694,Capital O Hotel City Inn,Capital O Hotel City Inn,Amritsar,Amritsar,Punjab,,"Amritsar, Punjab"
169729,Super OYO Capital O 85641 Hotel The Grand White,Super OYO Capital O 85641 Hotel The Grand White,Ahmedabad,Ahmedabad,Gujarat,,"Ahmedabad, Gujarat"
169829,Capital O Hotel Shree,Capital O Hotel Shree,Kanpur,Kanpur,Uttar Pradesh,,"Kanpur, Uttar Pradesh"
169838,OYO Green City Hotel Rohtak,OYO Green City Hotel Rohtak,Rohtak,Rohtak,Haryana,,"Rohtak, Haryana"
169842,OYO Assam Inn,OYO Assam Inn,Guwahati,Guwahati,Assam,,"Guwahati, Assam"
169856,Flagship Hotel ACS Inn,Flagship Hotel ACS Inn,Coimbatore,Coimbatore,Tamil Nadu,,"Coimbatore, Tamil Nadu"
169955,Super OYO Capital O Hotel Dayal,Super OYO Capital O Hotel Dayal,Chandigarh,Chandigarh,Chandigarh,,Chandigarh
170040,OYO Divyata Pride Jankipuram,OYO Divyata Pride Jankipuram,Lucknow,Lucknow,Uttar Pradesh,,"Lucknow, Uttar Pradesh"
170059,OYO Townhouse 850 The Redfox Hotels,OYO Townhouse 850 The Redfox Hotels Near US CONSULATE,Chennai,Chennai,Tamil Nadu,Near US CONSULATE,"Near US CONSULATE, Chennai, Tamil Nadu"
170064,Collection O Lasso Residency,Collection O Lasso Residency,Gangtok,Gangtok,Sikkim,,"Gangtok, Sikkim"
170066,Collection O Hotel Valley View,Collection O Hotel Valley View,Gangtok,Gangtok,Sikkim,,"Gangtok, Sikkim"
170081,OYO Flagship 85830 Ann's Cottage,OYO Flagship 85830 Ann's Cottage,Faridabad,Faridabad,Haryana,,"Faridabad, Haryana"
170150,Super OYO Capital O 85839 Hotel A-one,Super OYO Capital O 85839 Hotel A-one,Manesar,Manesar,Haryana,,"Manesar, Haryana"
170158,OYO The Bliss Resort & Banquet,OYO The Bliss Resort & Banquet,Bareilly,Bareilly,Uttar Pradesh,,"Bareilly, Uttar Pradesh"
170356,OYO Home S Franso,OYO Home S Franso,Delhi_Transit,Delhi (Transit),Delhi,"Near IGI Airport, Mahipalpur","Near IGI Airport, Mahipalpur, Delhi"
170471,Townhouse OAK Pratham Inn,Townhouse OAK Pratham Inn,Lucknow,Lucknow,Uttar Pradesh,,"Lucknow, Uttar Pradesh"
170521,Collection O Hotel Bharat Palace,Collection O Hotel Bharat Palace,Jaipur,Jaipur,Rajasthan,,"Jaipur, Rajasthan"
170524,OYO Townhouse 053 Patrakar Puram,OYO Townhouse 053 Patrakar Puram Near Gomti Riverfront Park,Lucknow,Lucknow,Uttar Pradesh,Near Gomti Riverfront Park,"Near Gomti Riverfront Park, Lucknow, Uttar Pradesh"
170585,Flagship T.Nagar,Flagship T.Nagar,Chennai,Chennai,Tamil Nadu,,"Chennai, Tamil Nadu"
170665,Flagship Airport Inn,Flagship Airport Inn,Coimbatore,Coimbatore,Tamil Nadu,,"Coimbatore, Tamil Nadu"
170754,Capital O Tourist Homes,Capital O Tourist Homes,Shimla,Shimla,Himachal Pradesh,,"Shimla, Himachal Pradesh"
170765,Super OYO Townhouse 834 Jp Paradise,Super OYO Townhouse 834 Jp Paradise Near PVR Cinemas Skywalk,Chennai,Chennai,Tamil Nadu,Near PVR Cinemas Skywalk,"Near PVR Cinemas Skywalk, Chennai, Tamil Nadu"
170849,Super OYO Shri Krishna Homestay,Super OYO Shri Krishna Homestay,Palwal,Palwal,Haryana,,"Palwal, Haryana"
170865,OYO Home 86125 Matra Hotel,OYO Home 86125 Matra Hotel,Lucknow,Lucknow,Uttar Pradesh,,"Lucknow, Uttar Pradesh"
171030,OYO Hotel Haveli Inn,OYO Hotel Haveli Inn,Meerut,Meerut,Uttar Pradesh,,"Meerut, Uttar Pradesh"
171044,OYO Hotel Rajyog,OYO Hotel Rajyog,Pune,Pune,Maharashtra,,"Pune, Maharashtra"
171101,OYO Glaxy Hotel,OYO Glaxy Hotel,Rewari,Rewari,Haryana,,"Rewari, Haryana"
171127,Flagship Oxy Lake View,Flagship Oxy Lake View,Ranchi,Ranchi,Jharkhand,,"Ranchi, Jharkhand"
171325,Super OYO Hotel Waypoint,Super OYO Hotel Waypoint,Faridabad,Faridabad,Haryana,,"Faridabad, Haryana"
171348,OYO Kirti Inn,OYO Kirti Inn,Puri,Puri,Odisha,,"Puri, Odisha"
171435,Super OYO Hotel Aroma Classic,Super OYO Hotel Aroma Classic Near Nampally Railway station,Hyderabad,Hyderabad,Telangana,Near Nampally Railway station,"Near Nampally Railway station, Hyderabad, Telangana"
171445,OYO Yash Hotel,OYO Yash Hotel,Ghaziabad,Ghaziabad,Uttar Pradesh,,"Ghaziabad, Uttar Pradesh"
171471,Super OYO Hotel Grey Orchid,Super OYO Hotel Grey Orchid,Ludhiana,Ludhiana,Punjab,,"Ludhiana, Punjab"
171542,OYO Hotel Crossing Republik,OYO Hotel Crossing Republik,Ghaziabad,Ghaziabad,Uttar Pradesh,,"Ghaziabad, Uttar Pradesh"
171559,Super OYO Townhouse OAK Hotel Devanshi Inn,Super OYO Townhouse OAK Hotel Devanshi Inn,Mumbai,Mumbai,Maharashtra,,"Mumbai, Maharashtra"
171567,OYO Townhouse 851 Hotel Saurabh Inn,OYO Townhouse 851 Hotel Saurabh Inn,Indore,Indore,Madhya Pradesh,,"Indore, Madhya Pradesh"
171577,SPOT ON Dream Palace Guest House,SPOT ON Dream Palace Guest House Near Marina Beach,Chennai,Chennai,Tamil Nadu,Near Marina Beach,"Near Marina Beach, Chennai, Tamil Nadu"
171578,Collection O  G SILVER - HOTEL SADHA SIVA,Collection O  G SILVER - HOTEL SADHA SIVA,Chennai,Chennai,Tamil Nadu,,"Chennai, Tamil Nadu"
171591,Townhouse 86392 Parker Plaza,Townhouse 86392 Parker Plaza,Sonipat,Sonipat,Haryana,,"Sonipat, Haryana"
171705,Capital O Penthouse,Capital O Penthouse,Guwahati,Guwahati,Assam,,"Guwahati, Assam"
171791,OYO Townhouse 858 Hotel N Y,OYO Townhouse 858 Hotel N Y,Ahmedabad,Ahmedabad,Gujarat,,"Ahmedabad, Gujarat"
171865,Collection O 86466 Hotel Pearl Grand,Collection O 86466 Hotel Pearl Grand,Zirakpur,Zirakpur,Punjab,,"Zirakpur, Punjab"
171868,OYO Mahadev Hotel,OYO Mahadev Hotel,Jodhpur,Jodhpur,Rajasthan,,"Jodhpur, Rajasthan"
172001,Collection O Hotel Greenleaf,Collection O Hotel Greenleaf,Jaipur,Jaipur,Rajasthan,,"Jaipur, Rajasthan"
172007,OYO Galaxy Stays,OYO Galaxy Stays,Ludhiana,Ludhiana,Punjab,,"Ludhiana, Punjab"
172016,OYO Aster Vue Hotel,"OYO Aster Vue Hotel ,Near K R Puram , Bhattarahalli Signal",Bangalore,Bangalore,Karnataka,"Near K R Puram , Bhattarahalli Signal","Near K R Puram , Bhattarahalli Signal, Bangalore, Karnataka"
172099,Collection O Hotel Staybridge Suites,Collection O Hotel Staybridge Suites,Jaipur,Jaipur,Rajasthan,,"Jaipur, Rajasthan"
172290,OYO Hotel The Cave,OYO Hotel The Cave,Delhi_Transit,Delhi (Transit),Delhi,"Near IGI Airport, Mahipalpur","Near IGI Airport, Mahipalpur, Delhi"
172385,OYO White Pearl Resort,OYO White Pearl Resort,Bangalore,Bangalore,Karnataka,,"Bangalore, Karnataka"
172429,OYO The Prima Residency,OYO The Prima Residency,Ghaziabad,Ghaziabad,Uttar Pradesh,,"Ghaziabad, Uttar Pradesh"
172579,Capital O Convivial Hotel Amit Regency,Capital O Convivial Hotel Amit Regency,Raipur,Raipur,Chhattisgarh,,"Raipur, Chhattisgarh"
172588,Capital O 86680 Unique Residency,Capital O 86680 Unique Residency,Udaipur,Udaipur,Rajasthan,,"Udaipur, Rajasthan"
172598,Collection O 86689 Hotel Panther,Collection O 86689 Hotel Panther,Jaipur,Jaipur,Rajasthan,,"Jaipur, Rajasthan"
172601,Super OYO Highways Residency,Super OYO Highways Residency,Madurai,Madurai,Tamil Nadu,,"Madurai, Tamil Nadu"
172675,Collection O Ausy Wellness Premium Home Stay,Collection O Ausy Wellness Premium Home Stay,Nainital,Nainital,Uttarakhand,,"Nainital, Uttarakhand"
172757,Super OYO Collection O Hotel Aqua Villa,Super OYO Collection O Hotel Aqua Villa,Kolkata,Kolkata,West Bengal,,"Kolkata, West Bengal"
172765,OYO D. R Hotel & Restaurant,OYO D. R Hotel & Restaurant,Aligarh,Aligarh,Uttar Pradesh,,"Aligarh, Uttar Pradesh"
172923,Super OYO Capital O Hotel Subhadarsan,Super OYO Capital O Hotel Subhadarsan,Puri,Puri,Odisha,,"Puri, Odisha"
172924,OYO Hotel Shriyam Shree,OYO Hotel Shriyam Shree,Lucknow,Lucknow,Uttar Pradesh,,"Lucknow, Uttar Pradesh"
172957,Flagship Hotel Royal Diamond,Flagship Hotel Royal Diamond,Faridabad,Faridabad,Haryana,,"Faridabad, Haryana"
172969,Capital O 86861 Hotel Ramraj Inn,Capital O 86861 Hotel Ramraj Inn,Aurangabad,Aurangabad,Maharashtra,,"Aurangabad, Maharashtra"
173011,Flagship Hotel Bhuneshwar Inn,Flagship Hotel Bhuneshwar Inn,Ramgarh,Ramgarh,Jharkhand,,"Ramgarh, Jharkhand"
173030,Capital O Vazhakkala Residency,Capital O Vazhakkala Residency,Kochi,Kochi,Kerala,,"Kochi, Kerala"
173031,Flagship Tambaram,Flagship Tambaram,Chennai,Chennai,Tamil Nadu,,"Chennai, Tamil Nadu"
173131,SPOT ON V Guest Inn,SPOT ON V Guest Inn,Tenali,Tenali,Andhra Pradesh,,"Tenali, Andhra Pradesh"
173220,Super OYO Capital O Hotel Sai Balaji,Super OYO Capital O Hotel Sai Balaji Near Golconda Fort,Hyderabad,Hyderabad,Telangana,Near Golconda Fort,"Near Golconda Fort, Hyderabad, Telangana"
173232,Super OYO Shree Hotels,Super OYO Shree Hotels,Bhagalpur,Bhagalpur,Bihar,,"Bhagalpur, Bihar"
173237,Capital O 86965 Hotel Chandralok By Clovetree,Capital O 86965 Hotel Chandralok By Clovetree,Muzaffarpur,Muzaffarpur,Bihar,,"Muzaffarpur, Bihar"
173238,OYO Townhouse 888 Hotel Cm Palace,OYO Townhouse 888 Hotel Cm Palace,Jaipur,Jaipur,Rajasthan,,"Jaipur, Rajasthan"
173349,Super OYO Townhouse 893 The Circle Rajapark,Super OYO Townhouse 893 The Circle Rajapark,Jaipur,Jaipur,Rajasthan,,"Jaipur, Rajasthan"
173362,OYO Home Hometown Homestay,OYO Home Hometown Homestay,Coorg,Coorg,Karnataka,,"Coorg, Karnataka"
173394,Collection O Hotel Kk Trends,Collection O Hotel Kk Trends,Vijayawada,Vijayawada,Andhra Pradesh,,"Vijayawada, Andhra Pradesh"
173395,Flagship Hotel Tiara Grand,Flagship Hotel Tiara Grand,Chennai,Chennai,Tamil Nadu,,"Chennai, Tamil Nadu"
173397,Capital O Hotel R B,Capital O Hotel R B,Manali,Manali,Himachal Pradesh,,"Manali, Himachal Pradesh"
173407,Super OYO Hotel Sunrise,Super OYO Hotel Sunrise,Ludhiana,Ludhiana,Punjab,,"Ludhiana, Punjab"
173414,OYO Blossom Inn,OYO Blossom Inn,Patiala,Patiala,Punjab,,"Patiala, Punjab"
173423,Flagship Pn Samy Inn,Flagship Pn Samy Inn,Pondicherry,Pondicherry,Puducherry,,"Pondicherry, Puducherry"
173425,OYO Flagship 87057 Hotel Ashiyana Inn,OYO Flagship 87057 Hotel Ashiyana Inn,Bhopal,Bhopal,Madhya Pradesh,,"Bhopal, Madhya Pradesh"
173431,OYO Townhouse 998 Hotel Monark,OYO Townhouse 998 Hotel Monark,Jaipur,Jaipur,Rajasthan,,"Jaipur, Rajasthan"
173479,SPOT ON Hotel Seema Inn,SPOT ON Hotel Seema Inn,Bhilai,Bhilai,Chhattisgarh,,"Bhilai, Chhattisgarh"
173480,Capital O 87074 Townhouse Govinda Royal,Capital O 87074 Townhouse Govinda Royal,Kanpur,Kanpur,Uttar Pradesh,,"Kanpur, Uttar Pradesh"
173500,Super OYO Flagship Vsv Guest House,Super OYO Flagship Vsv Guest House,Chennai,Chennai,Tamil Nadu,,"Chennai, Tamil Nadu"
173512,Collection O Hotel Aalishan,Collection O Hotel Aalishan,Varanasi,Varanasi,Uttar Pradesh,,"Varanasi, Uttar Pradesh"
173585,Collection O Hotel Villa Homes,Collection O Hotel Villa Homes,Jaipur,Jaipur,Rajasthan,,"Jaipur, Rajasthan"
173627,OYO Nas Tourist Home,OYO Nas Tourist Home,Kochi,Kochi,Kerala,,"Kochi, Kerala"
173917,Collection O Hotel Silver Key Executive,Collection O Hotel Silver Key Executive,Chennai,Chennai,Tamil Nadu,,"Chennai, Tamil Nadu"
174016,Super OYO Collection O Road Inn,Super OYO Collection O Road Inn,Siliguri,Siliguri,West Bengal,,"Siliguri, West Bengal"
174029,OYO Hotel Nu Regency Dharuhera,OYO Hotel Nu Regency Dharuhera,Rewari,Rewari,Haryana,,"Rewari, Haryana"
174158,OYO The Villa Court View,OYO The Villa Court View,Kanpur,Kanpur,Uttar Pradesh,,"Kanpur, Uttar Pradesh"
174275,OYO Flagship 87350 Vara Lakshmi Residency,OYO Flagship 87350 Vara Lakshmi Residency,Visakhapatnam,Visakhapatnam,Andhra Pradesh,,"Visakhapatnam, Andhra Pradesh"
174281,OYO Deva Hotel And Restaurant,OYO Deva Hotel And Restaurant,Bijainagar,Bijainagar,Rajasthan,,"Bijainagar, Rajasthan"
174357,OYO Townhouse 941 Yadav Residency,OYO Townhouse 941 Yadav Residency Near Delhi Airport,Delhi_Transit,Delhi (Transit),Delhi,Near Delhi Airport,"Near Delhi Airport, Delhi (Transit), Delhi"
174383,OYO Home Hill Top Homestay,OYO Home Hill Top Homestay,Munnar,Munnar,Kerala,,"Munnar, Kerala"
174529,OYO Flagship Lucky 7,OYO Flagship Lucky 7,Guwahati,Guwahati,Assam,,"Guwahati, Assam"
174545,Collection O Greenland Luxury Hotel,Collection O Greenland Luxury Hotel,Puri,Puri,Odisha,,"Puri, Odisha"
174603,OYO Nra Residency,OYO Nra Residency Near Rajarajeshwari Nagar Metro Station,Bangalore,Bangalore,Karnataka,Near Rajarajeshwari Nagar Metro Station,"Near Rajarajeshwari Nagar Metro Station, Bangalore, Karnataka"
174684,Collection O Mgr Inn,Collection O Mgr Inn,Pondicherry,Pondicherry,Puducherry,,"Pondicherry, Puducherry"
174730,SPOT ON Hotel Sree Krishna,SPOT ON Hotel Sree Krishna,Hyderabad,Hyderabad,Telangana,,"Hyderabad, Telangana"
174734,Capital O Yasmin Resort,Capital O Yasmin Resort,Srinagar,Srinagar,Jammu and Kashmir,,"Srinagar, Jammu and Kashmir"
174740,OYO Hotel Sunshine,OYO Hotel Sunshine,Ludhiana,Ludhiana,Punjab,,"Ludhiana, Punjab"
174744,Super OYO Collection O Ospite Hotel,Super OYO Collection O Ospite Hotel,Surat,Surat,Gujarat,,"Surat, Gujarat"
174747,OYO Flagship 87606 Divine,OYO Flagship 87606 Divine,Solan,Solan,Himachal Pradesh,,"Solan, Himachal Pradesh"
174805,OYO Townhouse 952 Hotel Krishna,OYO Townhouse 952 Hotel Krishna,Haridwar,Haridwar,Uttarakhand,,"Haridwar, Uttarakhand"
174974,SPOT ON Hotel Meera Dham,SPOT ON Hotel Meera Dham,Deoghar,Deoghar,Jharkhand,,"Deoghar, Jharkhand"
175004,OYO Grand Inayat,OYO Grand Inayat,Srinagar,Srinagar,Jammu and Kashmir,,"Srinagar, Jammu and Kashmir"
175088,OYO Home Ekant Kutir Homestay,OYO Home Ekant Kutir Homestay,Patnitop,Patnitop,Jammu and Kashmir,,"Patnitop, Jammu and Kashmir"
175095,OYO Flagship 87762 Hotel 8100 Inn,OYO Flagship 87762 Hotel 8100 Inn,Prayagraj,Prayagraj,Uttar Pradesh,,"Prayagraj, Uttar Pradesh"
175097,Flagship Vasudev Inn,Flagship Vasudev Inn,Nainital,Nainital,Uttarakhand,,"Nainital, Uttarakhand"
175228,OYO Flagship 87822 Hotel Jk Laxmi,OYO Flagship 87822 Hotel Jk Laxmi,Srinagar-Uttarakhand,Srinagar-Uttarakhand,Uttarakhand,,"Srinagar-Uttarakhand, Uttarakhand"
175229,Flagship Hotel Kalot,Flagship Hotel Kalot,Jaipur,Jaipur,Rajasthan,,"Jaipur, Rajasthan"
175232,OYO Hotel Clarke Inn,OYO Hotel Clarke Inn,Lucknow,Lucknow,Uttar Pradesh,,"Lucknow, Uttar Pradesh"
175250,OYO Hotel Vishal,OYO Hotel Vishal,Amritsar,Amritsar,Punjab,,"Amritsar, Punjab"
175393,SPOT ON Gajadhar Rest House,SPOT ON Gajadhar Rest House,Deoghar,Deoghar,Jharkhand,,"Deoghar, Jharkhand"
175485,OYO Hotel King Plaza,OYO Hotel King Plaza,Delhi_Transit,Delhi (Transit),Delhi,"Near IGI Airport, Mahipalpur","Near IGI Airport, Mahipalpur, Delhi"
175533,Capital O Royal Manyata,Capital O Royal Manyata,Bangalore,Bangalore,Karnataka,,"Bangalore, Karnataka"
175548,OYO Residence Inn Homestay,OYO Residence Inn Homestay,Guwahati,Guwahati,Assam,,"Guwahati, Assam"
175589,Townhouse OAK Sky Inn,Townhouse OAK Sky Inn Near Nagasandra Metro Station,Bangalore,Bangalore,Karnataka,Near Nagasandra Metro Station,"Near Nagasandra Metro Station, Bangalore, Karnataka"
175685,Capital O Blooms Stay Inn,Capital O Blooms Stay Inn Near Snow City,Bangalore,Bangalore,Karnataka,Near Snow City,"Near Snow City, Bangalore, Karnataka"
175687,OYO Hotel Karan,OYO Hotel Karan,Shimla,Shimla,Himachal Pradesh,,"Shimla, Himachal Pradesh"
176021,OYO Three Kings,OYO Three Kings,Ludhiana,Ludhiana,Punjab,,"Ludhiana, Punjab"
176153,SPOT ON Harsh Hotel,SPOT ON Harsh Hotel,Tijara,Tijara,Rajasthan,,"Tijara, Rajasthan"
176220,OYO Jsb Palace,OYO Jsb Palace,Varanasi,Varanasi,Uttar Pradesh,,"Varanasi, Uttar Pradesh"
176229,SPOT ON Hotel Vrundavan Palace,SPOT ON Hotel Vrundavan Palace,Mahabaleshwar,Mahabaleshwar,Maharashtra,,"Mahabaleshwar, Maharashtra"
176238,POP Sarita Palace,POP Sarita Palace,Lucknow,Lucknow,Uttar Pradesh,,"Lucknow, Uttar Pradesh"
176257,Capital O Tapovan Resort,Capital O Tapovan Resort,Rishikesh,Rishikesh,Uttarakhand,,"Rishikesh, Uttarakhand"
176357,Super OYO Collection O The Perfect Hide Out,Super OYO Collection O The Perfect Hide Out,Mussoorie,Mussoorie,Uttarakhand,,"Mussoorie, Uttarakhand"
176376,Super OYO Pacific Hotel,Super OYO Pacific Hotel,Meerut,Meerut,Uttar Pradesh,,"Meerut, Uttar Pradesh"
176430,OYO Townhouse 990 F Suites,OYO Townhouse 990 F Suites Near Delhi Airport,Delhi_Transit,Delhi (Transit),Delhi,Near Delhi Airport,"Near Delhi Airport, Delhi (Transit), Delhi"
176483,Flagship Classic Guest House,Flagship Classic Guest House,Shillong,Shillong,Meghalaya,,"Shillong, Meghalaya"
176489,OYO VRK Residency,OYO VRK Residency,Visakhapatnam,Visakhapatnam,Andhra Pradesh,,"Visakhapatnam, Andhra Pradesh"
176491,OYO Hanuma Residency,OYO Hanuma Residency Near victoria Memorial metro station,Hyderabad,Hyderabad,Telangana,Near victoria Memorial metro station,"Near victoria Memorial metro station, Hyderabad, Telangana"
176497,Capital O Hotel Laxmi Niwas,Capital O Hotel Laxmi Niwas,Gangtok,Gangtok,Sikkim,,"Gangtok, Sikkim"
176605,OYO Trimurti Guest House,OYO Trimurti Guest House,Haridwar,Haridwar,Uttarakhand,,"Haridwar, Uttarakhand"
176608,OYO R&B Villa Nagaon,OYO R&B Villa Nagaon,Alibag,Alibag,Maharashtra,,"Alibag, Maharashtra"
176649,OYO Royal Galaxy Hotel,OYO Royal Galaxy Hotel,Alwar,Alwar,Rajasthan,,"Alwar, Rajasthan"
176718,OYO Townhouse 1002 My Stay Elegance,OYO Townhouse 1002 My Stay Elegance,Jaipur,Jaipur,Rajasthan,,"Jaipur, Rajasthan"
176850,OYO Townhouse 1003 Hotel Sky 9,OYO Townhouse 1003 Hotel Sky 9,Ludhiana,Ludhiana,Punjab,,"Ludhiana, Punjab"
176862,SPOT ON Blue Sagar,SPOT ON Blue Sagar,Puri,Puri,Odisha,,"Puri, Odisha"
177044,SPOT ON Shree Jagannath Nibas,SPOT ON Shree Jagannath Nibas,Puri,Puri,Odisha,,"Puri, Odisha"
177328,OYO Flagship 88680 Desire Guest House,OYO Flagship 88680 Desire Guest House,Srinagar,Srinagar,Jammu and Kashmir,,"Srinagar, Jammu and Kashmir"
177342,Capital O Phenix Elite,Capital O Phenix Elite Near Phoenix United Lucknow,Lucknow,Lucknow,Uttar Pradesh,Near Phoenix United Lucknow,"Near Phoenix United Lucknow, Uttar Pradesh"
177433,POP J B Farm House,POP J B Farm House,Kaimukhiya,Kaimukhiya,Uttar Pradesh,,"Kaimukhiya, Uttar Pradesh"
177445,OYO Hotel,OYO Hotel,Moradabad,Moradabad,Uttar Pradesh,,"Moradabad, Uttar Pradesh"
177448,OYO 88734 Hotel Nirvan,OYO 88734 Hotel Nirvan,Sagar,Sagar,Madhya Pradesh,,"Sagar, Madhya Pradesh"
177450,Super OYO Hotel Tourist Residency,Super OYO Hotel Tourist Residency,Jaipur,Jaipur,Rajasthan,,"Jaipur, Rajasthan"
177489,POP Angoori Farm House,POP Angoori Farm House,Mathura,Mathura,Uttar Pradesh,,"Mathura, Uttar Pradesh"
177583,Super OYO Hotel Friends Inn,Super OYO Hotel Friends Inn,Patna,Patna,Bihar,,"Patna, Bihar"
177643,OYO Hotel Happy Residency,OYO Hotel Happy Residency,Bhopal,Bhopal,Madhya Pradesh,,"Bhopal, Madhya Pradesh"
177677,OYO Oxy Dream In,OYO Oxy Dream In,Ranchi,Ranchi,Jharkhand,,"Ranchi, Jharkhand"
177712,Capital O Hotel Apple Inn,Capital O Hotel Apple Inn,Jaipur,Jaipur,Rajasthan,,"Jaipur, Rajasthan"
178011,Super OYO Collection O Siddharth Corporate,Super OYO Collection O Siddharth Corporate,Gandhinagar,Gandhinagar,Gujarat,,"Gandhinagar, Gujarat"
178019,OYO Flagship 88947 Hotel Lucky Inn,OYO Flagship 88947 Hotel Lucky Inn,Ahmedabad,Ahmedabad,Gujarat,,"Ahmedabad, Gujarat"
178043,POP Royal Regency,"POP Royal Regency, Pathsala",Barpeta,Barpeta,Assam,Pathsala,"Pathsala, Barpeta, Assam"
178105,OYO Stay Within,OYO Stay Within,Ranchi,Ranchi,Jharkhand,,"Ranchi, Jharkhand"
178360,OYO Poptavern Premium,OYO Poptavern Premium,Trivandrum,Trivandrum,Kerala,,"Trivandrum, Kerala"
178405,Flagship Hotel Dhurva Inn,Flagship Hotel Dhurva Inn,Nagpur,Nagpur,Maharashtra,,"Nagpur, Maharashtra"
178419,Capital O Hotel Himsikha,Capital O Hotel Himsikha,Gangtok,Gangtok,Sikkim,,"Gangtok, Sikkim"
178440,POP THE SERENITY SUMMIT,POP THE SERENITY SUMMIT,Nainital,Nainital,Uttarakhand,,"Nainital, Uttarakhand"
178478,OYO Flagship 89130 Kohsheen Guest House,OYO Flagship 89130 Kohsheen Guest House,Srinagar,Srinagar,Jammu and Kashmir,,"Srinagar, Jammu and Kashmir"
178520,Capital O Hotel Lakshmi Residency,Capital O Hotel Lakshmi Residency,Tirupati,Tirupati,Andhra Pradesh,,"Tirupati, Andhra Pradesh"
178633,OYO Townhouse 1026 De Heritage,OYO Townhouse 1026 De Heritage,Pondicherry,Pondicherry,Puducherry,,"Pondicherry, Puducherry"
178711,Capital O Hotel Royal King,Capital O Hotel Royal King,Ahmedabad,Ahmedabad,Gujarat,,"Ahmedabad, Gujarat"
178733,Capital O Yayaz Resorts,Capital O Yayaz Resorts,Wayanad,Wayanad,Kerala,,"Wayanad, Kerala"
179205,OYO Home Tawi View Home,OYO Home Tawi View Home,Jammu,Jammu,Jammu and Kashmir,,Jammu and Kashmir
179207,OYO Hotel Travel INN,OYO Hotel Travel INN,Delhi_Transit,Delhi (Transit),Delhi,"Near IGI Airport, Mahipalpur","Near IGI Airport, Mahipalpur, Delhi"
179216,Hotel Peral,Hotel Peral,Ramgarh,Ramgarh,Jharkhand,,"Ramgarh, Jharkhand"
179224,Sangam International Group of Hotels,Sangam International Group of Hotels,Prayagraj,Prayagraj,Uttar Pradesh,,"Prayagraj, Uttar Pradesh"
181452,Capital O Tamu Homestay,Capital O Tamu Homestay,Kalimpong,Kalimpong,West Bengal,,"Kalimpong, West Bengal"
181725,Capital O Hotel Twins Peak,Capital O Hotel Twins Peak,Gangtok,Gangtok,Sikkim,,"Gangtok, Sikkim"
181750,POP Oyo Flagship Moon Light Hotel,POP Oyo Flagship Moon Light Hotel,Ranchi,Ranchi,Jharkhand,,"Ranchi, Jharkhand"
181764,OYO Hotel Airport Plaza By Palace,OYO Hotel Airport Plaza By Palace,Delhi_Transit,Delhi (Transit),Delhi,"Near IGI Airport, Mahipalpur","Near IGI Airport, Mahipalpur, Delhi"
182299,OYO Tableau Homestay,OYO Tableau Homestay,Shimla,Shimla,Himachal Pradesh,,"Shimla, Himachal Pradesh"
182303,POP Foreshore Resort,POP Foreshore Resort,Srinagar,Srinagar,Jammu and Kashmir,,"Srinagar, Jammu and Kashmir"
182310,Capital O Hotel Holidays Inn And Banquet,Capital O Hotel Holidays Inn And Banquet,Lucknow,Lucknow,Uttar Pradesh,,"Lucknow, Uttar Pradesh"
182365,POP Stellars Hotel Club And Restorent,POP Stellars Hotel Club And Restorent,Kanpur,Kanpur,Uttar Pradesh,,"Kanpur, Uttar Pradesh"
182596,POP Pt Kanti Prasad Gaur Charitable Trust,POP Pt Kanti Prasad Gaur Charitable Trust,Moradabad,Moradabad,Uttar Pradesh,,"Moradabad, Uttar Pradesh"
182602,Collection O 89673 Hindustan Vila,Collection O 89673 Hindustan Vila,Asansol,Asansol,West Bengal,,"Asansol, West Bengal"
182722,SPOT ON Hotel Ujjwal,SPOT ON Hotel Ujjwal,Chandrapur,Chandrapur,Maharashtra,,"Chandrapur, Maharashtra"
182723,OYO 89739 Green City Hotel And Restaurant,OYO 89739 Green City Hotel And Restaurant,Rohtak,Rohtak,Haryana,,"Rohtak, Haryana"
182732,OYO Rl Residency,OYO Rl Residency,Ghaziabad,Ghaziabad,Uttar Pradesh,,"Ghaziabad, Uttar Pradesh"
182772,OYO Flagship 89764 Hotel Celebration,OYO Flagship 89764 Hotel Celebration,Chandrapur,Chandrapur,Maharashtra,,"Chandrapur, Maharashtra"
182781,OYO Hotel Raj Palace,OYO Hotel Raj Palace,Udaipur,Udaipur,Rajasthan,,"Udaipur, Rajasthan"
182813,Flagship Hotel Shri Vilas,Flagship Hotel Shri Vilas,Bhopal,Bhopal,Madhya Pradesh,,"Bhopal, Madhya Pradesh"
182975,OYO Flagship 89895 Hotel Star Link,OYO Flagship 89895 Hotel Star Link,Kanpur,Kanpur,Uttar Pradesh,,"Kanpur, Uttar Pradesh"
182978,OYO Hotel Swapna,OYO Hotel Swapna,Vijayawada,Vijayawada,Andhra Pradesh,,"Vijayawada, Andhra Pradesh"
183068,Capital O Silkroute Palaace,Capital O Silkroute Palaace,Bhopal,Bhopal,Madhya Pradesh,,"Bhopal, Madhya Pradesh"
183118,SPOT ON Happy Stay,SPOT ON Happy Stay Near Sri Amruth Chithra Mandira,Bangalore,Bangalore,Karnataka,Near Sri Amruth Chithra Mandira,"Near Sri Amruth Chithra Mandira, Bangalore, Karnataka"
183119,POP Om Satguru Vaishno Hotel,POP Om Satguru Vaishno Hotel,Meerut,Meerut,Uttar Pradesh,,"Meerut, Uttar Pradesh"
183166,SPOT ON Hotel Ashoka,SPOT ON Hotel Ashoka,Wardha,Wardha,Maharashtra,,"Wardha, Maharashtra"
183186,Capital O Shyam Stays,Capital O Shyam Stays,Delhi_Transit,Delhi (Transit),Delhi,"Near IGI Airport, Mahipalpur","Near IGI Airport, Mahipalpur, Delhi"
183198,Collection O Nainital Himalayan Resort,Collection O Nainital Himalayan Resort,Nainital,Nainital,Uttarakhand,,"Nainital, Uttarakhand"
183209,Super OYO Collection O Hotel Riddhi Siddhi,Super OYO Collection O Hotel Riddhi Siddhi,Indore,Indore,Madhya Pradesh,,"Indore, Madhya Pradesh"
183234,OYO Bishnoi Hotel,OYO Bishnoi Hotel,Hisar,Hisar,Haryana,,"Hisar, Haryana"
183278,OYO Townhouse 1030 Zodiac,OYO Townhouse 1030 Zodiac Near Botanic Garden of Indian Republic,Noida,Noida,Uttar Pradesh,Near Botanic Garden of Indian Republic,"Near Botanic Garden of Indian Republic, Noida, Uttar Pradesh"
183294,SPOT ON Prithvi Garden,SPOT ON Prithvi Garden,Ghaziabad,Ghaziabad,Uttar Pradesh,,"Ghaziabad, Uttar Pradesh"
183295,Super OYO Capital O Krishnakripa Executive Stay,Super OYO Capital O Krishnakripa Executive Stay,Kochi,Kochi,Kerala,,"Kochi, Kerala"
183323,OYO J2 Service Apartment,OYO J2 Service Apartment,Chennai,Chennai,Tamil Nadu,,"Chennai, Tamil Nadu"
183386,Capital O Madison Blue,Capital O Madison Blue,Bhubaneswar,Bhubaneswar,Odisha,,"Bhubaneswar, Odisha"
183406,OYO Trivedi Guest House,OYO Trivedi Guest House,Lucknow,Lucknow,Uttar Pradesh,,"Lucknow, Uttar Pradesh"
183452,OYO Gupta Guest House,OYO Gupta Guest House,Moradabad,Moradabad,Uttar Pradesh,,"Moradabad, Uttar Pradesh"
183533,Capital O Starline Residency,Capital O Starline Residency,Ghaziabad,Ghaziabad,Uttar Pradesh,,"Ghaziabad, Uttar Pradesh"
183540,OYO Flagship 90240 Ak Residency,OYO Flagship 90240 Ak Residency,Chennai,Chennai,Tamil Nadu,,"Chennai, Tamil Nadu"
183688,Townhouse 1040 Hotel Md Star,Townhouse 1040 Hotel Md Star,Nagpur,Nagpur,Maharashtra,,"Nagpur, Maharashtra"
183711,OYO Flagship 90283 Majestic Petta Metro station,OYO Flagship 90283 Majestic Petta Metro station,Kochi,Kochi,Kerala,,"Kochi, Kerala"
183762,Collection O Manyata Palace,Collection O Manyata Palace,Bangalore,Bangalore,Karnataka,,"Bangalore, Karnataka"
183765,OYO Townhouse 1044 Hotel Tovo,OYO Townhouse 1044 Hotel Tovo,Jaipur,Jaipur,Rajasthan,,"Jaipur, Rajasthan"
183818,OYO Townhouse 1047 F9 Hotel,OYO Townhouse 1047 F9 Hotel,Ghaziabad,Ghaziabad,Uttar Pradesh,,"Ghaziabad, Uttar Pradesh"
183872,OYO Hotel Palazzo,OYO Hotel Palazzo,Bhiwani,Bhiwani,Haryana,,"Bhiwani, Haryana"
183887,OYO Hotel S Chandra,OYO Hotel S Chandra,Meerut,Meerut,Uttar Pradesh,,"Meerut, Uttar Pradesh"
184007,OYO 90394 Hotel New Sweet Dream,OYO 90394 Hotel New Sweet Dream,Aligarh,Aligarh,Uttar Pradesh,,"Aligarh, Uttar Pradesh"
184081,SPOT ON Hotel Deepak Palace,SPOT ON Hotel Deepak Palace,Amritsar,Amritsar,Punjab,,"Amritsar, Punjab"
184248,Super OYO Townhouse OAK Hotel Rajmudra,Super OYO Townhouse OAK Hotel Rajmudra,Pune,Pune,Maharashtra,,"Pune, Maharashtra"
184254,OYO Hotel Jay Palace,OYO Hotel Jay Palace,Srinagar,Srinagar,Jammu and Kashmir,,"Srinagar, Jammu and Kashmir"
184286,OYO Green Residency,OYO Green Residency,Bangalore,Bangalore,Karnataka,,"Bangalore, Karnataka"
184309,Super OYO Townhouse 1049 Super Two Premium,Super OYO Townhouse 1049 Super Two Premium,Varanasi,Varanasi,Uttar Pradesh,,"Varanasi, Uttar Pradesh"
184377,Townhouse OAK 1063 Hotel Arya Inn,Townhouse OAK 1063 Hotel Arya Inn,Jaipur,Jaipur,Rajasthan,,"Jaipur, Rajasthan"
184451,Super OYO Elite Stays,Super OYO Elite Stays Near Nexus Whitefield (The Forum Neighbourhood Mall),Bangalore,Bangalore,Karnataka,Near Nexus Whitefield (The Forum Neighbourhood Mall),"Near Nexus Whitefield (The Forum Neighbourhood Mall), Bangalore, Karnataka"
184545,OYO Hotel Grand Luxury,OYO Hotel Grand Luxury,Delhi_Transit,Delhi (Transit),Delhi,"Near IGI Airport, Mahipalpur","Near IGI Airport, Mahipalpur, Delhi"
184998,OYO 90691 Holel Signature Palace,OYO 90691 Holel Signature Palace,Bulandshahr,Bulandshahr,Uttar Pradesh,,"Bulandshahr, Uttar Pradesh"
185167,OYO Flagship 90779 Sv Rest Inn,OYO Flagship 90779 Sv Rest Inn,Chittoor,Chittoor,Andhra Pradesh,,"Chittoor, Andhra Pradesh"
185175,Super OYO Townhouse 1053 Hotel The Premier View,Super OYO Townhouse 1053 Hotel The Premier View Near ISKCON Temple Noida,Noida,Noida,Uttar Pradesh,Near ISKCON Temple Noida,"Near ISKCON Temple Noida, Uttar Pradesh"
185275,OYO Hotel New Kingston,OYO Hotel New Kingston,Chandigarh,Chandigarh,Chandigarh,,Chandigarh
185468,Collection O Hotel Royal Palace,Collection O Hotel Royal Palace,Ahmedabad,Ahmedabad,Gujarat,,"Ahmedabad, Gujarat"
185469,Super OYO Crown Food Court Cfc,Super OYO Crown Food Court Cfc,Charkhi-Dadri,Charkhi-Dadri,Haryana,,"Charkhi-Dadri, Haryana"
185471,OYO Hotel Oyo Sky Hills,OYO Hotel Oyo Sky Hills Near Chaudhary Charan Singh International Airport,Lucknow,Lucknow,Uttar Pradesh,Near Chaudhary Charan Singh International Airport,"Near Chaudhary Charan Singh International Airport, Lucknow, Uttar Pradesh"
186016,Collection O Hotel Premier,Collection O Hotel Premier Near Gomti Riverfront Park,Lucknow,Lucknow,Uttar Pradesh,Near Gomti Riverfront Park,"Near Gomti Riverfront Park, Lucknow, Uttar Pradesh"
186142,OYO Flagship 91011 Hotel Kenin Palace,OYO Flagship 91011 Hotel Kenin Palace,Jaipur,Jaipur,Rajasthan,,"Jaipur, Rajasthan"
186226,OYO Hotel Pearl Inn,OYO Hotel Pearl Inn,Bhopal,Bhopal,Madhya Pradesh,,"Bhopal, Madhya Pradesh"
186234,OYO Home Home Stays,OYO Home Home Stays,Lucknow,Lucknow,Uttar Pradesh,,"Lucknow, Uttar Pradesh"
186329,SPOT ON 91078 Hotel Orange,SPOT ON 91078 Hotel Orange,Visakhapatnam,Visakhapatnam,Andhra Pradesh,,"Visakhapatnam, Andhra Pradesh"
186342,Super OYO Hotel The Limestone,Super OYO Hotel The Limestone,Faridabad,Faridabad,Haryana,,"Faridabad, Haryana"
186353,OYO Home Krishna Bhawan,OYO Home Krishna Bhawan,Puri,Puri,Odisha,,"Puri, Odisha"
186444,OYO Townhouse 1075 Hotel Spotlight,OYO Townhouse 1075 Hotel Spotlight,Kanpur,Kanpur,Uttar Pradesh,,"Kanpur, Uttar Pradesh"
186452,OYO Rooms 91148 Hotel Stay Inn,OYO Rooms 91148 Hotel Stay Inn,Kolkata,Kolkata,West Bengal,,"Kolkata, West Bengal"
186453,Super OYO Collection O The Kailash Hotel,Super OYO Collection O The Kailash Hotel,Dehradun,Dehradun,Uttarakhand,,"Dehradun, Uttarakhand"
186551,Flagship Al Haramain Home Stay,Flagship Al Haramain Home Stay,Ooty,Ooty,Tamil Nadu,,"Ooty, Tamil Nadu"
186559,Collection O Stay QUBIC,Collection O Stay QUBIC,Delhi_Transit,Delhi (Transit),Delhi,"Near IGI Airport, Mahipalpur","Near IGI Airport, Mahipalpur, Delhi"
186600,OYO Food Plaza,OYO Food Plaza,Chandigarh,Chandigarh,Chandigarh,,Chandigarh
186639,OYO 91217 Nr Comfort,OYO 91217 Nr Comfort,Bangalore,Bangalore,Karnataka,,"Bangalore, Karnataka"
186642,OYO Townhouse 1062 Paradise Inn,OYO Townhouse 1062 Paradise Inn Near Noida Sector 51 Metro Station,Noida,Noida,Uttar Pradesh,Near Noida Sector 51 Metro Station,"Near Noida Sector 51 Metro Station, Uttar Pradesh"
186659,OYO Bevis,OYO Bevis,Trivandrum,Trivandrum,Kerala,,"Trivandrum, Kerala"
186695,Capital O H K Residency,Capital O H K Residency,Guwahati,Guwahati,Assam,,"Guwahati, Assam"
186807,Super OYO Townhouse 1067 Orchid Residency Nandanam,Super OYO Townhouse 1067 Orchid Residency Nandanam,Chennai,Chennai,Tamil Nadu,,"Chennai, Tamil Nadu"
186872,OYO Nr Royal,OYO Nr Royal Near Nexus Mall Koramangala,Bangalore,Bangalore,Karnataka,Near Nexus Mall Koramangala,"Near Nexus Mall Koramangala, Bangalore, Karnataka"
186890,Collection O Lakhi Guest House,Collection O Lakhi Guest House,Guwahati,Guwahati,Assam,,"Guwahati, Assam"
187027,Super OYO Hotel Glance Inn,Super OYO Hotel Glance Inn,Patna,Patna,Bihar,,"Patna, Bihar"
187215,OYO Townhouse 1077 Hotel travel time,OYO Townhouse 1077 Hotel travel time Near Noida Sector 51 Metro Station,Noida,Noida,Uttar Pradesh,Near Noida Sector 51 Metro Station,"Near Noida Sector 51 Metro Station, Uttar Pradesh"
187342,OYO Hotel Nitya,OYO Hotel Nitya,Jaipur,Jaipur,Rajasthan,,"Jaipur, Rajasthan"
187412,OYO 91532 Hema Holiday Home,OYO 91532 Hema Holiday Home,Manali,Manali,Himachal Pradesh,,"Manali, Himachal Pradesh"
187479,SPOT ON 91567 Hotel Amoli Heights,SPOT ON 91567 Hotel Amoli Heights,Bhopal,Bhopal,Madhya Pradesh,,"Bhopal, Madhya Pradesh"
187667,OYO Hotel Anandam Residency,OYO Hotel Anandam Residency,Dhanbad,Dhanbad,Jharkhand,,"Dhanbad, Jharkhand"
187771,Collection O Hotel New York,Collection O Hotel New York,Ahmedabad,Ahmedabad,Gujarat,,"Ahmedabad, Gujarat"
187785,OYO Flagship 91699 R S Hotel,OYO Flagship 91699 R S Hotel,Bhiwani,Bhiwani,Haryana,,"Bhiwani, Haryana"
187818,OYO  GALAXY STAY.,OYO  GALAXY STAY.,Delhi_Transit,Delhi (Transit),Delhi,"Near IGI Airport, Mahipalpur","Near IGI Airport, Mahipalpur, Delhi"
187821,SPOT ON Hotel Krishna Garden,SPOT ON Hotel Krishna Garden,Nawada,Nawada,Bihar,,"Nawada, Bihar"
187896,Collection O Hotel The Villa,Collection O Hotel The Villa,Bhopal,Bhopal,Madhya Pradesh,,"Bhopal, Madhya Pradesh"
187908,OYO Flagship 91763 Hotel Midiyan Palace,OYO Flagship 91763 Hotel Midiyan Palace,Jaipur,Jaipur,Rajasthan,,"Jaipur, Rajasthan"
187932,Super OYO Manyata Stay-In,Super OYO Manyata Stay-In,Bangalore,Bangalore,Karnataka,,"Bangalore, Karnataka"
188002,OYO Home Safe In,OYO Home Safe In,Rohtak,Rohtak,Haryana,,"Rohtak, Haryana"
188020,OYO The Majestic Residency,OYO The Majestic Residency,Gurgaon,Gurgaon,Haryana,,"Gurgaon, Haryana"
188162,OYO Townhouse 1082 Holidayy Inn,OYO Townhouse 1082 Holidayy Inn,Prayagraj,Prayagraj,Uttar Pradesh,,"Prayagraj, Uttar Pradesh"
188189,OYO Flagship 91894 Bukhari Home,OYO Flagship 91894 Bukhari Home,Srinagar,Srinagar,Jammu and Kashmir,,"Srinagar, Jammu and Kashmir"
188267,OYO Hotel Lake Link,OYO Hotel Lake Link,Bhopal,Bhopal,Madhya Pradesh,,"Bhopal, Madhya Pradesh"
188302,SPOT ON Hotel Golden Crown,SPOT ON Hotel Golden Crown,Sirhind,Sirhind,Punjab,,"Sirhind, Punjab"
188316,SPOT ON Hotel Anishiya Beach Resort,SPOT ON Hotel Anishiya Beach Resort,Mandarmoni,Mandarmoni,West Bengal,,"Mandarmoni, West Bengal"
188348,OYO Hotel Madan Villa,OYO Hotel Madan Villa,Jaipur,Jaipur,Rajasthan,,"Jaipur, Rajasthan"
188352,SPOT ON Hotel Elite,SPOT ON Hotel Elite,Chandrapur,Chandrapur,Maharashtra,,"Chandrapur, Maharashtra"
188354,Super OYO Collection O Hotel Taste Of India,Super OYO Collection O Hotel Taste Of India,Bhopal,Bhopal,Madhya Pradesh,,"Bhopal, Madhya Pradesh"
188364,OYO Hotel Metro Inn,OYO Hotel Metro Inn,Degana,Degana,Rajasthan,,"Degana, Rajasthan"
188373,Flagship Hotel Dream Palace,Flagship Hotel Dream Palace,Surat,Surat,Gujarat,,"Surat, Gujarat"
188515,Flagship Oyo Flagship,Flagship Oyo Flagship,Faridabad,Faridabad,Haryana,,"Faridabad, Haryana"
188574,OYO Townhouse 1090 G Silver Nungambakkam,OYO Townhouse 1090 G Silver Nungambakkam Near AGS Cinemas T Nagar,Chennai,Chennai,Tamil Nadu,Near AGS Cinemas T Nagar,"Near AGS Cinemas T Nagar, Chennai, Tamil Nadu"
188596,OYO 92093 Mahaveer Tower,OYO 92093 Mahaveer Tower,Udaipur,Udaipur,Rajasthan,,"Udaipur, Rajasthan"
188730,OYO Peeush Rao Oyo Rooms & Meeting Hall,OYO Peeush Rao Oyo Rooms & Meeting Hall,Narnaul,Narnaul,Haryana,,"Narnaul, Haryana"
188754,OYO Home Tanishka,OYO Home Tanishka,Mahud,Mahud,Maharashtra,,"Mahud, Maharashtra"
188902,Super OYO Townhouse 1085 Hotel A Residency,Super OYO Townhouse 1085 Hotel A Residency Near Phoenix United Lucknow,Lucknow,Lucknow,Uttar Pradesh,Near Phoenix United Lucknow,"Near Phoenix United Lucknow, Uttar Pradesh"
188935,Capital O Hotel Crestwood Inn,Capital O Hotel Crestwood Inn,Dehradun,Dehradun,Uttarakhand,,"Dehradun, Uttarakhand"
188939,OYO Sai Balaji Function Hall,OYO Sai Balaji Function Hall,Visakhapatnam,Visakhapatnam,Andhra Pradesh,,"Visakhapatnam, Andhra Pradesh"
188945,OYO Hotel D 18,OYO Hotel D 18,Kurukshetra,Kurukshetra,Haryana,,"Kurukshetra, Haryana"
188978,Flagship Sai International,Flagship Sai International Near Nagasandra Metro Station,Bangalore,Bangalore,Karnataka,Near Nagasandra Metro Station,"Near Nagasandra Metro Station, Bangalore, Karnataka"
188987,OYO The Lion Kings,OYO The Lion Kings,Meerut,Meerut,Uttar Pradesh,,"Meerut, Uttar Pradesh"
189025,OYO Ankan Regency,OYO Ankan Regency Near Acropolis Mall,Kolkata,Kolkata,West Bengal,Near Acropolis Mall,"Near Acropolis Mall, Kolkata, West Bengal"
189044,OYO Flagship 92273 Guest House Rr Inn,OYO Flagship 92273 Guest House Rr Inn,Gorakhpur,Gorakhpur,Uttar Pradesh,,"Gorakhpur, Uttar Pradesh"
189054,Flagship Hotel Ashiyana Inn,Flagship Hotel Ashiyana Inn,Patna,Patna,Bihar,,"Patna, Bihar"
189058,POP Hotel Prisha Inn,POP Hotel Prisha Inn,Lucknow,Lucknow,Uttar Pradesh,,"Lucknow, Uttar Pradesh"
189059,Flagship Sunshine Inn,Flagship Sunshine Inn,Bangalore,Bangalore,Karnataka,,"Bangalore, Karnataka"
189112,SPOT ON Sangam House,SPOT ON Sangam House,Prayagraj,Prayagraj,Uttar Pradesh,,"Prayagraj, Uttar Pradesh"
189121,SPOT ON Hotel Priyal Inn,SPOT ON Hotel Priyal Inn,Bokaro,Bokaro,Jharkhand,,"Bokaro, Jharkhand"
189127,Super OYO Townhouse 1090 Fantasea Hotels,Super OYO Townhouse 1090 Fantasea Hotels Near OMR,Chennai,Chennai,Tamil Nadu,Near OMR,"Near OMR, Chennai, Tamil Nadu"
189137,OYO Flagship Khushboo International Hotel,OYO Flagship Khushboo International Hotel,Lucknow,Lucknow,Uttar Pradesh,,"Lucknow, Uttar Pradesh"
189235,OYO White Orchid,OYO White Orchid,Ludhiana,Ludhiana,Punjab,,"Ludhiana, Punjab"
189238,OYO Crown Hotel,OYO Crown Hotel,Surat,Surat,Gujarat,,"Surat, Gujarat"
189240,OYO Sehgal Farms,OYO Sehgal Farms,Charkhi-Dadri,Charkhi-Dadri,Haryana,,"Charkhi-Dadri, Haryana"
189293,SPOT ON Shivdham,SPOT ON Shivdham,Deoghar,Deoghar,Jharkhand,,"Deoghar, Jharkhand"
189334,OYO Ashiyana Guest House,OYO Ashiyana Guest House Near Phoenix United Lucknow,Lucknow,Lucknow,Uttar Pradesh,Near Phoenix United Lucknow,"Near Phoenix United Lucknow, Uttar Pradesh"
189379,Flagship Hotel Ansh Plaza,Flagship Hotel Ansh Plaza,Jaipur,Jaipur,Rajasthan,,"Jaipur, Rajasthan"
189385,OYO New Green Hotel,OYO New Green Hotel,Meerut,Meerut,Uttar Pradesh,,"Meerut, Uttar Pradesh"
189388,Flagship Hotel Arihant,Flagship Hotel Arihant,Surat,Surat,Gujarat,,"Surat, Gujarat"
189433,OYO Townhouse 1096 Hotel Redfox Nungambakkam,OYO Townhouse 1096 Hotel Redfox Nungambakkam Near Apollo & Shankar Nethralaya Hospital,Chennai,Chennai,Tamil Nadu,Near Apollo & Shankar Nethralaya Hospital,"Near Apollo & Shankar Nethralaya Hospital, Chennai, Tamil Nadu"
189456,OYO J2 Service Apartment,OYO J2 Service Apartment,Chennai,Chennai,Tamil Nadu,,"Chennai, Tamil Nadu"
189569,OYO Savitri Hotel Nand Palace,OYO Savitri Hotel Nand Palace,Mussoorie,Mussoorie,Uttarakhand,,"Mussoorie, Uttarakhand"
189573,OYO Townhouse 1115 The Circle Airport,OYO Townhouse 1115 The Circle Airport,Jaipur,Jaipur,Rajasthan,,"Jaipur, Rajasthan"
189660,Flagship Hotel Chhaya,Flagship Hotel Chhaya,Aurangabad,Aurangabad,Maharashtra,,"Aurangabad, Maharashtra"
189668,OYO Flagship Nimalan Residency,OYO Flagship Nimalan Residency,Chennai,Chennai,Tamil Nadu,,"Chennai, Tamil Nadu"
189681,Super OYO Townhouse OAK Hotel Rudra,Super OYO Townhouse OAK Hotel Rudra,Jaipur,Jaipur,Rajasthan,,"Jaipur, Rajasthan"
189726,OYO Flagship 92604 Sp Residency,OYO Flagship 92604 Sp Residency Near Ragigudda Sri Prasanna Anjaneyaswamy Temple,Bangalore,Bangalore,Karnataka,Near Ragigudda Sri Prasanna Anjaneyaswamy Temple,"Near Ragigudda Sri Prasanna Anjaneyaswamy Temple, Bangalore, Karnataka"
189732,OYO Golden Palace,OYO Golden Palace,Bulandshahr,Bulandshahr,Uttar Pradesh,,"Bulandshahr, Uttar Pradesh"
189734,OYO 92612 Hotel Vijit Palace,OYO 92612 Hotel Vijit Palace,Surat,Surat,Gujarat,,"Surat, Gujarat"
189743,OYO Best Stay,OYO Best Stay,Jalandhar,Jalandhar,Punjab,,"Jalandhar, Punjab"
189746,OYO Hotel Kanal,OYO Hotel Kanal,Kota,Kota,Rajasthan,,"Kota, Rajasthan"
189759,SPOT ON Hotel Karni Kripa,SPOT ON Hotel Karni Kripa,Jaipur,Jaipur,Rajasthan,,"Jaipur, Rajasthan"
189761,Flagship 92637 Hotel Sukhvilas,Flagship 92637 Hotel Sukhvilas,Indore,Indore,Madhya Pradesh,,"Indore, Madhya Pradesh"
189764,Flagship Sunshine Inn,Flagship Sunshine Inn,Prayagraj,Prayagraj,Uttar Pradesh,,"Prayagraj, Uttar Pradesh"
189767,OYO Townhouse 1091 Hotel Convivial Ark,OYO Townhouse 1091 Hotel Convivial Ark,Bhopal,Bhopal,Madhya Pradesh,,"Bhopal, Madhya Pradesh"
189771,Collection O Hotel Emara Inn,Collection O Hotel Emara Inn Near Ascendas Park Square Mall,Bangalore,Bangalore,Karnataka,Near Ascendas Park Square Mall,"Near Ascendas Park Square Mall, Bangalore, Karnataka"
189816,Flagship Govind Guest House,Flagship Govind Guest House,Gorakhpur,Gorakhpur,Uttar Pradesh,,"Gorakhpur, Uttar Pradesh"
189828,OYO Hotel Vivaan Residency,OYO Hotel Vivaan Residency,Rohtak,Rohtak,Haryana,,"Rohtak, Haryana"
189834,Flagship Star Stay Guest House,Flagship Star Stay Guest House Near It Chauraha Metro Station,Lucknow,Lucknow,Uttar Pradesh,Near It Chauraha Metro Station,"Near It Chauraha Metro Station, Lucknow, Uttar Pradesh"
189839,Collection O Hotel Paradise International,Collection O Hotel Paradise International,Coimbatore,Coimbatore,Tamil Nadu,,"Coimbatore, Tamil Nadu"
189840,OYO Hotel Avtar,OYO Hotel Avtar,Amritsar,Amritsar,Punjab,,"Amritsar, Punjab"
189844,Collection O Sri Sapthagiri,Collection O Sri Sapthagiri Near Phoenix Marketcity,Bangalore,Bangalore,Karnataka,Near Phoenix Marketcity,"Near Phoenix Marketcity, Bangalore, Karnataka"
189905,OYO Raj Shah Hotel And Resturant,OYO Raj Shah Hotel And Resturant,Pahalgam,Pahalgam,Jammu and Kashmir,,"Pahalgam, Jammu and Kashmir"
189906,OYO Townhouse 1092 Surajkund,OYO Townhouse 1092 Surajkund,Faridabad,Faridabad,Haryana,,"Faridabad, Haryana"
189919,Collection O Hotel Thakur,Collection O Hotel Thakur,Udaipur,Udaipur,Rajasthan,,"Udaipur, Rajasthan"
189924,Flagship Lavish Hotel,Flagship Lavish Hotel,Zirakpur,Zirakpur,Punjab,,"Zirakpur, Punjab"
189928,Flagship Hotel Sai Orchid,Flagship Hotel Sai Orchid,Bangalore,Bangalore,Karnataka,,"Bangalore, Karnataka"
189973,Super OYO Mide Highway Hotel & Restaurant,Super OYO Mide Highway Hotel & Restaurant,Bulandshahr,Bulandshahr,Uttar Pradesh,,"Bulandshahr, Uttar Pradesh"
189994,Super OYO Townhouse 1094 North Inn,Super OYO Townhouse 1094 North Inn Near Munshi Pulia Metro Station,Lucknow,Lucknow,Uttar Pradesh,Near Munshi Pulia Metro Station,"Near Munshi Pulia Metro Station, Lucknow, Uttar Pradesh"
190011,OYO Airport Anshu,OYO Airport Anshu,Delhi_Transit,Delhi (Transit),Delhi,"Near IGI Airport, Mahipalpur","Near IGI Airport, Mahipalpur, Delhi"
190017,Super OYO Karapakkam,"Super OYO Karapakkam, Chennai",Chennai,Chennai,Tamil Nadu,Chennai,"Chennai, Tamil Nadu"
190018,OYO Coastal Inn Luxury Service Apartments,OYO Coastal Inn Luxury Service Apartments,Kakinada,Kakinada,Andhra Pradesh,,"Kakinada, Andhra Pradesh"
190031,Flagship Hotel Rudra Residency,Flagship Hotel Rudra Residency,Jamshedpur,Jamshedpur,Jharkhand,,"Jamshedpur, Jharkhand"
190034,Capital O Aurora Guest House,Capital O Aurora Guest House,Shillong,Shillong,Meghalaya,,"Shillong, Meghalaya"
190078,OYO Knight Inn,OYO Knight Inn,Jalandhar,Jalandhar,Punjab,,"Jalandhar, Punjab"
190173,Super OYO Collection O Global Stay,Super OYO Collection O Global Stay Near Kengeri Bus Terminal Metro Station,Bangalore,Bangalore,Karnataka,Near Kengeri Bus Terminal Metro Station,"Near Kengeri Bus Terminal Metro Station, Bangalore, Karnataka"
190177,OYO Coastal Inn Villa,OYO Coastal Inn Villa,Kakinada,Kakinada,Andhra Pradesh,,"Kakinada, Andhra Pradesh"
190307,Collection O Hotel Royal Jihaan,Collection O Hotel Royal Jihaan,Ludhiana,Ludhiana,Punjab,,"Ludhiana, Punjab"
190377,OYO Krishna Stay In,OYO Krishna Stay In,Lucknow,Lucknow,Uttar Pradesh,,"Lucknow, Uttar Pradesh"
190426,Flagship Hotel Regal Stay,Flagship Hotel Regal Stay,Jaipur,Jaipur,Rajasthan,,"Jaipur, Rajasthan"
190435,OYO Lord Buddha Guest House,OYO Lord Buddha Guest House,Gorakhpur,Gorakhpur,Uttar Pradesh,,"Gorakhpur, Uttar Pradesh"
190459,OYO Haiwa Beach Resort,OYO Haiwa Beach Resort,Varkala,Varkala,Kerala,,"Varkala, Kerala"
190517,Capital O Avro Hotel,Capital O Avro Hotel,Kolkata,Kolkata,West Bengal,,"Kolkata, West Bengal"
190577,Capital O Rayan Plaza,Capital O Rayan Plaza,Ernakulam,Ernakulam,Kerala,,"Ernakulam, Kerala"
190585,Collection O Dhruvas Residency,Collection O Dhruvas Residency,Bangalore,Bangalore,Karnataka,,"Bangalore, Karnataka"
190653,Flagship Hotel Way Point,Flagship Hotel Way Point,Surat,Surat,Gujarat,,"Surat, Gujarat"
190783,Flagship Radhey Shyam Inn,Flagship Radhey Shyam Inn Near Sahara Ganj Mall,Lucknow,Lucknow,Uttar Pradesh,Near Sahara Ganj Mall,"Near Sahara Ganj Mall, Lucknow, Uttar Pradesh"
190861,Super OYO Relax Inn Residency,Super OYO Relax Inn Residency,Bulandshahr,Bulandshahr,Uttar Pradesh,,"Bulandshahr, Uttar Pradesh"
190911,SPOT ON 93332 Hotel Maharaja,SPOT ON 93332 Hotel Maharaja,Mysore,Mysore,Karnataka,,"Mysore, Karnataka"
190912,Flagship K D Guest House,Flagship K D Guest House,Manesar,Manesar,Haryana,,"Manesar, Haryana"
190933,Flagship Hotel Hc Punjab Inn,Flagship Hotel Hc Punjab Inn,Mohali,Mohali,Punjab,,"Mohali, Punjab"
190936,OYO Nag Hill View,OYO Nag Hill View,Jammu,Jammu,Jammu and Kashmir,,Jammu and Kashmir
191002,Capital O Arasan Inn,Capital O Arasan Inn,Chennai,Chennai,Tamil Nadu,,"Chennai, Tamil Nadu"
191036,Flagship Honnagiri Residency,Flagship Honnagiri Residency,Bangalore,Bangalore,Karnataka,,"Bangalore, Karnataka"
191053,Capital O Mr Guestline,Capital O Mr Guestline,Bangalore,Bangalore,Karnataka,,"Bangalore, Karnataka"
191101,Collection O Hotel Green Park,Collection O Hotel Green Park,Anand,Anand,Gujarat,,"Anand, Gujarat"
191161,Capital O Airport Icon Inn,Capital O Airport Icon Inn,Delhi_Transit,Delhi (Transit),Delhi,"Near IGI Airport, Mahipalpur","Near IGI Airport, Mahipalpur, Delhi"
191188,OYO Hotel Gj Heritage,OYO Hotel Gj Heritage,Jaisalmer,Jaisalmer,Rajasthan,,"Jaisalmer, Rajasthan"
191281,Collection O Hotel Citi Star,Collection O Hotel Citi Star,Bareilly,Bareilly,Uttar Pradesh,,"Bareilly, Uttar Pradesh"
191283,Flagship Hotel Mahi,Flagship Hotel Mahi,Bhopal,Bhopal,Madhya Pradesh,,"Bhopal, Madhya Pradesh"
191379,SPOT ON Agrah Hotel,SPOT ON Agrah Hotel,Bulandshahr,Bulandshahr,Uttar Pradesh,,"Bulandshahr, Uttar Pradesh"
191409,OYO Townhouse 93629 Rasa Arcade,OYO Townhouse 93629 Rasa Arcade,Ghaziabad,Ghaziabad,Uttar Pradesh,,"Ghaziabad, Uttar Pradesh"
191415,OYO Hotel Classio Inn,OYO Hotel Classio Inn,Lucknow,Lucknow,Uttar Pradesh,,"Lucknow, Uttar Pradesh"
191454,OYO Flagship 93653 Hotel Janvi Palace,OYO Flagship 93653 Hotel Janvi Palace,Gandhinagar,Gandhinagar,Gujarat,,"Gandhinagar, Gujarat"
191487,Royal View Hotel,Royal View Hotel,Faridabad,Faridabad,Haryana,,"Faridabad, Haryana"
191598,OYO Hotel White House,OYO Hotel White House,Aligarh,Aligarh,Uttar Pradesh,,"Aligarh, Uttar Pradesh"
191663,OYO Home Akhil Oyo Rooms,OYO Home Akhil Oyo Rooms,Pratapgarh,Pratapgarh,Uttar Pradesh,,"Pratapgarh, Uttar Pradesh"
191774,OYO Stephels Hostel,OYO Stephels Hostel,Jaipur,Jaipur,Rajasthan,,"Jaipur, Rajasthan"
191839,Flagship Chandra Deep Hotel,Flagship Chandra Deep Hotel,Kanpur,Kanpur,Uttar Pradesh,,"Kanpur, Uttar Pradesh"
191868,OYO The Resort,OYO The Resort,Moradabad,Moradabad,Uttar Pradesh,,"Moradabad, Uttar Pradesh"
191906,Townhouse 1146 Spices,"Townhouse 1146 Spices, Asansol",Asansol,Asansol,West Bengal,Asansol,"Asansol, West Bengal"
191934,OYO Flagship 700266 The Sea View Guest House,OYO Flagship 700266 The Sea View Guest House,Visakhapatnam,Visakhapatnam,Andhra Pradesh,,"Visakhapatnam, Andhra Pradesh"
191984,Flagship Nidhivan Hotel And Rooms,Flagship Nidhivan Hotel And Rooms,Surat,Surat,Gujarat,,"Surat, Gujarat"
192001,Flagship Hotel Sweta Villa,Flagship Hotel Sweta Villa,Patna,Patna,Bihar,,"Patna, Bihar"
192052,SPOT ON Royal Inn Hotel,SPOT ON Royal Inn Hotel,Meerut,Meerut,Uttar Pradesh,,"Meerut, Uttar Pradesh"
192131,OYO Hotel Sameer Residency,OYO Hotel Sameer Residency,Chandigarh,Chandigarh,Chandigarh,,Chandigarh
192140,Super OYO Flagship Blackbull Hotel,Super OYO Flagship Blackbull Hotel,Jodhpur,Jodhpur,Rajasthan,,"Jodhpur, Rajasthan"
192148,OYO Hotel Star,OYO Hotel Star,Manesar,Manesar,Haryana,,"Manesar, Haryana"
192149,OYO Atlantis Hotel,OYO Atlantis Hotel,Surat,Surat,Gujarat,,"Surat, Gujarat"
192296,Capital O The Great Ocean View,Capital O The Great Ocean View,Goa,Goa,Goa,,Goa
192301,OYO Townhouse 1116 G SILVER HOTELS,OYO Townhouse 1116 G SILVER HOTELS Near US Consulate,Chennai,Chennai,Tamil Nadu,Near US Consulate,"Near US Consulate, Chennai, Tamil Nadu"
192379,Collection O Hotel 1089 Olive,Collection O Hotel 1089 Olive,Bangalore,Bangalore,Karnataka,,"Bangalore, Karnataka"
192401,Capital O King Suites -hennur,Capital O King Suites -hennur Near D Mart,Bangalore,Bangalore,Karnataka,Near D Mart,"Near D Mart, Bangalore, Karnataka"
192402,Capital O Royale Palms,Capital O Royale Palms,Goa,Goa,Goa,,Goa
192406,Capital O Elite Stay Jp Nagar,Capital O Elite Stay Jp Nagar Near Ragigudda Sri Prasanna Anjaneyaswamy Temple,Bangalore,Bangalore,Karnataka,Near Ragigudda Sri Prasanna Anjaneyaswamy Temple,"Near Ragigudda Sri Prasanna Anjaneyaswamy Temple, Bangalore, Karnataka"
192411,Super OYO Hotel Diamond,Super OYO Hotel Diamond,Moradabad,Moradabad,Uttar Pradesh,,"Moradabad, Uttar Pradesh"
192440,Flagship Grand Imperial,Flagship Grand Imperial Near Worlds Of Wonder,Noida,Noida,Uttar Pradesh,Near Worlds Of Wonder,"Near Worlds Of Wonder, Noida, Uttar Pradesh"
192473,Flagship Hotel Hunter's & Cafe,Flagship Hotel Hunter's & Cafe,Srinagar,Srinagar,Jammu and Kashmir,,"Srinagar, Jammu and Kashmir"
192523,Flagship Hotel Green Apple,Flagship Hotel Green Apple,Jaipur,Jaipur,Rajasthan,,"Jaipur, Rajasthan"
192541,SPOT ON 700684 Hotel Hill Inn,SPOT ON 700684 Hotel Hill Inn,Ahmedabad,Ahmedabad,Gujarat,,"Ahmedabad, Gujarat"
192587,Super OYO Collection O 700709 Hotel Daffodils,Super OYO Collection O 700709 Hotel Daffodils,Gurgaon,Gurgaon,Haryana,,"Gurgaon, Haryana"
192631,SPOT ON Bhadhowriya Hotel,SPOT ON Bhadhowriya Hotel,Hathras,Hathras,Uttar Pradesh,,"Hathras, Uttar Pradesh"
192642,Super OYO Collection O Citi Inn Zirakpur,Super OYO Collection O Citi Inn Zirakpur,Zirakpur,Zirakpur,Punjab,,"Zirakpur, Punjab"
192662,Hotel Venus Inn,Hotel Venus Inn,Lucknow,Lucknow,Uttar Pradesh,,"Lucknow, Uttar Pradesh"
192752,OYO Castle Home Stay,OYO Castle Home Stay,Jaipur,Jaipur,Rajasthan,,"Jaipur, Rajasthan"
192771,Collection O Hotel Elite Residency,Collection O Hotel Elite Residency,Indore,Indore,Madhya Pradesh,,"Indore, Madhya Pradesh"
192791,OYO Hotel Yash Inn,OYO Hotel Yash Inn,Pallu,Pallu,Rajasthan,,"Pallu, Rajasthan"
192841,Capital O Jaldapara Jungle Eco Resort,Capital O Jaldapara Jungle Eco Resort,Alipurduar,Alipurduar,West Bengal,,"Alipurduar, West Bengal"
192849,Collection O 700852 Planet Grande By Elite Hospitality,Collection O 700852 Planet Grande By Elite Hospitality,Chennai,Chennai,Tamil Nadu,,"Chennai, Tamil Nadu"
193016,SPOT ON Nisarga De Farm,"SPOT ON Nisarga De Farm, Alibaug",Alibag,Alibag,Maharashtra,Alibaug,"Alibaug, Alibag, Maharashtra"
193035,Flagship Key 2 Heaven,Flagship Key 2 Heaven,Ooty,Ooty,Tamil Nadu,,"Ooty, Tamil Nadu"
193044,OYO Flagship Pine View Resort,OYO Flagship Pine View Resort,Nainital,Nainital,Uttarakhand,,"Nainital, Uttarakhand"
193050,Collection O SLN Orchid Business Hotel,Collection O SLN Orchid Business Hotel,Bangalore,Bangalore,Karnataka,,"Bangalore, Karnataka"
193061,Capital O Tierra Woods Manyata,Capital O Tierra Woods Manyata,Bangalore,Bangalore,Karnataka,,"Bangalore, Karnataka"
193117,OYO 700993 BLUE STAR RR,OYO 700993 BLUE STAR RR,Bulandshahr,Bulandshahr,Uttar Pradesh,,"Bulandshahr, Uttar Pradesh"
193138,Flagship The Royal Bharti Hotel,Flagship The Royal Bharti Hotel,Jaisalmer,Jaisalmer,Rajasthan,,"Jaisalmer, Rajasthan"
193193,OYO Flagship 701050 Hotel Pulick Awadh,OYO Flagship 701050 Hotel Pulick Awadh,Lucknow,Lucknow,Uttar Pradesh,,"Lucknow, Uttar Pradesh"
193195,Collection O Hotel Sai Town House,Collection O Hotel Sai Town House,Mangalore,Mangalore,Karnataka,,"Mangalore, Karnataka"
193206,Flagship Hotel City Stay,Flagship Hotel City Stay,Ludhiana,Ludhiana,Punjab,,"Ludhiana, Punjab"
193220,Flagship Gn Nelli Suites,Flagship Gn Nelli Suites,Bangalore,Bangalore,Karnataka,,"Bangalore, Karnataka"
193226,Flagship Yazhini Service Apartment,Flagship Yazhini Service Apartment Near Jazz Cinemas Luxe,Chennai,Chennai,Tamil Nadu,Near Jazz Cinemas Luxe,"Near Jazz Cinemas Luxe, Chennai, Tamil Nadu"
193274,OYO Grand Royals Anjuna,OYO Grand Royals Anjuna Near Anjuna Beach,Goa,Goa,Goa,Near Anjuna Beach,"Near Anjuna Beach, Goa"
193308,Flagship Hotel Om Shaku Ganga Palace,Flagship Hotel Om Shaku Ganga Palace,Rishikesh,Rishikesh,Uttarakhand,,"Rishikesh, Uttarakhand"
193317,OYO Hotel Jk Breeze,OYO Hotel Jk Breeze,Jammu,Jammu,Jammu and Kashmir,,Jammu and Kashmir
193322,Super OYO Collection O Hotel Golden Grand,Super OYO Collection O Hotel Golden Grand,Agra,Agra,Uttar Pradesh,,"Agra, Uttar Pradesh"
193326,SPOT ON Grand Residency,SPOT ON Grand Residency Near Marina Beach,Chennai,Chennai,Tamil Nadu,Near Marina Beach,"Near Marina Beach, Chennai, Tamil Nadu"
193330,POP Bon Moyuri,POP Bon Moyuri,Latagudi,Latagudi,West Bengal,,"Latagudi, West Bengal"
193343,Flagship Jayam Residency Tiruvottiyur,Flagship Jayam Residency Tiruvottiyur Near Tiruvottriyur Theradi Metro Station,Chennai,Chennai,Tamil Nadu,Near Tiruvottriyur Theradi Metro Station,"Near Tiruvottriyur Theradi Metro Station, Chennai, Tamil Nadu"
193346,Flagship Hotel Green Palace,Flagship Hotel Green Palace,Patna,Patna,Bihar,,"Patna, Bihar"
193371,OYO Townhouse 1123 Kalyanpur Metro,OYO Townhouse 1123 Kalyanpur Metro,Kanpur,Kanpur,Uttar Pradesh,,"Kanpur, Uttar Pradesh"
193382,Flagship The Pearl Guest House,Flagship The Pearl Guest House,Visakhapatnam,Visakhapatnam,Andhra Pradesh,,"Visakhapatnam, Andhra Pradesh"
193402,Flagship Sonar Bangla Guest House,Flagship Sonar Bangla Guest House Near Acropolis Mall,Kolkata,Kolkata,West Bengal,Near Acropolis Mall,"Near Acropolis Mall, Kolkata, West Bengal"
193422,Flagship Squar Stay 3,Flagship Squar Stay 3,Bangalore,Bangalore,Karnataka,,"Bangalore, Karnataka"
193476,OYO Olive Guest House,OYO Olive Guest House,Guwahati,Guwahati,Assam,,"Guwahati, Assam"
193488,SPOT ON Deepanshi Guest House,SPOT ON Deepanshi Guest House,Ghaziabad,Ghaziabad,Uttar Pradesh,,"Ghaziabad, Uttar Pradesh"
193511,POP Pratiksha,POP Pratiksha,Bareilly,Bareilly,Uttar Pradesh,,"Bareilly, Uttar Pradesh"
193518,Flagship Hotel Raghukul,Flagship Hotel Raghukul,Jaipur,Jaipur,Rajasthan,,"Jaipur, Rajasthan"
193527,Flagship Hotel Paradise,Flagship Hotel Paradise,Faridabad,Faridabad,Haryana,,"Faridabad, Haryana"
193588,Flagship South Fort Inn,Flagship South Fort Inn,Alappuzha,Alappuzha,Kerala,,"Alappuzha, Kerala"
193595,SPOT ON Annai Guest House,SPOT ON Annai Guest House Near Marina Beach,Chennai,Chennai,Tamil Nadu,Near Marina Beach,"Near Marina Beach, Chennai, Tamil Nadu"
193615,Flagship Hotel Lemon Grass,Flagship Hotel Lemon Grass,Nagpur,Nagpur,Maharashtra,,"Nagpur, Maharashtra"
193623,SPOT ON Maddy's Guest House,SPOT ON Maddy's Guest House,Guwahati,Guwahati,Assam,,"Guwahati, Assam"
193625,SPOT ON Shappy Inn Koyambedu,SPOT ON Shappy Inn Koyambedu Near PVR SPI Palazzo Chennai,Chennai,Chennai,Tamil Nadu,Near PVR SPI Palazzo Chennai,"Near PVR SPI Palazzo Chennai, Tamil Nadu"
193759,OYO Hotel Galaxy,OYO Hotel Galaxy,Ghaziabad,Ghaziabad,Uttar Pradesh,,"Ghaziabad, Uttar Pradesh"
193765,OYO 701369 Vrinda Inn,OYO 701369 Vrinda Inn,Moradabad,Moradabad,Uttar Pradesh,,"Moradabad, Uttar Pradesh"
193768,OYO Hotel Dream Land 001,OYO Hotel Dream Land 001,Meerut,Meerut,Uttar Pradesh,,"Meerut, Uttar Pradesh"
193782,OYO Home Blue Back Guest House,OYO Home Blue Back Guest House,Moradabad,Moradabad,Uttar Pradesh,,"Moradabad, Uttar Pradesh"
193818,OYO My Baap Hotel,OYO My Baap Hotel,Bhadra,Bhadra,Rajasthan,,"Bhadra, Rajasthan"
193835,Super OYO Flagship Queens Palace,Super OYO Flagship Queens Palace,Chennai,Chennai,Tamil Nadu,,"Chennai, Tamil Nadu"
193880,OYO Rj Palace,OYO Rj Palace,Etawah,Etawah,Uttar Pradesh,,"Etawah, Uttar Pradesh"
193891,Flagship Shah Ji,Flagship Shah Ji,Karnal,Karnal,Haryana,,"Karnal, Haryana"
193931,OYO Home Stay,OYO Home Stay,Lansdowne,Lansdowne,Uttarakhand,,"Lansdowne, Uttarakhand"
193933,SPOT ON Ferns Camp,SPOT ON Ferns Camp,Mcleod-Ganj,Mcleod-Ganj,Himachal Pradesh,,"Mcleod-Ganj, Himachal Pradesh"
193991,OYO 701537 Sr Guest House,OYO 701537 Sr Guest House,Lucknow,Lucknow,Uttar Pradesh,,"Lucknow, Uttar Pradesh"
194035,Collection O Royal Elevar,Collection O Royal Elevar,Bangalore,Bangalore,Karnataka,,"Bangalore, Karnataka"
194062,Collection O 701582 Pride Hospitality US Consulate,Collection O 701582 Pride Hospitality US Consulate,Chennai,Chennai,Tamil Nadu,,"Chennai, Tamil Nadu"
194066,Flagship The Crown Hotel,Flagship The Crown Hotel,Sonipat,Sonipat,Haryana,,"Sonipat, Haryana"
194083,Flagship New Town House,Flagship New Town House,Bangalore,Bangalore,Karnataka,,"Bangalore, Karnataka"
194101,Collection O Hotel Shiva Palace,Collection O Hotel Shiva Palace,Lucknow,Lucknow,Uttar Pradesh,,"Lucknow, Uttar Pradesh"
194150,Townhouse 1135 The Sky Hotel,Townhouse 1135 The Sky Hotel Near Appu Ghar,Gurgaon,Gurgaon,Haryana,Near Appu Ghar,"Near Appu Ghar, Gurgaon, Haryana"
194158,OYO Airport Hotel Anshu,OYO Airport Hotel Anshu,Delhi_Transit,Delhi (Transit),Delhi,"Near IGI Airport, Mahipalpur","Near IGI Airport, Mahipalpur, Delhi"
194200,OYO Mishra Suites,OYO Mishra Suites,Varanasi,Varanasi,Uttar Pradesh,,"Varanasi, Uttar Pradesh"
194221,SPOT ON Manav Shree Lodge,SPOT ON Manav Shree Lodge,Pune,Pune,Maharashtra,,"Pune, Maharashtra"
194237,Flagship Hotel Cozy Rooms,Flagship Hotel Cozy Rooms,Surat,Surat,Gujarat,,"Surat, Gujarat"
194252,Collection O 701743 Yash Inn,Collection O 701743 Yash Inn,Chennai,Chennai,Tamil Nadu,,"Chennai, Tamil Nadu"
194280,OYO Hotel The Grand Shyoraj,OYO Hotel The Grand Shyoraj,Aligarh,Aligarh,Uttar Pradesh,,"Aligarh, Uttar Pradesh"
194304,Collection O Simrat Hotel,Collection O Simrat Hotel,Siliguri,Siliguri,West Bengal,,"Siliguri, West Bengal"
194330,SPOT ON Taaza Residency,SPOT ON Taaza Residency,Kochi,Kochi,Kerala,,"Kochi, Kerala"
194345,OYO Flagship 701822 Park Lake View,OYO Flagship 701822 Park Lake View,Lucknow,Lucknow,Uttar Pradesh,,"Lucknow, Uttar Pradesh"
194395,OYO Flagship Hotel Golden Suites,OYO Flagship Hotel Golden Suites,Bangalore,Bangalore,Karnataka,,"Bangalore, Karnataka"
194401,OYO Hotel Airport Anshu,OYO Hotel Airport Anshu,Delhi_Transit,Delhi (Transit),Delhi,"Near IGI Airport, Mahipalpur","Near IGI Airport, Mahipalpur, Delhi"
194407,Super OYO Flagship Hotel Jagat Palace,Super OYO Flagship Hotel Jagat Palace,Ranchi,Ranchi,Jharkhand,,"Ranchi, Jharkhand"
194417,Flagship Ssd Plaza Hotel,Flagship Ssd Plaza Hotel,Delhi_Transit,Delhi (Transit),Delhi,"Near IGI Airport, Mahipalpur","Near IGI Airport, Mahipalpur, Delhi"
194433,Collection O Hotel 7 Wonders,Collection O Hotel 7 Wonders,Kota,Kota,Rajasthan,,"Kota, Rajasthan"
194480,OYO Flagship Hotel shakun palace,OYO Flagship Hotel shakun palace,Ghaziabad,Ghaziabad,Uttar Pradesh,,"Ghaziabad, Uttar Pradesh"
194481,Flagship Hotel Victory,Flagship Hotel Victory Near Burlington Crossing,Lucknow,Lucknow,Uttar Pradesh,Near Burlington Crossing,"Near Burlington Crossing, Lucknow, Uttar Pradesh"
194494,SPOT ON 701936 S Siddhi Vinayak,SPOT ON 701936 S Siddhi Vinayak,Jabalpur,Jabalpur,Madhya Pradesh,,"Jabalpur, Madhya Pradesh"
194496,Collection O Hotel Bhanwar Niwas,Collection O Hotel Bhanwar Niwas,Jaipur,Jaipur,Rajasthan,,"Jaipur, Rajasthan"
194511,OYO City Grand Hotel,OYO City Grand Hotel,Bulandshahr,Bulandshahr,Uttar Pradesh,,"Bulandshahr, Uttar Pradesh"
194536,Collection O - Hotel Grand Valley,Collection O - Hotel Grand Valley,Ghaziabad,Ghaziabad,Uttar Pradesh,,"Ghaziabad, Uttar Pradesh"
194541,OYO 701972 Flagship Shree Corporate,OYO 701972 Flagship Shree Corporate  Near TCS Gitabitan,Kolkata,Kolkata,West Bengal,Near TCS Gitabitan,"Near TCS Gitabitan, Kolkata, West Bengal"
194580,OYO Benvenuto Cottage,OYO Benvenuto Cottage,Manali,Manali,Himachal Pradesh,,"Manali, Himachal Pradesh"
194618,Flagship Mathrushree Bording And Lodging,Flagship Mathrushree Bording And Lodging,Bangalore,Bangalore,Karnataka,,"Bangalore, Karnataka"
194625,Flagship Seventy Stay In,Flagship Seventy Stay In,Mohali,Mohali,Punjab,,"Mohali, Punjab"
194630,OYO Ciudad Rosa,OYO Ciudad Rosa,Jaipur,Jaipur,Rajasthan,,"Jaipur, Rajasthan"
194640,OYO Flagship 702051 Hotel Rock On,OYO Flagship 702051 Hotel Rock On,Jaipur,Jaipur,Rajasthan,,"Jaipur, Rajasthan"
194731,Flagship Hotel Cozy Stay,Flagship Hotel Cozy Stay,Indore,Indore,Madhya Pradesh,,"Indore, Madhya Pradesh"
194740,OYO Anmols Peace Home Stay,OYO Anmols Peace Home Stay,Ooty,Ooty,Tamil Nadu,,"Ooty, Tamil Nadu"
194751,Super OYO Townhouse 1144 Hotel 7 Lamps,Super OYO Townhouse 1144 Hotel 7 Lamps,Visakhapatnam,Visakhapatnam,Andhra Pradesh,,"Visakhapatnam, Andhra Pradesh"
194761,OYO Dangi The Fast Food And Family Dhaba,OYO Dangi The Fast Food And Family Dhaba,Bhopal,Bhopal,Madhya Pradesh,,"Bhopal, Madhya Pradesh"
194762,OYO Lucky,OYO Lucky,Guwahati,Guwahati,Assam,,"Guwahati, Assam"
194797,Collection O Leo Guest House,Collection O Leo Guest House,Kolkata,Kolkata,West Bengal,,"Kolkata, West Bengal"
194806,Flagship Hotel U B Inn,Flagship Hotel U B Inn,Ghaziabad,Ghaziabad,Uttar Pradesh,,"Ghaziabad, Uttar Pradesh"
194809,POP 702188 The Royal Galaxy,POP 702188 The Royal Galaxy,Udaipur,Udaipur,Rajasthan,,"Udaipur, Rajasthan"
194819,Super OYO Flagship Vsv Avenue Hennur,Super OYO Flagship Vsv Avenue Hennur Near Sri Amruth Chithra Mandira,Bangalore,Bangalore,Karnataka,Near Sri Amruth Chithra Mandira,"Near Sri Amruth Chithra Mandira, Bangalore, Karnataka"
194825,SPOT ON Sapthagiri Residency,SPOT ON Sapthagiri Residency,Bangalore,Bangalore,Karnataka,,"Bangalore, Karnataka"
194855,SPOT ON Rajawat Guest House,SPOT ON Rajawat Guest House,Jodhpur,Jodhpur,Rajasthan,,"Jodhpur, Rajasthan"
194902,Flagship Ayurma Inn,Flagship Ayurma Inn,Lucknow,Lucknow,Uttar Pradesh,,"Lucknow, Uttar Pradesh"
194926,Townhouse 1149 Hotel Impact,Townhouse 1149 Hotel Impact,Lucknow,Lucknow,Uttar Pradesh,,"Lucknow, Uttar Pradesh"
194927,Flagship Hotel Green Tower,Flagship Hotel Green Tower,Amritsar,Amritsar,Punjab,,"Amritsar, Punjab"
194976,Collection O Clement Holydays,Collection O Clement Holydays,Wayanad,Wayanad,Kerala,,"Wayanad, Kerala"
194982,OYO Gangtok Inn,OYO Gangtok Inn,Gangtok,Gangtok,Sikkim,,"Gangtok, Sikkim"
194985,Flagship 70230 Homely Stay,Flagship 70230 Homely Stay,Aurangabad,Aurangabad,Maharashtra,,"Aurangabad, Maharashtra"
194997,OYO Flagship 702314 Shanti Guest House,OYO Flagship 702314 Shanti Guest House,Cuttack,Cuttack,Odisha,,"Cuttack, Odisha"
195011,Flagship D S Guest House,Flagship D S Guest House Near Setelite Bus Stand,Bareilly,Bareilly,Uttar Pradesh,Near Setelite Bus Stand,"Near Setelite Bus Stand, Bareilly, Uttar Pradesh"
195044,OYO Palassio Inn,OYO Palassio Inn,Lucknow,Lucknow,Uttar Pradesh,,"Lucknow, Uttar Pradesh"
195070,SPOT ON 702365 New Golden Star Guest House,SPOT ON 702365 New Golden Star Guest House Near Thirumangalam Metro Station,Chennai,Chennai,Tamil Nadu,Near Thirumangalam Metro Station,"Near Thirumangalam Metro Station, Chennai, Tamil Nadu"
195090,OYO Home Pearl Homestay,OYO Home Pearl Homestay Near Munshi Pulia Metro Station,Lucknow,Lucknow,Uttar Pradesh,Near Munshi Pulia Metro Station,"Near Munshi Pulia Metro Station, Lucknow, Uttar Pradesh"
195111,OYO Harsh Hotel,OYO Harsh Hotel,Rewari,Rewari,Haryana,,"Rewari, Haryana"
195153,Flagship Shri Sai Boarding And Lodging,Flagship Shri Sai Boarding And Lodging Near Nagasandra Metro Station,Bangalore,Bangalore,Karnataka,Near Nagasandra Metro Station,"Near Nagasandra Metro Station, Bangalore, Karnataka"
195183,Super OYO Collection O 702443 Nidhivan Dham,Super OYO Collection O 702443 Nidhivan Dham,Mathura,Mathura,Uttar Pradesh,,"Mathura, Uttar Pradesh"
195197,SPOT ON Jayesh Guest House,SPOT ON Jayesh Guest House,Nashik,Nashik,Maharashtra,,"Nashik, Maharashtra"
195207,Townhouse 1172 Golden Key,Townhouse 1172 Golden Key Near Delhi Airport,Delhi_Transit,Delhi (Transit),Delhi,Near Delhi Airport,"Near Delhi Airport, Delhi (Transit), Delhi"
195210,OYO Flagship 702466 Seema International,OYO Flagship 702466 Seema International,Kolkata,Kolkata,West Bengal,,"Kolkata, West Bengal"
195218,Oyo 702471 Hotel Lavish,Oyo 702471 Hotel Lavish,Faridabad,Faridabad,Haryana,,"Faridabad, Haryana"
195254,OYO 702486 High And Seek Hotel,OYO 702486 High And Seek Hotel,Shimla,Shimla,Himachal Pradesh,,"Shimla, Himachal Pradesh"
195369,Flagship Ranthambore Holiday Inn,Flagship Ranthambore Holiday Inn,Ranthambore,Ranthambore,Rajasthan,,"Ranthambore, Rajasthan"
195372,SPOT ON The New View Palace,SPOT ON The New View Palace,Trivandrum,Trivandrum,Kerala,,"Trivandrum, Kerala"
195376,Collection O Hotel The Whistler,Collection O Hotel The Whistler,Bhopal,Bhopal,Madhya Pradesh,,"Bhopal, Madhya Pradesh"
195382,SPOT ON 702567 Suhas Residency,SPOT ON 702567 Suhas Residency,Mysore,Mysore,Karnataka,,"Mysore, Karnataka"
195396,Townhouse OAK Hotel Joy24,Townhouse OAK Hotel Joy24,Jaipur,Jaipur,Rajasthan,,"Jaipur, Rajasthan"
195470,Flagship Hotel Sunrise Inn,Flagship Hotel Sunrise Inn,Gorakhpur,Gorakhpur,Uttar Pradesh,,"Gorakhpur, Uttar Pradesh"
195496,Super OYO Tara Height's,Super OYO Tara Height's,Lonavala,Lonavala,Maharashtra,,"Lonavala, Maharashtra"
195513,SPOT ON Fakt Tu Aani Mi,SPOT ON Fakt Tu Aani Mi,Nagpur,Nagpur,Maharashtra,,"Nagpur, Maharashtra"
195515,Flagship Hotel Sky Land,Flagship Hotel Sky Land,Ludhiana,Ludhiana,Punjab,,"Ludhiana, Punjab"
195524,Flagship Hotel Wonder Hill,Flagship Hotel Wonder Hill,Nagpur,Nagpur,Maharashtra,,"Nagpur, Maharashtra"
195529,Collection O Hotel Salasar Palace,Collection O Hotel Salasar Palace,Jaipur,Jaipur,Rajasthan,,"Jaipur, Rajasthan"
195610,Flagship Sri Sai Comforts,Flagship Sri Sai Comforts,Bangalore,Bangalore,Karnataka,,"Bangalore, Karnataka"
195611,Collection O Hotel Task,Collection O Hotel Task,Indore,Indore,Madhya Pradesh,,"Indore, Madhya Pradesh"
195619,SPOT ON Shirdi Sai Guest House,SPOT ON Shirdi Sai Guest House,Guwahati,Guwahati,Assam,,"Guwahati, Assam"
195631,Collection O 702734 Spex Hills,Collection O 702734 Spex Hills,Manali,Manali,Himachal Pradesh,,"Manali, Himachal Pradesh"
195718,Flagship Om Gulmohar Avenue,Flagship Om Gulmohar Avenue,Bhopal,Bhopal,Madhya Pradesh,,"Bhopal, Madhya Pradesh"
195724,Collection O Hotel Rose Villa,Collection O Hotel Rose Villa,Ludhiana,Ludhiana,Punjab,,"Ludhiana, Punjab"
195733,OYO Flagship Hotel Rishabh Inn,OYO Flagship Hotel Rishabh Inn,Ghaziabad,Ghaziabad,Uttar Pradesh,,"Ghaziabad, Uttar Pradesh"
195746,Flagship Hotel Raj,Flagship Hotel Raj,Jaipur,Jaipur,Rajasthan,,"Jaipur, Rajasthan"
195750,Collection O White Hotel 2,Collection O White Hotel 2,Ghaziabad,Ghaziabad,Uttar Pradesh,,"Ghaziabad, Uttar Pradesh"
195754,Collection O Check Inn Residency,Collection O Check Inn Residency,Bangalore,Bangalore,Karnataka,,"Bangalore, Karnataka"
195756,Flagship Trinity Inn,Flagship Trinity Inn,Nagpur,Nagpur,Maharashtra,,"Nagpur, Maharashtra"
195759,Collection O 81083 Hotel Pav,Collection O 81083 Hotel Pav,Jaipur,Jaipur,Rajasthan,,"Jaipur, Rajasthan"
195763,Flagship K S Inn Hotel,Flagship K S Inn Hotel,Goa,Goa,Goa,,Goa
195836,Collection O Hotel Blueline,Collection O Hotel Blueline,Kanpur,Kanpur,Uttar Pradesh,,"Kanpur, Uttar Pradesh"
195943,Flagship Bobs Mansion,Flagship Bobs Mansion,Guwahati,Guwahati,Assam,,"Guwahati, Assam"
195970,Flagship Hotel One Town Prime,Flagship Hotel One Town Prime,Vijayawada,Vijayawada,Andhra Pradesh,,"Vijayawada, Andhra Pradesh"
196033,Townhouse 1157 Hotel Relax Inn,Townhouse 1157 Hotel Relax Inn,Lucknow,Lucknow,Uttar Pradesh,,"Lucknow, Uttar Pradesh"
196049,Collection O Hotel Joaquim,Collection O Hotel Joaquim Near Baga Beach,Goa,Goa,Goa,Near Baga Beach,"Near Baga Beach, Goa"
196059,SPOT ON Hotel Aman Palace,SPOT ON Hotel Aman Palace,Bhopal,Bhopal,Madhya Pradesh,,"Bhopal, Madhya Pradesh"
196084,Capital O 703044 VMK Paradise,Capital O 703044 VMK Paradise,Bangalore,Bangalore,Karnataka,,"Bangalore, Karnataka"
196089,Super OYO Flagship Hotel Park Avenue,Super OYO Flagship Hotel Park Avenue,Lucknow,Lucknow,Uttar Pradesh,,"Lucknow, Uttar Pradesh"
196103,OYO Flagship 703063 Hotel Shree Shyam,OYO Flagship 703063 Hotel Shree Shyam,Rewari,Rewari,Haryana,,"Rewari, Haryana"
196111,OYO Flagship 703071 Krk Guest House,OYO Flagship 703071 Krk Guest House,Chennai,Chennai,Tamil Nadu,,"Chennai, Tamil Nadu"
196150,Super OYO Blue Star Guest House,Super OYO Blue Star Guest House,Bulandshahr,Bulandshahr,Uttar Pradesh,,"Bulandshahr, Uttar Pradesh"
196152,Flagship Mahakal Stay,Flagship Mahakal Stay,Darjeeling,Darjeeling,West Bengal,,"Darjeeling, West Bengal"
196153,OYO Sr Hotel,OYO Sr Hotel,Ghaziabad,Ghaziabad,Uttar Pradesh,,"Ghaziabad, Uttar Pradesh"
196176,Collection O Hotel Supreme Suites,Collection O Hotel Supreme Suites Near Sri Amruth Chithra Mandira,Bangalore,Bangalore,Karnataka,Near Sri Amruth Chithra Mandira,"Near Sri Amruth Chithra Mandira, Bangalore, Karnataka"
196253,Capital O Hotel Tenchuk,Capital O Hotel Tenchuk,Gangtok,Gangtok,Sikkim,,"Gangtok, Sikkim"
196280,POP Hotel Jaganmatha Orchids,POP Hotel Jaganmatha Orchids,Udupi-Manipal,Udupi-Manipal,Karnataka,,"Udupi-Manipal, Karnataka"
196289,Flagship Hotel Ranjit,Flagship Hotel Ranjit,Varanasi,Varanasi,Uttar Pradesh,,"Varanasi, Uttar Pradesh"
196309,SPOT ON New Royal Lodge,SPOT ON New Royal Lodge,Eluru,Eluru,Andhra Pradesh,,"Eluru, Andhra Pradesh"
196313,Flagship Pride Inn,Flagship Pride Inn,Bangalore,Bangalore,Karnataka,,"Bangalore, Karnataka"
196334,OYO Hotel Majali Top,OYO Hotel Majali Top,Karwar,Karwar,Karnataka,,"Karwar, Karnataka"
196392,Super OYO Flagship Hotel Drip Inn,Super OYO Flagship Hotel Drip Inn,Lucknow,Lucknow,Uttar Pradesh,,"Lucknow, Uttar Pradesh"
196398,Townhouse 1160 P.s.Palace,Townhouse 1160 P.s.Palace Near Amausi Metro Station,Lucknow,Lucknow,Uttar Pradesh,Near Amausi Metro Station,"Near Amausi Metro Station, Lucknow, Uttar Pradesh"
196410,Flagship Hotel Sharma Inn,Flagship Hotel Sharma Inn,Ghaziabad,Ghaziabad,Uttar Pradesh,,"Ghaziabad, Uttar Pradesh"
196417,Super OYO Capital O Hotel Vrundavan Room & Banquet,Super OYO Capital O Hotel Vrundavan Room & Banquet,Surat,Surat,Gujarat,,"Surat, Gujarat"
196431,Collection O Hotel Sairaj Lodging & Boarding,Collection O Hotel Sairaj Lodging & Boarding,Pune,Pune,Maharashtra,,"Pune, Maharashtra"
196435,Flagship Elite Stay,Flagship Elite Stay Near Ragigudda Sri Prasanna Anjaneyaswamy Temple,Bangalore,Bangalore,Karnataka,Near Ragigudda Sri Prasanna Anjaneyaswamy Temple,"Near Ragigudda Sri Prasanna Anjaneyaswamy Temple, Bangalore, Karnataka"
196447,OYO Flagship 703353 Hotel Eastern,OYO Flagship 703353 Hotel Eastern,Amritsar,Amritsar,Punjab,,"Amritsar, Punjab"
196448,Flagship Hotel Shree Palace,Flagship Hotel Shree Palace,Surat,Surat,Gujarat,,"Surat, Gujarat"
196482,SPOT ON PUBG HOTEL,SPOT ON PUBG HOTEL,Muzaffarnagar,Muzaffarnagar,Uttar Pradesh,,"Muzaffarnagar, Uttar Pradesh"
196489,Flagship Snow View Home Stay,Flagship Snow View Home Stay,Nainital,Nainital,Uttarakhand,,"Nainital, Uttarakhand"
196496,Flagship Ren Basera,Flagship Ren Basera,Bareilly,Bareilly,Uttar Pradesh,,"Bareilly, Uttar Pradesh"
196498,SPOT ON Anamika Garden,SPOT ON Anamika Garden,Prayagraj,Prayagraj,Uttar Pradesh,,"Prayagraj, Uttar Pradesh"
196512,OYO Hotel Neki & Restaurant,OYO Hotel Neki & Restaurant,Meerut,Meerut,Uttar Pradesh,,"Meerut, Uttar Pradesh"
196569,Flagship Beaver Hotel & Luxury Rooms,Flagship Beaver Hotel & Luxury Rooms,Lucknow,Lucknow,Uttar Pradesh,,"Lucknow, Uttar Pradesh"
196576,Flagship Aruvi Annex Munnar,Flagship Aruvi Annex Munnar,Munnar,Munnar,Kerala,,"Munnar, Kerala"
196591,Flagship Hotel Vedansh,Flagship Hotel Vedansh,Ludhiana,Ludhiana,Punjab,,"Ludhiana, Punjab"
196663,Collection O Hotel Blue Sky,Collection O Hotel Blue Sky,Indore,Indore,Madhya Pradesh,,"Indore, Madhya Pradesh"
196683,OYO Gold Diamond,OYO Gold Diamond,Meerut,Meerut,Uttar Pradesh,,"Meerut, Uttar Pradesh"
196722,SPOT ON Hotel Holiday,SPOT ON Hotel Holiday,Bharatpur,Bharatpur,Rajasthan,,"Bharatpur, Rajasthan"
196726,OYO Flagship Hotel Shaurya,OYO Flagship Hotel Shaurya,Gorakhpur,Gorakhpur,Uttar Pradesh,,"Gorakhpur, Uttar Pradesh"
196772,OYO The Royal Plaza,OYO The Royal Plaza,Bulandshahr,Bulandshahr,Uttar Pradesh,,"Bulandshahr, Uttar Pradesh"
196792,OYO Townhouse 1166 Bsa Townhouse,OYO Townhouse 1166 Bsa Townhouse,Lucknow,Lucknow,Uttar Pradesh,,"Lucknow, Uttar Pradesh"
196811,Collection O Samira Residency,Collection O Samira Residency Near Botanic Garden Of Indian Republic,Noida,Noida,Uttar Pradesh,Near Botanic Garden Of Indian Republic,"Near Botanic Garden Of Indian Republic, Noida, Uttar Pradesh"
196816,Flagship Hotel Joyous Inn,Flagship Hotel Joyous Inn,Ghaziabad,Ghaziabad,Uttar Pradesh,,"Ghaziabad, Uttar Pradesh"
196817,Collection O Sky Hotel,Collection O Sky Hotel,Rohtak,Rohtak,Haryana,,"Rohtak, Haryana"
196862,Flagship Hotel Krishna Rooms,Flagship Hotel Krishna Rooms,Surat,Surat,Gujarat,,"Surat, Gujarat"
196869,Flagship Hotel Bubbles,Flagship Hotel Bubbles,Jalandhar,Jalandhar,Punjab,,"Jalandhar, Punjab"
196886,Flagship J2 Service Appartment,Flagship J2 Service Appartment,Chennai,Chennai,Tamil Nadu,,"Chennai, Tamil Nadu"
196887,Collection O Sri Sai Ram Suites,Collection O Sri Sai Ram Suites,Bangalore,Bangalore,Karnataka,,"Bangalore, Karnataka"
196893,Collection O The Royal Fern,Collection O The Royal Fern,Manesar,Manesar,Haryana,,"Manesar, Haryana"
196896,Flagship Hotel Tara Maa Guest House,Flagship Hotel Tara Maa Guest House,Kolkata,Kolkata,West Bengal,,"Kolkata, West Bengal"
196909,Flagship Hotel Sangeet,Flagship Hotel Sangeet,Faridabad,Faridabad,Haryana,,"Faridabad, Haryana"
196949,SPOT ON The New View Regency,SPOT ON The New View Regency,Trivandrum,Trivandrum,Kerala,,"Trivandrum, Kerala"
196963,OYO Light And Night Hotel,OYO Light And Night Hotel,Ghaziabad,Ghaziabad,Uttar Pradesh,,"Ghaziabad, Uttar Pradesh"
196988,Flagship Cruze Residency,Flagship Cruze Residency,Coimbatore,Coimbatore,Tamil Nadu,,"Coimbatore, Tamil Nadu"
197010,SPOT ON Hotel Maity Residency,SPOT ON Hotel Maity Residency,Digha,Digha,West Bengal,,"Digha, West Bengal"
197051,OYO Hotel Welcome Inn Era,OYO Hotel Welcome Inn Era,Muzaffarnagar,Muzaffarnagar,Uttar Pradesh,,"Muzaffarnagar, Uttar Pradesh"
197052,Flagship Sai Galaxy Hotel & Restaurant,Flagship Sai Galaxy Hotel & Restaurant,Kanpur,Kanpur,Uttar Pradesh,,"Kanpur, Uttar Pradesh"
197058,OYO Flagship Hotel Arjun,OYO Flagship Hotel Arjun,Prayagraj,Prayagraj,Uttar Pradesh,,"Prayagraj, Uttar Pradesh"
197066,Flagship Kudrat Home Stay,Flagship Kudrat Home Stay,Shimla,Shimla,Himachal Pradesh,,"Shimla, Himachal Pradesh"
197085,Townhouse 1174 Hotel Cool River,Townhouse 1174 Hotel Cool River,Visakhapatnam,Visakhapatnam,Andhra Pradesh,,"Visakhapatnam, Andhra Pradesh"
197092,OYO 703856 Hotel Metro,OYO 703856 Hotel Metro,Ghaziabad,Ghaziabad,Uttar Pradesh,,"Ghaziabad, Uttar Pradesh"
197121,POP Hotel Elite,POP Hotel Elite,Muzaffarnagar,Muzaffarnagar,Uttar Pradesh,,"Muzaffarnagar, Uttar Pradesh"
197142,Flagship 703889 Aston Shimla Hills,Flagship 703889 Aston Shimla Hills,Shimla,Shimla,Himachal Pradesh,,"Shimla, Himachal Pradesh"
197158,Townhouse 1168 Hotel SM PARADISE,Townhouse 1168 Hotel SM PARADISE,Visakhapatnam,Visakhapatnam,Andhra Pradesh,,"Visakhapatnam, Andhra Pradesh"
197179,OYO Flagship Hotel Royals,OYO Flagship Hotel Royals,Ranchi,Ranchi,Jharkhand,,"Ranchi, Jharkhand"
197200,Super OYO Collection O Hotel Bright Holidays,Super OYO Collection O Hotel Bright Holidays,Mahabaleshwar,Mahabaleshwar,Maharashtra,,"Mahabaleshwar, Maharashtra"
197264,Flagship Pari Hotel,Flagship Pari Hotel,Ghaziabad,Ghaziabad,Uttar Pradesh,,"Ghaziabad, Uttar Pradesh"
197270,OYO Hotel Inu,OYO Hotel Inu,Jalandhar,Jalandhar,Punjab,,"Jalandhar, Punjab"
197307,OYO Flagship 703996 The Lime Wood Guest House,OYO Flagship 703996 The Lime Wood Guest House,Prayagraj,Prayagraj,Uttar Pradesh,,"Prayagraj, Uttar Pradesh"
197313,Super OYO Capital O 704001 Indrapuri Rajadhani,Super OYO Capital O 704001 Indrapuri Rajadhani,Trivandrum,Trivandrum,Kerala,,"Trivandrum, Kerala"
197344,Collection O Hotel Shivaay,Collection O Hotel Shivaay,Indore,Indore,Madhya Pradesh,,"Indore, Madhya Pradesh"
197361,OYO Flagship Hotel Vills,OYO Flagship Hotel Vills Near Gomti Riverfront Park,Lucknow,Lucknow,Uttar Pradesh,Near Gomti Riverfront Park,"Near Gomti Riverfront Park, Lucknow, Uttar Pradesh"
197430,Super OYO Capital O Skg Royal Palace,Super OYO Capital O Skg Royal Palace,Bhopal,Bhopal,Madhya Pradesh,,"Bhopal, Madhya Pradesh"
197445,Capital O Hotel Shubham Residency,Capital O Hotel Shubham Residency,Mumbai,Mumbai,Maharashtra,,"Mumbai, Maharashtra"
197479,OYO IAE508 Shree Homestay,OYO IAE508 Shree Homestay,Shimla,Shimla,Himachal Pradesh,,"Shimla, Himachal Pradesh"
197511,OYO Hotel S R Resort,OYO Hotel S R Resort,Narnaul,Narnaul,Haryana,,"Narnaul, Haryana"
197545,Flagship 80457 Hotel Axis Inn,Flagship 80457 Hotel Axis Inn,Amritsar,Amritsar,Punjab,,"Amritsar, Punjab"
197624,Super OYO Flagship Hotel Vintage House,Super OYO Flagship Hotel Vintage House,Agra,Agra,Uttar Pradesh,,"Agra, Uttar Pradesh"
197645,OYO Flagship 80464A Hotel Metro View,OYO Flagship 80464A Hotel Metro View,Lucknow,Lucknow,Uttar Pradesh,,"Lucknow, Uttar Pradesh"
197650,OYO Flagship HOTEL SKYSPACE,OYO Flagship HOTEL SKYSPACE Near Hare Krishna Hill,Bangalore,Bangalore,Karnataka,Near Hare Krishna Hill,"Near Hare Krishna Hill, Bangalore, Karnataka"
197711,Collection O Hotel The Earth,Collection O Hotel The Earth,Bhopal,Bhopal,Madhya Pradesh,,"Bhopal, Madhya Pradesh"
197722,OYO Flagship Hotel Aryan Lodging And Boarding,OYO Flagship Hotel Aryan Lodging And Boarding,Baramati,Baramati,Maharashtra,,"Baramati, Maharashtra"
197806,Townhouse 1170 The Lotus,Townhouse 1170 The Lotus,Jaipur,Jaipur,Rajasthan,,"Jaipur, Rajasthan"
197880,Flagship Hotel Blue Bell,Flagship Hotel Blue Bell,Pondicherry,Pondicherry,Puducherry,,"Pondicherry, Puducherry"
197920,SPOT ON Hotel River View,SPOT ON Hotel River View,Jammu,Jammu,Jammu and Kashmir,,Jammu and Kashmir
197933,OYO Flagship 804787 Jai Shiv Shakti Guest House,OYO Flagship 804787 Jai Shiv Shakti Guest House,Almora,Almora,Uttarakhand,,"Almora, Uttarakhand"
197937,Flagship Hotel Royal FNG,Flagship Hotel Royal FNG,Noida,Noida,Uttar Pradesh,,"Noida, Uttar Pradesh"
197939,Collection O Hotel SRG,Collection O Hotel SRG,Lucknow,Lucknow,Uttar Pradesh,,"Lucknow, Uttar Pradesh"
197949,Flagship Akshaya Panchavati,Flagship Akshaya Panchavati,Vijayawada,Vijayawada,Andhra Pradesh,,"Vijayawada, Andhra Pradesh"
197956,Collection O Hotel Aloft,Collection O Hotel Aloft,Jaipur,Jaipur,Rajasthan,,"Jaipur, Rajasthan"
197994,OYO Parinaya Vatika Banquet And Party Lawn,OYO Parinaya Vatika Banquet And Party Lawn,Haldwani,Haldwani,Uttarakhand,,"Haldwani, Uttarakhand"
197996,SPOT ON Hotel Tushar Lodging,SPOT ON Hotel Tushar Lodging,Pune,Pune,Maharashtra,,"Pune, Maharashtra"
197997,OYO Flagship Alisha Lodge,OYO Flagship Alisha Lodge,Asansol,Asansol,West Bengal,,"Asansol, West Bengal"
198011,OYO The Moonshine Hotel,OYO The Moonshine Hotel,Charkhi-Dadri,Charkhi-Dadri,Haryana,,"Charkhi-Dadri, Haryana"
198013,OYO Laser Tower Home Stay,OYO Laser Tower Home Stay,Amritsar,Amritsar,Punjab,,"Amritsar, Punjab"
198058,Flagship Hotel Gold Mine,Flagship Hotel Gold Mine,Surat,Surat,Gujarat,,"Surat, Gujarat"
198067,Townhouse 1173 Vandana Residency,Townhouse 1173 Vandana Residency,Mumbai,Mumbai,Maharashtra,,"Mumbai, Maharashtra"
198117,Flagship Shree Shyam Guest House,Flagship Shree Shyam Guest House,Jaipur,Jaipur,Rajasthan,,"Jaipur, Rajasthan"
198124,OYO Hotel RK,OYO Hotel RK,Manesar,Manesar,Haryana,,"Manesar, Haryana"
198131,OYO Flagship 804918 Hotel Chawla's 7 Star Inn,OYO Flagship 804918 Hotel Chawla's 7 Star Inn,Jalandhar,Jalandhar,Punjab,,"Jalandhar, Punjab"
198133,Flagship Ck Inn,Flagship Ck Inn Near Chaudhary Charan Singh International Airport,Lucknow,Lucknow,Uttar Pradesh,Near Chaudhary Charan Singh International Airport,"Near Chaudhary Charan Singh International Airport, Lucknow, Uttar Pradesh"
198135,Flagship Seera Suites,Flagship Seera Suites,Vijayawada,Vijayawada,Andhra Pradesh,,"Vijayawada, Andhra Pradesh"
198177,Flagship Table And Talk,Flagship Table And Talk,Katra,Katra,Jammu and Kashmir,,"Katra, Jammu and Kashmir"
198270,OYO 80497E Avyan Villa,OYO 80497E Avyan Villa,Jalandhar,Jalandhar,Punjab,,"Jalandhar, Punjab"
198288,Super OYO Flagship New Bhandan Lawn,Super OYO Flagship New Bhandan Lawn,Lucknow,Lucknow,Uttar Pradesh,,"Lucknow, Uttar Pradesh"
198387,Flagship Anil Guest House,Flagship Anil Guest House,Rishikesh,Rishikesh,Uttarakhand,,"Rishikesh, Uttarakhand"
198388,Flagship Ram Bhawan,Flagship Ram Bhawan,Lucknow,Lucknow,Uttar Pradesh,,"Lucknow, Uttar Pradesh"
198389,OYO Flagship Hotel Paradise Blu,OYO Flagship Hotel Paradise Blu,Indore,Indore,Madhya Pradesh,,"Indore, Madhya Pradesh"
198391,OYO Flagship SS Inn,OYO Flagship SS Inn,Lucknow,Lucknow,Uttar Pradesh,,"Lucknow, Uttar Pradesh"
198438,Super OYO Smart City Guest House,Super OYO Smart City Guest House,Faridabad,Faridabad,Haryana,,"Faridabad, Haryana"
198451,Flagship Hotel Golden Gate,Flagship Hotel Golden Gate,Amritsar,Amritsar,Punjab,,"Amritsar, Punjab"
198515,Capital O Hotel Hidden Flower,Capital O Hotel Hidden Flower,Gangtok,Gangtok,Sikkim,,"Gangtok, Sikkim"
198522,OYO Flagship 805122 Hotel Garuda Inn,OYO Flagship 805122 Hotel Garuda Inn,Vijayawada,Vijayawada,Andhra Pradesh,,"Vijayawada, Andhra Pradesh"
198523,Collection O Akriti Regency,Collection O Akriti Regency,Bhopal,Bhopal,Madhya Pradesh,,"Bhopal, Madhya Pradesh"
198537,OYO Hotel Rose Garden,OYO Hotel Rose Garden,Darjeeling,Darjeeling,West Bengal,,"Darjeeling, West Bengal"
198542,Super OYO Capital O 805141 Prince Venue,Super OYO Capital O 805141 Prince Venue,Bangalore,Bangalore,Karnataka,,"Bangalore, Karnataka"
198549,Flagship Hotel Convivial Star,Flagship Hotel Convivial Star,Raipur,Raipur,Chhattisgarh,,"Raipur, Chhattisgarh"
198553,Flagship Hotel Shivam Palace,"Flagship Hotel Shivam Palace,",Jaipur,Jaipur,Rajasthan,,"Jaipur, Rajasthan"
198561,Super OYO Flagship Rest In Hotel,Super OYO Flagship Rest In Hotel,Ghaziabad,Ghaziabad,Uttar Pradesh,,"Ghaziabad, Uttar Pradesh"
198596,Collection O 805192 G Silver Ashok Nagar,Collection O 805192 G Silver Ashok Nagar,Chennai,Chennai,Tamil Nadu,,"Chennai, Tamil Nadu"
198600,Collection O Shyam Palace,Collection O Shyam Palace,Lucknow,Lucknow,Uttar Pradesh,,"Lucknow, Uttar Pradesh"
198640,Flagship Das Inn,Flagship Das Inn,Bhubaneswar,Bhubaneswar,Odisha,,"Bhubaneswar, Odisha"
198669,Flagship Roister Inn,Flagship Roister Inn Near Gomti Riverfront Park,Lucknow,Lucknow,Uttar Pradesh,Near Gomti Riverfront Park,"Near Gomti Riverfront Park, Lucknow, Uttar Pradesh"
198709,Flagship Hotel Manisha Palace,Flagship Hotel Manisha Palace,Jaipur,Jaipur,Rajasthan,,"Jaipur, Rajasthan"
198729,OYO Flagship 805300 Hotel R.s. Castle,OYO Flagship 805300 Hotel R.s. Castle,Amritsar,Amritsar,Punjab,,"Amritsar, Punjab"
198736,Flagship Gurunanak Residency,Flagship Gurunanak Residency,Jamshedpur,Jamshedpur,Jharkhand,,"Jamshedpur, Jharkhand"
198743,Capital O Hotel Bhavya Villa,Capital O Hotel Bhavya Villa,Ahmedabad,Ahmedabad,Gujarat,,"Ahmedabad, Gujarat"
198803,Flagship Hotel Shaan,Flagship Hotel Shaan,Zirakpur,Zirakpur,Punjab,,"Zirakpur, Punjab"
198805,OYO Shri Ganesh Farm House,OYO Shri Ganesh Farm House,Bulandshahr,Bulandshahr,Uttar Pradesh,,"Bulandshahr, Uttar Pradesh"
198814,Flagship Sairam Residency,Flagship Sairam Residency,Hyderabad,Hyderabad,Telangana,,"Hyderabad, Telangana"
198820,Flagship Hotel Rani Blue Moon,Flagship Hotel Rani Blue Moon,Jaipur,Jaipur,Rajasthan,,"Jaipur, Rajasthan"
198823,Flagship RK Guest Inn,Flagship RK Guest Inn,Bangalore,Bangalore,Karnataka,,"Bangalore, Karnataka"
198839,Sunday Hotel Vadodara,Sunday Hotel Vadodara,Vadodara,Vadodara,Gujarat,,"Vadodara, Gujarat"
198847,Collection O Blue Diamond,Collection O Blue Diamond,Prayagraj,Prayagraj,Uttar Pradesh,,"Prayagraj, Uttar Pradesh"
199016,Flagship Hotel New Pacifica Grand,Flagship Hotel New Pacifica Grand Near Phoenix United Lucknow,Lucknow,Lucknow,Uttar Pradesh,Near Phoenix United Lucknow,"Near Phoenix United Lucknow, Uttar Pradesh"
199048,Collection O New Hotel River Side,Collection O New Hotel River Side,Bilaspur,Bilaspur,Chhattisgarh,,"Bilaspur, Chhattisgarh"
199054,Collection O Hotel Sai Shangrila Residency,Collection O Hotel Sai Shangrila Residency,Shirdi,Shirdi,Maharashtra,,"Shirdi, Maharashtra"
199133,Collection O 805567 Hotel Mansarovar,Collection O 805567 Hotel Mansarovar,Agra,Agra,Uttar Pradesh,,"Agra, Uttar Pradesh"
199176,Collection O Hotel Tourista Jaipur,Collection O Hotel Tourista Jaipur,Jaipur,Jaipur,Rajasthan,,"Jaipur, Rajasthan"
199225,OYO Flagship Golden Guest House,OYO Flagship Golden Guest House,Faridabad,Faridabad,Haryana,,"Faridabad, Haryana"
199231,OYO Flagship 805641 The Central Guest House,OYO Flagship 805641 The Central Guest House,Kakinada,Kakinada,Andhra Pradesh,,"Kakinada, Andhra Pradesh"
199236,OYO 805645 Hotel Karni Vilas,OYO 805645 Hotel Karni Vilas,Jaipur,Jaipur,Rajasthan,,"Jaipur, Rajasthan"
199263,Flagship Park View Inn,Flagship Park View Inn,Lucknow,Lucknow,Uttar Pradesh,,"Lucknow, Uttar Pradesh"
199292,Collection O Canton Hotel,Collection O Canton Hotel Near Vajarahalli Metro Station,Bangalore,Bangalore,Karnataka,Near Vajarahalli Metro Station,"Near Vajarahalli Metro Station, Bangalore, Karnataka"
199334,Collection O Bellmore Stay & Homes,Collection O Bellmore Stay & Homes Near Appu Ghar,Gurgaon,Gurgaon,Haryana,Near Appu Ghar,"Near Appu Ghar, Gurgaon, Haryana"
199350,SPOT ON Bikram Lodge,SPOT ON Bikram Lodge,Cuttack,Cuttack,Odisha,,"Cuttack, Odisha"
199372,OYO Hotel Nova Rooms,OYO Hotel Nova Rooms,Surat,Surat,Gujarat,,"Surat, Gujarat"
199373,Collection O Hotel Prime A-One Inn,Collection O Hotel Prime A-One Inn Near Chaudhary Charan Singh International Airport,Lucknow,Lucknow,Uttar Pradesh,Near Chaudhary Charan Singh International Airport,"Near Chaudhary Charan Singh International Airport, Lucknow, Uttar Pradesh"
199374,Capital O 80576 Nestle Inn,Capital O 80576 Nestle Inn Near Fortune tower,Chennai,Chennai,Tamil Nadu,Near Fortune tower,"Near Fortune tower, Chennai, Tamil Nadu"
199429,Collection O Hotel Satkar,Collection O Hotel Satkar,Jaipur,Jaipur,Rajasthan,,"Jaipur, Rajasthan"
199464,Flagship Hotel Daily 2,Flagship Hotel Daily 2,Jaipur,Jaipur,Rajasthan,,"Jaipur, Rajasthan"
199494,OYO Flagship 80584 Hotel Anand,OYO Flagship 80584 Hotel Anand,Amritsar,Amritsar,Punjab,,"Amritsar, Punjab"
199506,Flagship Hotel Neelkanth,Flagship Hotel Neelkanth,Kanpur,Kanpur,Uttar Pradesh,,"Kanpur, Uttar Pradesh"
199512,Flagship Sri Sai Boarding And Lodging,Flagship Sri Sai Boarding And Lodging,Bangalore,Bangalore,Karnataka,,"Bangalore, Karnataka"
199525,Flagship Bhawani Palace,Flagship Bhawani Palace,Pratapgarh,Pratapgarh,Uttar Pradesh,,"Pratapgarh, Uttar Pradesh"
199526,OYO Flagship C Sarovar Exotica,OYO Flagship C Sarovar Exotica Near Badshahnagar Metro Station,Lucknow,Lucknow,Uttar Pradesh,Near Badshahnagar Metro Station,"Near Badshahnagar Metro Station, Lucknow, Uttar Pradesh"
199537,Flagship Grand Residency,Flagship Grand Residency,Chennai,Chennai,Tamil Nadu,,"Chennai, Tamil Nadu"
199577,Flagship Sky White House,Flagship Sky White House,Ludhiana,Ludhiana,Punjab,,"Ludhiana, Punjab"
199585,Super OYO Collection O Hotel Love Garden,Super OYO Collection O Hotel Love Garden,Ghaziabad,Ghaziabad,Uttar Pradesh,,"Ghaziabad, Uttar Pradesh"
199608,OYO Flagship Hotel Vb Comforts,OYO Flagship Hotel Vb Comforts,Vijayawada,Vijayawada,Andhra Pradesh,,"Vijayawada, Andhra Pradesh"
199609,Super OYO Flagship Skyway Residency,Super OYO Flagship Skyway Residency,Faridabad,Faridabad,Haryana,,"Faridabad, Haryana"
199615,Flagship The Corporate House,Flagship The Corporate House,Ranchi,Ranchi,Jharkhand,,"Ranchi, Jharkhand"
199629,SPOT ON M B R Guest House,SPOT ON M B R Guest House Near Ascendas Park Square Mall,Bangalore,Bangalore,Karnataka,Near Ascendas Park Square Mall,"Near Ascendas Park Square Mall, Bangalore, Karnataka"
199634,POP Shree Nanhu Hotel,POP Shree Nanhu Hotel,Prayagraj,Prayagraj,Uttar Pradesh,,"Prayagraj, Uttar Pradesh"
199711,OYO Flagship Hotel Grand Shiva,OYO Flagship Hotel Grand Shiva,Noida,Noida,Uttar Pradesh,,"Noida, Uttar Pradesh"
199738,SPOT ON Holiday Inn Cafe,SPOT ON Holiday Inn Cafe,Muzaffarnagar,Muzaffarnagar,Uttar Pradesh,,"Muzaffarnagar, Uttar Pradesh"
199740,OYO Flagship Raakesh Villa,OYO Flagship Raakesh Villa,Lucknow,Lucknow,Uttar Pradesh,,"Lucknow, Uttar Pradesh"
199742,Super OYO Flagship Laxmi Marriage Hall Restaurant And Guest House,Super OYO Flagship Laxmi Marriage Hall Restaurant And Guest House,Islampur,Islampur,West Bengal,,"Islampur, West Bengal"
199754,Collection O Hotel Premier International,Collection O Hotel Premier International Near Gomti Riverfront Park,Lucknow,Lucknow,Uttar Pradesh,Near Gomti Riverfront Park,"Near Gomti Riverfront Park, Lucknow, Uttar Pradesh"
199758,Flagship Hotel MH Grand,Flagship Hotel MH Grand,Lucknow,Lucknow,Uttar Pradesh,,"Lucknow, Uttar Pradesh"
199863,Super OYO Flagship On,Super OYO Flagship On Off Hotel Room,Surat,Surat,Gujarat,Off Hotel Room,"Off Hotel Room, Surat, Gujarat"
200014,OYO Hotel The Miraj,OYO Hotel The Miraj,Sonipat,Sonipat,Haryana,,"Sonipat, Haryana"
200024,Townhouse 1181 Hotel Silver International,Townhouse 1181 Hotel Silver International,Lucknow,Lucknow,Uttar Pradesh,,"Lucknow, Uttar Pradesh"
200110,Super OYO Capital O Affection Inn,Super OYO Capital O Affection Inn,Lucknow,Lucknow,Uttar Pradesh,,"Lucknow, Uttar Pradesh"
200303,OYO Hotel Jiyansh,OYO Hotel Jiyansh,Manesar,Manesar,Haryana,,"Manesar, Haryana"
200307,Flagship Hotel King's Land,Flagship Hotel King's Land,Rajkot,Rajkot,Gujarat,,"Rajkot, Gujarat"
200331,Capital O 80627E Hotel Hill Top,Capital O 80627E Hotel Hill Top,Gangtok,Gangtok,Sikkim,,"Gangtok, Sikkim"
200332,SPOT ON Sri Lakshmi Lodge,SPOT ON Sri Lakshmi Lodge,Visakhapatnam,Visakhapatnam,Andhra Pradesh,,"Visakhapatnam, Andhra Pradesh"
200351,Flagship Hotel Harmony,Flagship Hotel Harmony,Prayagraj,Prayagraj,Uttar Pradesh,,"Prayagraj, Uttar Pradesh"
200370,OYO Hotel Shubkamna,OYO Hotel Shubkamna,Meerut,Meerut,Uttar Pradesh,,"Meerut, Uttar Pradesh"
200395,Flagship Hotel Blu Inn,Flagship Hotel Blu Inn,Ghaziabad,Ghaziabad,Uttar Pradesh,,"Ghaziabad, Uttar Pradesh"
200410,SPOT ON 806338 Hotel Smr Imperial,SPOT ON 806338 Hotel Smr Imperial,Ghaziabad,Ghaziabad,Uttar Pradesh,,"Ghaziabad, Uttar Pradesh"
200412,Flagship Hotel Karni Palace,Flagship Hotel Karni Palace,Jaipur,Jaipur,Rajasthan,,"Jaipur, Rajasthan"
200414,Super OYO Flagship Bhalkeshwar Lodging,Super OYO Flagship Bhalkeshwar Lodging,Gulbarga,Gulbarga,Karnataka,,"Gulbarga, Karnataka"
200475,Flagship Hotel Ayansh Residency,Flagship Hotel Ayansh Residency,Rishikesh,Rishikesh,Uttarakhand,,"Rishikesh, Uttarakhand"
200579,Super OYO Flagship Hotel DDS Lawn,Super OYO Flagship Hotel DDS Lawn,Lucknow,Lucknow,Uttar Pradesh,,"Lucknow, Uttar Pradesh"
200580,Super OYO Flagship Hotel Aastha,Super OYO Flagship Hotel Aastha,Lucknow,Lucknow,Uttar Pradesh,,"Lucknow, Uttar Pradesh"
200595,OYO Flagship Hotel Posada,OYO Flagship Hotel Posada,Jaipur,Jaipur,Rajasthan,,"Jaipur, Rajasthan"
200596,Flagship Hotel Dcrest,Flagship Hotel Dcrest,Vrindavan,Vrindavan,Uttar Pradesh,,"Vrindavan, Uttar Pradesh"
200610,OYO Hotel Inn,OYO Hotel Inn,Jalandhar,Jalandhar,Punjab,,"Jalandhar, Punjab"
200670,Super OYO Collection O Sabharwal Residency,Super OYO Collection O Sabharwal Residency Near Lalbagh Botanical Garden,Bangalore,Bangalore,Karnataka,Near Lalbagh Botanical Garden,"Near Lalbagh Botanical Garden, Bangalore, Karnataka"
200675,Super OYO Collection O Hotel Keys Elite,Super OYO Collection O Hotel Keys Elite,Vijayawada,Vijayawada,Andhra Pradesh,,"Vijayawada, Andhra Pradesh"
200680,Capital O Mvp Check Inn,Capital O Mvp Check Inn,Visakhapatnam,Visakhapatnam,Andhra Pradesh,,"Visakhapatnam, Andhra Pradesh"
200731,Super OYO Hotel Hill Stay Residency,Super OYO Hotel Hill Stay Residency,Anantapur,Anantapur,Andhra Pradesh,,"Anantapur, Andhra Pradesh"
200734,Collection O Hotel Green Park,Collection O Hotel Green Park,Ahmedabad,Ahmedabad,Gujarat,,"Ahmedabad, Gujarat"
200735,Super OYO Flagship 806580 Hotel Inrisa,Super OYO Flagship 806580 Hotel Inrisa,Shillong,Shillong,Meghalaya,,"Shillong, Meghalaya"
200864,Flagship Hotel Kadambari,Flagship Hotel Kadambari,Prayagraj,Prayagraj,Uttar Pradesh,,"Prayagraj, Uttar Pradesh"
200879,OYO E Hotel Ansal,OYO E Hotel Ansal,Manesar,Manesar,Haryana,,"Manesar, Haryana"
200903,POP 80670F New Milan,POP 80670F New Milan,Deoghar,Deoghar,Jharkhand,,"Deoghar, Jharkhand"
200936,OYO Flagship Shyam Inn,OYO Flagship Shyam Inn,Kanpur,Kanpur,Uttar Pradesh,,"Kanpur, Uttar Pradesh"
200940,Super OYO Flagship Sai Leela Residency,Super OYO Flagship Sai Leela Residency,Karimnagar,Karimnagar,Telangana,,"Karimnagar, Telangana"
200944,OYO Flagship 806727 Hotel Sherpa,OYO Flagship 806727 Hotel Sherpa,Darjeeling,Darjeeling,West Bengal,,"Darjeeling, West Bengal"
200945,Flagship Hotel Krishna Palace,Flagship Hotel Krishna Palace,Surat,Surat,Gujarat,,"Surat, Gujarat"
200956,Super OYO Collection O Petals Otium Business Hotel,Super OYO Collection O Petals Otium Business Hotel,Bangalore,Bangalore,Karnataka,,"Bangalore, Karnataka"
200973,OYO Flagship 806756 Hotel Surya Galaxy,OYO Flagship 806756 Hotel Surya Galaxy,Kanpur,Kanpur,Uttar Pradesh,,"Kanpur, Uttar Pradesh"
200978,OYO Flagship Hotel Shunsine,OYO Flagship Hotel Shunsine,Ghaziabad,Ghaziabad,Uttar Pradesh,,"Ghaziabad, Uttar Pradesh"
200979,Collection O The Treenity House,Collection O The Treenity House,Prayagraj,Prayagraj,Uttar Pradesh,,"Prayagraj, Uttar Pradesh"
201036,Super OYO Collection O Hotel Starfield,Super OYO Collection O Hotel Starfield,Lucknow,Lucknow,Uttar Pradesh,,"Lucknow, Uttar Pradesh"
201043,Collection O Hotel Mars Inn,Collection O Hotel Mars Inn,Lucknow,Lucknow,Uttar Pradesh,,"Lucknow, Uttar Pradesh"
201064,OYO Ganga Sweet And Family Restaurant,OYO Ganga Sweet And Family Restaurant,Hathras,Hathras,Uttar Pradesh,,"Hathras, Uttar Pradesh"
201073,Collection O Hotel Glory Stay,Collection O Hotel Glory Stay,Jaipur,Jaipur,Rajasthan,,"Jaipur, Rajasthan"
201082,Collection O Hotel New Sagar Bilas,Collection O Hotel New Sagar Bilas,Digha,Digha,West Bengal,,"Digha, West Bengal"
201112,Flagship Hotel Ashirvad,Flagship Hotel Ashirvad,Kanpur,Kanpur,Uttar Pradesh,,"Kanpur, Uttar Pradesh"
201115,OYO Flagship 806859 Quince Elite Mysuru,OYO Flagship 806859 Quince Elite Mysuru,Mysore,Mysore,Karnataka,,"Mysore, Karnataka"
201121,Flagship Hotel Raj Inn Palace,Flagship Hotel Raj Inn Palace,Patna,Patna,Bihar,,"Patna, Bihar"
201127,SPOT ON Sanjay Lodge,SPOT ON Sanjay Lodge,Bangalore,Bangalore,Karnataka,,"Bangalore, Karnataka"
201132,OYO Townhouse OAK Armeria,OYO Townhouse OAK Armeria,Lucknow,Lucknow,Uttar Pradesh,,"Lucknow, Uttar Pradesh"
201133,Collection O Hotel Kashi Inn,Collection O Hotel Kashi Inn,Varanasi,Varanasi,Uttar Pradesh,,"Varanasi, Uttar Pradesh"
201134,Flagship Comfort By Comfay,Flagship Comfort By Comfay,Srinagar,Srinagar,Jammu and Kashmir,,"Srinagar, Jammu and Kashmir"
201140,Flagship B N Palace,Flagship B N Palace,Raipur,Raipur,Chhattisgarh,,"Raipur, Chhattisgarh"
201143,Flagship Rajaram Singh Blessing Garden And Hotel,Flagship Rajaram Singh Blessing Garden And Hotel,Prayagraj,Prayagraj,Uttar Pradesh,,"Prayagraj, Uttar Pradesh"
201150,Flagship Bliss Inn,Flagship Bliss Inn,Prayagraj,Prayagraj,Uttar Pradesh,,"Prayagraj, Uttar Pradesh"
201201,Flagship R Inn Palace,Flagship R Inn Palace,Prayagraj,Prayagraj,Uttar Pradesh,,"Prayagraj, Uttar Pradesh"
201207,OYO Hotel J.t Red Star,OYO Hotel J.t Red Star,Bulandshahr,Bulandshahr,Uttar Pradesh,,"Bulandshahr, Uttar Pradesh"
201226,SPOT ON 806950 MMB HOTAL,SPOT ON 806950 MMB HOTAL,Bikaner,Bikaner,Rajasthan,,"Bikaner, Rajasthan"
201236,Collection O Hotel Shri Radhey Inn,Collection O Hotel Shri Radhey Inn,Lucknow,Lucknow,Uttar Pradesh,,"Lucknow, Uttar Pradesh"
201330,Super OYO Flagship Green Well Hotel & Restaurant,Super OYO Flagship Green Well Hotel & Restaurant,Rewari,Rewari,Haryana,,"Rewari, Haryana"
201334,Flagship Vr Nooranad Residency,Flagship Vr Nooranad Residency,Pathanamthitta,Pathanamthitta,Kerala,,"Pathanamthitta, Kerala"
201364,SPOT ON Kkh Residency,SPOT ON Kkh Residency,Kochi,Kochi,Kerala,,"Kochi, Kerala"
201366,SPOT ON Sri Ranganatha Boarding And Lodging,SPOT ON Sri Ranganatha Boarding And Lodging,Bangalore,Bangalore,Karnataka,,"Bangalore, Karnataka"
201387,Flagship M Suites,Flagship M Suites,Bangalore,Bangalore,Karnataka,,"Bangalore, Karnataka"
201471,Flagship Darpan Palace,Flagship Darpan Palace,Ranchi,Ranchi,Jharkhand,,"Ranchi, Jharkhand"
201551,Super OYO Collection O Palm Tree Resort,Super OYO Collection O Palm Tree Resort,Siliguri,Siliguri,West Bengal,,"Siliguri, West Bengal"
201554,OYO The Rich Chair Hotel Restaurant And Banquet Hall,OYO The Rich Chair Hotel Restaurant And Banquet Hall,Kanpur,Kanpur,Uttar Pradesh,,"Kanpur, Uttar Pradesh"
201633,OYO Hotel Sky Bird,OYO Hotel Sky Bird,Lucknow,Lucknow,Uttar Pradesh,,"Lucknow, Uttar Pradesh"
201639,Collection O Hotel Vijay Inn,Collection O Hotel Vijay Inn Near Gomti Riverfront Park,Lucknow,Lucknow,Uttar Pradesh,Near Gomti Riverfront Park,"Near Gomti Riverfront Park, Lucknow, Uttar Pradesh"
201642,Collection O Hotel Kohinoor,Collection O Hotel Kohinoor,Jaipur,Jaipur,Rajasthan,,"Jaipur, Rajasthan"
201655,Flagship Hotel New A V Hospitality,Flagship Hotel New A V Hospitality,Lucknow,Lucknow,Uttar Pradesh,,"Lucknow, Uttar Pradesh"
201923,Super OYO Flagship Hotel Relax Inn,Super OYO Flagship Hotel Relax Inn,Gandhinagar,Gandhinagar,Gujarat,,"Gandhinagar, Gujarat"
201927,OYO Hotel Sarovar Inn,OYO Hotel Sarovar Inn,Ahmedabad,Ahmedabad,Gujarat,,"Ahmedabad, Gujarat"
201943,Flagship Hotel Shivam,Flagship Hotel Shivam,Zirakpur,Zirakpur,Punjab,,"Zirakpur, Punjab"
201945,Super OYO Flagship Cube Resort,Super OYO Flagship Cube Resort,Ghaziabad,Ghaziabad,Uttar Pradesh,,"Ghaziabad, Uttar Pradesh"
201946,Collection O Hotel Maharoopa Palace,Collection O Hotel Maharoopa Palace,Kanpur,Kanpur,Uttar Pradesh,,"Kanpur, Uttar Pradesh"
201981,Flagship The Thangal Hotel,Flagship The Thangal Hotel,Imphal,Imphal,Manipur,,"Imphal, Manipur"
202003,SPOT ON Hotel Rj14,SPOT ON Hotel Rj14,Jaipur,Jaipur,Rajasthan,,"Jaipur, Rajasthan"
202008,Flagship Hotel Apm Inn,Flagship Hotel Apm Inn Opposite Highcourt,Lucknow,Lucknow,Uttar Pradesh,Opposite Highcourt,"Opposite Highcourt, Lucknow, Uttar Pradesh"
202012,Flagship Country Home Inn,Flagship Country Home Inn,Manesar,Manesar,Haryana,,"Manesar, Haryana"
202044,OYO 807440 Flagship NEW TOWNHOUSE,OYO 807440 Flagship NEW TOWNHOUSE,Bangalore,Bangalore,Karnataka,,"Bangalore, Karnataka"
202048,Flagship Prayag Deep Hotel,Flagship Prayag Deep Hotel,Prayagraj,Prayagraj,Uttar Pradesh,,"Prayagraj, Uttar Pradesh"
202056,SPOT ON Dreams Residency,SPOT ON Dreams Residency,Trivandrum,Trivandrum,Kerala,,"Trivandrum, Kerala"
202066,Flagship Hotel Radhe,Flagship Hotel Radhe,Manesar,Manesar,Haryana,,"Manesar, Haryana"
202092,Super OYO Flagship HOTEL ANGAN,Super OYO Flagship HOTEL ANGAN,Udaipur,Udaipur,Rajasthan,,"Udaipur, Rajasthan"
202098,Flagship Hotel Green City,Flagship Hotel Green City,Bhopal,Bhopal,Madhya Pradesh,,"Bhopal, Madhya Pradesh"
202112,Collection O Hotel Infini Palace,Collection O Hotel Infini Palace,Surat,Surat,Gujarat,,"Surat, Gujarat"
202173,Flagship Prakash Inn,Flagship Prakash Inn Near Fun Republic Mall,Lucknow,Lucknow,Uttar Pradesh,Near Fun Republic Mall,"Near Fun Republic Mall, Lucknow, Uttar Pradesh"
202236,SPOT ON Ganesh Pashupsatinath In,SPOT ON Ganesh Pashupsatinath In,Gorakhpur,Gorakhpur,Uttar Pradesh,,"Gorakhpur, Uttar Pradesh"
202251,Townhouse 1187 Hotel Square Inn,Townhouse 1187 Hotel Square Inn,Lucknow,Lucknow,Uttar Pradesh,,"Lucknow, Uttar Pradesh"
202301,SPOT ON Hotel Kaushlendra Palace,SPOT ON Hotel Kaushlendra Palace,Rajgir,Rajgir,Bihar,,"Rajgir, Bihar"
202303,Super OYO Collection O 807631 Hotel Willowwood Inn,Super OYO Collection O 807631 Hotel Willowwood Inn,Dehradun,Dehradun,Uttarakhand,,"Dehradun, Uttarakhand"
202308,Collection O Tierra Woods,Collection O Tierra Woods,Bangalore,Bangalore,Karnataka,,"Bangalore, Karnataka"
202359,Collection O Rk Residency,Collection O Rk Residency,Ghaziabad,Ghaziabad,Uttar Pradesh,,"Ghaziabad, Uttar Pradesh"
202362,OYO Hotel Galaxy,OYO Hotel Galaxy,Bulandshahr,Bulandshahr,Uttar Pradesh,,"Bulandshahr, Uttar Pradesh"
202363,OYO Flagship Prakash Inn,OYO Flagship Prakash Inn,Jamshedpur,Jamshedpur,Jharkhand,,"Jamshedpur, Jharkhand"
202365,Super OYO Flagship 807674 Hotel Sky Line,Super OYO Flagship 807674 Hotel Sky Line,Ludhiana,Ludhiana,Punjab,,"Ludhiana, Punjab"
202428,OYO Flagship 807723 Hotel The Grand Rdc,OYO Flagship 807723 Hotel The Grand Rdc,Ghaziabad,Ghaziabad,Uttar Pradesh,,"Ghaziabad, Uttar Pradesh"
202430,Collection O Hotel Saurabh New,Collection O Hotel Saurabh New,Indore,Indore,Madhya Pradesh,,"Indore, Madhya Pradesh"
202445,Collection O Hotel Leo Palace,Collection O Hotel Leo Palace,Surat,Surat,Gujarat,,"Surat, Gujarat"
202451,OYO 80774C Yaduvanshi Inn,OYO 80774C Yaduvanshi Inn,Faridabad,Faridabad,Haryana,,"Faridabad, Haryana"
202487,Flagship Sea View Inn,Flagship Sea View Inn,Chennai,Chennai,Tamil Nadu,,"Chennai, Tamil Nadu"
202509,OYO B Hotel Starlight B&B,OYO B Hotel Starlight B&B,Bhopal,Bhopal,Madhya Pradesh,,"Bhopal, Madhya Pradesh"
202528,OYO Flagship 807809 Hotel Ashok,OYO Flagship 807809 Hotel Ashok,Jaipur,Jaipur,Rajasthan,,"Jaipur, Rajasthan"
202543,Flagship The R Palace,Flagship The R Palace,Bongaigaon,Bongaigaon,Assam,,"Bongaigaon, Assam"
202544,Flagship Le Pondy Paradise,Flagship Le Pondy Paradise,Pondicherry,Pondicherry,Puducherry,,"Pondicherry, Puducherry"
202608,Flagship Nandi Residency,Flagship Nandi Residency,Bangalore,Bangalore,Karnataka,,"Bangalore, Karnataka"
202616,Flagship Hotel Crystal,Flagship Hotel Crystal Near Gomti Riverfront Park,Lucknow,Lucknow,Uttar Pradesh,Near Gomti Riverfront Park,"Near Gomti Riverfront Park, Lucknow, Uttar Pradesh"
202617,Collection O Shovi Beach View Resort,Collection O Shovi Beach View Resort,Alibag,Alibag,Maharashtra,,"Alibag, Maharashtra"
202618,Flagship Delight Hotel,Flagship Delight Hotel,Kota,Kota,Rajasthan,,"Kota, Rajasthan"
202630,Flagship  Fantasy Stay Vibe,Flagship  Fantasy Stay Vibe,Kolkata,Kolkata,West Bengal,,"Kolkata, West Bengal"
202641,Flagship Hotel New Kuber,Flagship Hotel New Kuber,Zirakpur,Zirakpur,Punjab,,"Zirakpur, Punjab"
202645,SPOT ON Mezban Residency,SPOT ON Mezban Residency,Kollam,Kollam,Kerala,,"Kollam, Kerala"
202726,SPOT ON Emerald P G H (Prayag Guest House),SPOT ON Emerald P G H (Prayag Guest House),Kanpur,Kanpur,Uttar Pradesh,,"Kanpur, Uttar Pradesh"
202769,Flagship Amaran Shola Nest,Flagship Amaran Shola Nest,Kodaikanal,Kodaikanal,Tamil Nadu,,"Kodaikanal, Tamil Nadu"
202785,Collection O Hotel Sagar Sky,Collection O Hotel Sagar Sky,Indore,Indore,Madhya Pradesh,,"Indore, Madhya Pradesh"
202794,Flagship 807957 Hotel Blue Breeze,Flagship 807957 Hotel Blue Breeze,Faridabad,Faridabad,Haryana,,"Faridabad, Haryana"
202811,Flagship 807970 Hotel Mickey Mouse,Flagship 807970 Hotel Mickey Mouse,Jaipur,Jaipur,Rajasthan,,"Jaipur, Rajasthan"
202834,Flagship K G Residency,Flagship K G Residency,Jaipur,Jaipur,Rajasthan,,"Jaipur, Rajasthan"
202837,OYO Naveen Residancy,OYO Naveen Residancy,Manesar,Manesar,Haryana,,"Manesar, Haryana"
202868,OYO Rohtak Guest House,OYO Rohtak Guest House,Rohtak,Rohtak,Haryana,,"Rohtak, Haryana"
202886,Flagship Hotel Elite Inn,Flagship Hotel Elite Inn,Jaipur,Jaipur,Rajasthan,,"Jaipur, Rajasthan"
202887,OYO Flagship R. K. Palace,OYO Flagship R. K. Palace,Lucknow,Lucknow,Uttar Pradesh,,"Lucknow, Uttar Pradesh"
202888,Collection O Hotel Pallava Rajadhani,Collection O Hotel Pallava Rajadhani,Trivandrum,Trivandrum,Kerala,,"Trivandrum, Kerala"
202958,Super OYO New Rock And Wood,Super OYO New Rock And Wood,Pushkar,Pushkar,Rajasthan,,"Pushkar, Rajasthan"
202963,OYO 808054 The Villager's Residency,OYO 808054 The Villager's Residency,Aligarh,Aligarh,Uttar Pradesh,,"Aligarh, Uttar Pradesh"
202975,Flagship Gray Rooms,Flagship Gray Rooms,Surat,Surat,Gujarat,,"Surat, Gujarat"
203140,OYO Flagship Dhruva Residency,OYO Flagship Dhruva Residency,Ambala,Ambala,Haryana,,"Ambala, Haryana"
203166,Flagship Sobha Suites,Flagship Sobha Suites,Bangalore,Bangalore,Karnataka,,"Bangalore, Karnataka"
203177,Flagship Hotel La Quinta,Flagship Hotel La Quinta,Surat,Surat,Gujarat,,"Surat, Gujarat"
203193,Collection O 808132 Status Suites,Collection O 808132 Status Suites,Bangalore,Bangalore,Karnataka,,"Bangalore, Karnataka"
203208,OYO Flagship 808146 Hotel Heaven,OYO Flagship 808146 Hotel Heaven,Bareilly,Bareilly,Uttar Pradesh,,"Bareilly, Uttar Pradesh"
203224,Collection O Hotel Seth Sanwariya,Collection O Hotel Seth Sanwariya,Jaipur,Jaipur,Rajasthan,,"Jaipur, Rajasthan"
203240,Flagship Hotel Central Plaza,Flagship Hotel Central Plaza,Dehradun,Dehradun,Uttarakhand,,"Dehradun, Uttarakhand"
203395,Flagship New Park Inn,Flagship New Park Inn,Prayagraj,Prayagraj,Uttar Pradesh,,"Prayagraj, Uttar Pradesh"
203403,Collection O Hotel Vedantam,Collection O Hotel Vedantam,Mussoorie,Mussoorie,Uttarakhand,,"Mussoorie, Uttarakhand"
203425,OYO S.m.j Inn,OYO S.m.j Inn,Lucknow,Lucknow,Uttar Pradesh,,"Lucknow, Uttar Pradesh"
203559,Collection O Hotel Hemadri Residency,Collection O Hotel Hemadri Residency,Bangalore,Bangalore,Karnataka,,"Bangalore, Karnataka"
203576,Flagship Red Rose Hotel & Banquet,Flagship Red Rose Hotel & Banquet,Dhanbad,Dhanbad,Jharkhand,,"Dhanbad, Jharkhand"
203582,OYO Flagship Vrindavan Resort,OYO Flagship Vrindavan Resort,Pratapgarh,Pratapgarh,Uttar Pradesh,,"Pratapgarh, Uttar Pradesh"
203593,POP Uttam Galaxy,POP Uttam Galaxy,Kanpur,Kanpur,Uttar Pradesh,,"Kanpur, Uttar Pradesh"
203595,Collection O 808317 D Trinayan Suites,Collection O 808317 D Trinayan Suites,Dibrugarh,Dibrugarh,Assam,,"Dibrugarh, Assam"
203601,Collection O Relax Stay Apartments,Collection O Relax Stay Apartments,Bangalore,Bangalore,Karnataka,,"Bangalore, Karnataka"
203652,Flagship Rajpal Hotel,Flagship Rajpal Hotel,Lucknow,Lucknow,Uttar Pradesh,,"Lucknow, Uttar Pradesh"
203660,OYO Flagship 80835 Hotel Tamanna Inn,OYO Flagship 80835 Hotel Tamanna Inn,Lucknow,Lucknow,Uttar Pradesh,,"Lucknow, Uttar Pradesh"
203668,OYO Flagship 808364 Hotel Fortune Suites,OYO Flagship 808364 Hotel Fortune Suites,Prayagraj,Prayagraj,Uttar Pradesh,,"Prayagraj, Uttar Pradesh"
203671,Collection O Hotel Grand Giriraj,Collection O Hotel Grand Giriraj,Indore,Indore,Madhya Pradesh,,"Indore, Madhya Pradesh"
203877,Flagship Hotel Grand Star,Flagship Hotel Grand Star,Amritsar,Amritsar,Punjab,,"Amritsar, Punjab"
203904,Flagship Hotel Sd Grand,Flagship Hotel Sd Grand,Kanpur,Kanpur,Uttar Pradesh,,"Kanpur, Uttar Pradesh"
203909,Flagship The Classio Grand,Flagship The Classio Grand,Lucknow,Lucknow,Uttar Pradesh,,"Lucknow, Uttar Pradesh"
203930,Super OYO Flagship 808496 Hotel Royal Queen,Super OYO Flagship 808496 Hotel Royal Queen,Surat,Surat,Gujarat,,"Surat, Gujarat"
203944,Super OYO Flagship Sai Baba Palace Boarding And Lodging,Super OYO Flagship Sai Baba Palace Boarding And Lodging,Bidar,Bidar,Karnataka,,"Bidar, Karnataka"
203950,Flagship Hotel Magnus,Flagship Hotel Magnus,Surat,Surat,Gujarat,,"Surat, Gujarat"
203959,Super OYO Flagship 808524 Mr Crown Inn To Inn,Super OYO Flagship 808524 Mr Crown Inn To Inn,Lucknow,Lucknow,Uttar Pradesh,,"Lucknow, Uttar Pradesh"
203987,Flagship Hotel Shiv Mahima,Flagship Hotel Shiv Mahima,Jaipur,Jaipur,Rajasthan,,"Jaipur, Rajasthan"
203997,OYO Flagship 80855 HOTEL R GRAND,OYO Flagship 80855 HOTEL R GRAND,Vijayawada,Vijayawada,Andhra Pradesh,,"Vijayawada, Andhra Pradesh"
204010,Collection O Naveen Stay,Collection O Naveen Stay,Manesar,Manesar,Haryana,,"Manesar, Haryana"
204013,M Residency,M Residency,Cuttack,Cuttack,Odisha,,"Cuttack, Odisha"
204015,OYO Flagship 80857 Hotel Lilla Paradise,OYO Flagship 80857 Hotel Lilla Paradise,Jaipur,Jaipur,Rajasthan,,"Jaipur, Rajasthan"
204017,Flagship Hotel Silver Dreams By Loknath Inn,Flagship Hotel Silver Dreams By Loknath Inn,Lucknow,Lucknow,Uttar Pradesh,,"Lucknow, Uttar Pradesh"
204021,Flagship Royal Residency,Flagship Royal Residency,Namakkal,Namakkal,Tamil Nadu,,"Namakkal, Tamil Nadu"
204037,Collection O Hotel Blue Diamond,Collection O Hotel Blue Diamond,Indore,Indore,Madhya Pradesh,,"Indore, Madhya Pradesh"
204041,Flagship Majestic Abode,Flagship Majestic Abode,Trivandrum,Trivandrum,Kerala,,"Trivandrum, Kerala"
204045,Super OYO Flagship Prima Palace,Super OYO Flagship Prima Palace,Ghaziabad,Ghaziabad,Uttar Pradesh,,"Ghaziabad, Uttar Pradesh"
204090,Collection O Krystal Inn,Collection O Krystal Inn,Guwahati,Guwahati,Assam,,"Guwahati, Assam"
204105,Flagship Continental Guesthouse,Flagship Continental Guesthouse,Srinagar,Srinagar,Jammu and Kashmir,,"Srinagar, Jammu and Kashmir"
204111,Collection O 808636 Venky''s Stay Inn,Collection O 808636 Venky''s Stay Inn,Udupi-Manipal,Udupi-Manipal,Karnataka,,"Udupi-Manipal, Karnataka"
204112,Flagship Hotel Yuvaraj Palace Vijayawada,Flagship Hotel Yuvaraj Palace Vijayawada,Vijayawada,Vijayawada,Andhra Pradesh,,"Vijayawada, Andhra Pradesh"
204117,Super OYO Collection O Islander Inn,Super OYO Collection O Islander Inn,Port-Blair,Port-Blair,Andaman and Nicobar Islands,,"Port-Blair, Andaman and Nicobar Islands"
204196,OYO Townhouse 1191 Hotel M J Palace,OYO Townhouse 1191 Hotel M J Palace,Lucknow,Lucknow,Uttar Pradesh,,"Lucknow, Uttar Pradesh"
204199,Flagship Pari Hotel,Flagship Pari Hotel,Ghaziabad,Ghaziabad,Uttar Pradesh,,"Ghaziabad, Uttar Pradesh"
204208,Super OYO Collection O 808702 Royal Rooms,Super OYO Collection O 808702 Royal Rooms,Bangalore,Bangalore,Karnataka,,"Bangalore, Karnataka"
204311,Collection O Hotel Ganga Sports,Collection O Hotel Ganga Sports,Haridwar,Haridwar,Uttarakhand,,"Haridwar, Uttarakhand"
204321,Flagship 808778 The Heart Residency,Flagship 808778 The Heart Residency,Ramgarh,Ramgarh,Jharkhand,,"Ramgarh, Jharkhand"
204332,Flagship The Silver Tree,Flagship The Silver Tree,Lucknow,Lucknow,Uttar Pradesh,,"Lucknow, Uttar Pradesh"
204333,SPOT ON Ss Residency,SPOT ON Ss Residency,Kollam,Kollam,Kerala,,"Kollam, Kerala"
204341,Flagship Hotel Aradhya Galaxy,Flagship Hotel Aradhya Galaxy,Lucknow,Lucknow,Uttar Pradesh,,"Lucknow, Uttar Pradesh"
204342,Flagship Krs Comforts,Flagship Krs Comforts,Bangalore,Bangalore,Karnataka,,"Bangalore, Karnataka"
204343,Flagship Gokul Residency,Flagship Gokul Residency,Bangalore,Bangalore,Karnataka,,"Bangalore, Karnataka"
204350,OYO Shree Ram Garden,OYO Shree Ram Garden,Ratlam,Ratlam,Madhya Pradesh,,"Ratlam, Madhya Pradesh"
204354,Flagship Hotel Gulmohar Inn,Flagship Hotel Gulmohar Inn,Bhopal,Bhopal,Madhya Pradesh,,"Bhopal, Madhya Pradesh"
204401,OYO Grand Samrat,OYO Grand Samrat,Tenali,Tenali,Andhra Pradesh,,"Tenali, Andhra Pradesh"
204409,Super OYO 808837 Hotel Av Priya,Super OYO 808837 Hotel Av Priya,Rajgir,Rajgir,Bihar,,"Rajgir, Bihar"
204435,Super OYO Flagship Shambhu Hotel,Super OYO Flagship Shambhu Hotel,Ayodhya,Ayodhya,Uttar Pradesh,,"Ayodhya, Uttar Pradesh"
204475,Super OYO Townhouse 1196 Shubhkamna Grand,Super OYO Townhouse 1196 Shubhkamna Grand,Lucknow,Lucknow,Uttar Pradesh,,"Lucknow, Uttar Pradesh"
204478,Flagship The Shan Inn,Flagship The Shan Inn,Bhopal,Bhopal,Madhya Pradesh,,"Bhopal, Madhya Pradesh"
204480,SPOT ON Sree Ranganatha Boarding And Lodging 2,SPOT ON Sree Ranganatha Boarding And Lodging 2,Bangalore,Bangalore,Karnataka,,"Bangalore, Karnataka"
204491,OYO Devmahal Hotel,OYO Devmahal Hotel,Jodhpur,Jodhpur,Rajasthan,,"Jodhpur, Rajasthan"
204499,Collection O Hotel Royal Gold,Collection O Hotel Royal Gold,Vadodara,Vadodara,Gujarat,,"Vadodara, Gujarat"
204516,SPOT ON 80892 Hotel Shri Gopi,SPOT ON 80892 Hotel Shri Gopi,Bhopal,Bhopal,Madhya Pradesh,,"Bhopal, Madhya Pradesh"
204528,Flagship Satguru Residency,Flagship Satguru Residency,Ghaziabad,Ghaziabad,Uttar Pradesh,,"Ghaziabad, Uttar Pradesh"
204556,Flagship Hotel Shubham International,Flagship Hotel Shubham International,Dhanbad,Dhanbad,Jharkhand,,"Dhanbad, Jharkhand"
204577,Super OYO Flagship Hotel Stay Inn,Super OYO Flagship Hotel Stay Inn,Ahmedabad,Ahmedabad,Gujarat,,"Ahmedabad, Gujarat"
204588,Super OYO Flagship Siri Varshini Inn,Super OYO Flagship Siri Varshini Inn,Visakhapatnam,Visakhapatnam,Andhra Pradesh,,"Visakhapatnam, Andhra Pradesh"
204596,Collection O Hotel Golden Moon,Collection O Hotel Golden Moon,Meerut,Meerut,Uttar Pradesh,,"Meerut, Uttar Pradesh"
204597,Super OYO Shiva The Midas Farm,Super OYO Shiva The Midas Farm,Gurgaon,Gurgaon,Haryana,,"Gurgaon, Haryana"
204631,Flagship Sathyakanth Comforts,Flagship Sathyakanth Comforts,Hassan,Hassan,Karnataka,,"Hassan, Karnataka"
204644,Flagship Chalukya Comforts,Flagship Chalukya Comforts,Bangalore,Bangalore,Karnataka,,"Bangalore, Karnataka"
204645,Flagship Sree Lakshmi Comfort,Flagship Sree Lakshmi Comfort,Bangalore,Bangalore,Karnataka,,"Bangalore, Karnataka"
204665,Collection O Hotel Shree Keshva,Collection O Hotel Shree Keshva,Bhopal,Bhopal,Madhya Pradesh,,"Bhopal, Madhya Pradesh"
204712,OYO Hotel Limewood,OYO Hotel Limewood,Guwahati,Guwahati,Assam,,"Guwahati, Assam"
204725,Super OYO Collection O Hotel Florence,Super OYO Collection O Hotel Florence,Mussoorie,Mussoorie,Uttarakhand,,"Mussoorie, Uttarakhand"
204747,Flagship Hotel Happy Stay,Flagship Hotel Happy Stay,Surat,Surat,Gujarat,,"Surat, Gujarat"
204810,OYO Shree Ambika Hotels,OYO Shree Ambika Hotels,Bhiwadi,Bhiwadi,Rajasthan,,"Bhiwadi, Rajasthan"
204815,Super OYO Collection O 809163 A Unit Of Fantail Hospitality Hotel Pr,Super OYO Collection O 809163 A Unit Of Fantail Hospitality Hotel Pr,Lucknow,Lucknow,Uttar Pradesh,,"Lucknow, Uttar Pradesh"
204844,OYO 809191 Tirupati Guest Inn,OYO 809191 Tirupati Guest Inn,Digha,Digha,West Bengal,,"Digha, West Bengal"
204865,SPOT ON Svn Hotel And Lodging,SPOT ON Svn Hotel And Lodging,Bangalore,Bangalore,Karnataka,,"Bangalore, Karnataka"
204874,Flagship Hotel Aditya Grand,Flagship Hotel Aditya Grand,Vijayawada,Vijayawada,Andhra Pradesh,,"Vijayawada, Andhra Pradesh"
204896,POP The Villager's Residency,POP The Villager's Residency,Kasganj,Kasganj,Uttar Pradesh,,"Kasganj, Uttar Pradesh"
204927,Flagship Alsha Inn,Flagship Alsha Inn,Chennai,Chennai,Tamil Nadu,,"Chennai, Tamil Nadu"
204929,Collection O The Grand Megha Resort,Collection O The Grand Megha Resort,Jorhat,Jorhat,Assam,,"Jorhat, Assam"
204952,Collection O Hotel Shanti Priya,Collection O Hotel Shanti Priya,Darjeeling,Darjeeling,West Bengal,,"Darjeeling, West Bengal"
204961,Flagship Palacial Pondi,Flagship Palacial Pondi,Pondicherry,Pondicherry,Puducherry,,"Pondicherry, Puducherry"
204963,SPOT ON 809299 The Sanvi Lodge,SPOT ON 809299 The Sanvi Lodge,Jorhat,Jorhat,Assam,,"Jorhat, Assam"
204967,Flagship Hotel Ns Guest Inn,Flagship Hotel Ns Guest Inn,Visakhapatnam,Visakhapatnam,Andhra Pradesh,,"Visakhapatnam, Andhra Pradesh"
204970,Flagship Hill View Resorts,Flagship Hill View Resorts,Jaipur,Jaipur,Rajasthan,,"Jaipur, Rajasthan"
204974,Flagship Royal County Inn,Flagship Royal County Inn,Jaipur,Jaipur,Rajasthan,,"Jaipur, Rajasthan"
204987,Collection O Nandi Comforts,Collection O Nandi Comforts,Bangalore,Bangalore,Karnataka,,"Bangalore, Karnataka"
204999,Flagship Hotel Boss,Flagship Hotel Boss,Amritsar,Amritsar,Punjab,,"Amritsar, Punjab"
205003,Flagship Siddharth Villa,Flagship Siddharth Villa,Lucknow,Lucknow,Uttar Pradesh,,"Lucknow, Uttar Pradesh"
205009,Super OYO Collection O Orchid Residency Medavakkam,Super OYO Collection O Orchid Residency Medavakkam,Chennai,Chennai,Tamil Nadu,,"Chennai, Tamil Nadu"
205025,Super OYO COLLECTION O HOTEL THE LOOP,Super OYO COLLECTION O HOTEL THE LOOP,Darjeeling,Darjeeling,West Bengal,,"Darjeeling, West Bengal"
205049,SPOT ON Hotel The Annie,SPOT ON Hotel The Annie,Bilaspur,Bilaspur,Chhattisgarh,,"Bilaspur, Chhattisgarh"
205051,Flagship Elite Residency,Flagship Elite Residency,Chennai,Chennai,Tamil Nadu,,"Chennai, Tamil Nadu"
205055,Townhouse Atharv Palace,Townhouse Atharv Palace,Lucknow,Lucknow,Uttar Pradesh,,"Lucknow, Uttar Pradesh"
205059,Super OYO Flagship 809389 Hotel Devi Guest Rooms,Super OYO Flagship 809389 Hotel Devi Guest Rooms,Guntur,Guntur,Andhra Pradesh,,"Guntur, Andhra Pradesh"
205069,Super OYO Flagship Hotel Saffron,Super OYO Flagship Hotel Saffron,Meerut,Meerut,Uttar Pradesh,,"Meerut, Uttar Pradesh"
205080,Flagship Hotel R.m Havel,Flagship Hotel R.m Havel,Kota,Kota,Rajasthan,,"Kota, Rajasthan"
205083,Townhouse 1193 Salt Nd Sugar,Townhouse 1193 Salt Nd Sugar,Lucknow,Lucknow,Uttar Pradesh,,"Lucknow, Uttar Pradesh"
205100,Collection O Hotel Amour,Collection O Hotel Amour,Zirakpur,Zirakpur,Punjab,,"Zirakpur, Punjab"
205108,Collection O Hidden Paradise,Collection O Hidden Paradise,Bhopal,Bhopal,Madhya Pradesh,,"Bhopal, Madhya Pradesh"
205120,SPOT ON Ashish Guest House,SPOT ON Ashish Guest House,Udaipur,Udaipur,Rajasthan,,"Udaipur, Rajasthan"
205129,SPOT ON  80945 Hotel Pink Heart,SPOT ON  80945 Hotel Pink Heart,Ghaziabad,Ghaziabad,Uttar Pradesh,,"Ghaziabad, Uttar Pradesh"
205139,Collection O Hotel Rushank Residency,Collection O Hotel Rushank Residency,Jaipur,Jaipur,Rajasthan,,"Jaipur, Rajasthan"
205152,SPOT ON Torna Lodge,SPOT ON Torna Lodge,Pune,Pune,Maharashtra,,"Pune, Maharashtra"
205472,Collection O Rudraksha Continental,Collection O Rudraksha Continental,Kanpur,Kanpur,Uttar Pradesh,,"Kanpur, Uttar Pradesh"
205478,SPOT ON Hotel Sri Thirumala Lodge,SPOT ON Hotel Sri Thirumala Lodge,Bangalore,Bangalore,Karnataka,,"Bangalore, Karnataka"
205482,Flagship Hotel Relax Rainbow,Flagship Hotel Relax Rainbow,Patna,Patna,Bihar,,"Patna, Bihar"
205525,Collection O Hotel Samanvi International,Collection O Hotel Samanvi International,Chikmagalur,Chikmagalur,Karnataka,,"Chikmagalur, Karnataka"
205536,Flagship My 2nd Home,Flagship My 2nd Home,Jaipur,Jaipur,Rajasthan,,"Jaipur, Rajasthan"
205543,Super OYO Flagship Hotel The Nine's,Super OYO Flagship Hotel The Nine's,Patna,Patna,Bihar,,"Patna, Bihar"
205558,SPOT ON Hotel Maa Narmada,SPOT ON Hotel Maa Narmada,Jabalpur,Jabalpur,Madhya Pradesh,,"Jabalpur, Madhya Pradesh"
205739,Flagship Hotel Rodstar,Flagship Hotel Rodstar,Lucknow,Lucknow,Uttar Pradesh,,"Lucknow, Uttar Pradesh"
205747,Flagship Hotel Apasara,Flagship Hotel Apasara,Shimla,Shimla,Himachal Pradesh,,"Shimla, Himachal Pradesh"
205752,Collection O Hotel Royalax,Collection O Hotel Royalax,Bangalore,Bangalore,Karnataka,,"Bangalore, Karnataka"
205756,Flagship Balaji Homestay,Flagship Balaji Homestay,Mandi,Mandi,Himachal Pradesh,,"Mandi, Himachal Pradesh"
205762,Flagship Sai Vishram,Flagship Sai Vishram,Bangalore,Bangalore,Karnataka,,"Bangalore, Karnataka"
205768,Collection O Hotel Abhishek Inn,Collection O Hotel Abhishek Inn,Jaipur,Jaipur,Rajasthan,,"Jaipur, Rajasthan"
205824,Flagship Hotel Shubham,Flagship Hotel Shubham,Hisar,Hisar,Haryana,,"Hisar, Haryana"
205835,Collection O 809675 Hotel Millennium Plaza,Collection O 809675 Hotel Millennium Plaza,Bangalore,Bangalore,Karnataka,,"Bangalore, Karnataka"
205838,Super OYO Collection O Slf Mall Sector30,Super OYO Collection O Slf Mall Sector30,Faridabad,Faridabad,Haryana,,"Faridabad, Haryana"
205846,Flagship Akshaya Delight,Flagship Akshaya Delight,Vijayawada,Vijayawada,Andhra Pradesh,,"Vijayawada, Andhra Pradesh"
205860,Flagship Raj Villas,Flagship Raj Villas,Jodhpur,Jodhpur,Rajasthan,,"Jodhpur, Rajasthan"
205873,Flagship Red Rose Residency,Flagship Red Rose Residency,Delhi_Transit,Delhi (Transit),Delhi,"Near IGI Airport, Mahipalpur","Near IGI Airport, Mahipalpur, Delhi"
205883,Flagship Hotel Sln Residency,Flagship Hotel Sln Residency,Bangalore,Bangalore,Karnataka,,"Bangalore, Karnataka"
205887,Flagship Hotel Holiday International,Flagship Hotel Holiday International,Lucknow,Lucknow,Uttar Pradesh,,"Lucknow, Uttar Pradesh"
205889,Collection O Sunshine Studio Rooms,Collection O Sunshine Studio Rooms,Bangalore,Bangalore,Karnataka,,"Bangalore, Karnataka"
205904,Super OYO Collection O Hotel Sree Annarathna,Super OYO Collection O Hotel Sree Annarathna,Vellore,Vellore,Tamil Nadu,,"Vellore, Tamil Nadu"
205912,SPOT ON Hotel Maharaja,SPOT ON Hotel Maharaja,Rourkela,Rourkela,Odisha,,"Rourkela, Odisha"
205917,Super OYO Flagship 809744 Hotel Grand Stay,Super OYO Flagship 809744 Hotel Grand Stay,Ghaziabad,Ghaziabad,Uttar Pradesh,,"Ghaziabad, Uttar Pradesh"
205923,Super OYO Flagship 809750 Classic Stay,Super OYO Flagship 809750 Classic Stay,Calicut,Calicut,Kerala,,"Calicut, Kerala"
205976,SPOT ON Hotel Stay Inn,SPOT ON Hotel Stay Inn,Jaipur,Jaipur,Rajasthan,,"Jaipur, Rajasthan"
205991,SPOT ON Hidden Valley,SPOT ON Hidden Valley,Trivandrum,Trivandrum,Kerala,,"Trivandrum, Kerala"
206004,SPOT ON Hotel Galaxy Inn,SPOT ON Hotel Galaxy Inn,Bhilai,Bhilai,Chhattisgarh,,"Bhilai, Chhattisgarh"
206011,Flagship Hotel Hastinapur Residency,Flagship Hotel Hastinapur Residency,Jaipur,Jaipur,Rajasthan,,"Jaipur, Rajasthan"
206013,SPOT ON J S Residency,SPOT ON J S Residency,Kanpur,Kanpur,Uttar Pradesh,,"Kanpur, Uttar Pradesh"
206021,Flagship Hotel Jagbamda,Flagship Hotel Jagbamda,Jamshedpur,Jamshedpur,Jharkhand,,"Jamshedpur, Jharkhand"
206057,Flagship Yash Inn,Flagship Yash Inn,Chennai,Chennai,Tamil Nadu,,"Chennai, Tamil Nadu"
206071,OYO Smriti Villa Residency,OYO Smriti Villa Residency,Kolkata,Kolkata,West Bengal,,"Kolkata, West Bengal"
206147,OYO Flagship 809848 Hotel Lotus,OYO Flagship 809848 Hotel Lotus,Kanpur,Kanpur,Uttar Pradesh,,"Kanpur, Uttar Pradesh"
206150,Flagship Hotel Royal,Flagship Hotel Royal,Ranchi,Ranchi,Jharkhand,,"Ranchi, Jharkhand"
206152,Flagship Hotel The Guest Land,Flagship Hotel The Guest Land,Visakhapatnam,Visakhapatnam,Andhra Pradesh,,"Visakhapatnam, Andhra Pradesh"
206171,Flagship Siddhivilla,Flagship Siddhivilla,Guwahati,Guwahati,Assam,,"Guwahati, Assam"
206215,Flagship A 5 Guest House,Flagship A 5 Guest House,Gorakhpur,Gorakhpur,Uttar Pradesh,,"Gorakhpur, Uttar Pradesh"
206221,Flagship Hotel Satya Inn,Flagship Hotel Satya Inn,Karimnagar,Karimnagar,Telangana,,"Karimnagar, Telangana"
206236,Townhouse 1194 JOY 24 HOTELS,Townhouse 1194 JOY 24 HOTELS,Jaipur,Jaipur,Rajasthan,,"Jaipur, Rajasthan"
206295,Collection O Chalakudy Hotels,Collection O Chalakudy Hotels,Thrissur,Thrissur,Kerala,,"Thrissur, Kerala"
206386,Flagship Hotel Royal Inn,Flagship Hotel Royal Inn,Vadodara,Vadodara,Gujarat,,"Vadodara, Gujarat"
206393,Collection O Hotel Grand Raj,Collection O Hotel Grand Raj,Indore,Indore,Madhya Pradesh,,"Indore, Madhya Pradesh"
206395,Flagship Affection Inn 2.0,Flagship Affection Inn 2.0,Lucknow,Lucknow,Uttar Pradesh,,"Lucknow, Uttar Pradesh"
206396,Super OYO Collection O Hotel E City Inn,Super OYO Collection O Hotel E City Inn,Bangalore,Bangalore,Karnataka,,"Bangalore, Karnataka"
206407,Flagship Affection Inn 2.1,Flagship Affection Inn 2.1,Lucknow,Lucknow,Uttar Pradesh,,"Lucknow, Uttar Pradesh"
206411,Flagship Nimalan Residency,Flagship Nimalan Residency,Chennai,Chennai,Tamil Nadu,,"Chennai, Tamil Nadu"
206438,OYO Home 810054 Sunrise Homestay,OYO Home 810054 Sunrise Homestay,Mussoorie,Mussoorie,Uttarakhand,,"Mussoorie, Uttarakhand"
206487,OYO Flagship 81009 New Maa Tara Hotel,OYO Flagship 81009 New Maa Tara Hotel,Deoghar,Deoghar,Jharkhand,,"Deoghar, Jharkhand"
206495,KM Residency SPOT ON,KM Residency SPOT ON,Kollam,Kollam,Kerala,,"Kollam, Kerala"
206502,Hotel Babadham,Hotel Babadham,Deoghar,Deoghar,Jharkhand,,"Deoghar, Jharkhand"
206513,OYO Flagship 810119 Atharv Palace,OYO Flagship 810119 Atharv Palace,Prayagraj,Prayagraj,Uttar Pradesh,,"Prayagraj, Uttar Pradesh"
206563,OYO Flagship 810141 Heritage House,OYO Flagship 810141 Heritage House,Prayagraj,Prayagraj,Uttar Pradesh,,"Prayagraj, Uttar Pradesh"
206566,OYO Flagship 810144 Sunder Nivas,OYO Flagship 810144 Sunder Nivas,Bangalore,Bangalore,Karnataka,,"Bangalore, Karnataka"
206574,Collection O 810151 Village Heart Cottage,Collection O 810151 Village Heart Cottage,Manali,Manali,Himachal Pradesh,,"Manali, Himachal Pradesh"
206595,SPOT ON 810170 Hotel Rudraksh Residency,SPOT ON 810170 Hotel Rudraksh Residency,Bhilai,Bhilai,Chhattisgarh,,"Bhilai, Chhattisgarh"
206607,SPOT ON 810179 Shagun Banquet & Hotel,SPOT ON 810179 Shagun Banquet & Hotel,Koderma,Koderma,Jharkhand,,"Koderma, Jharkhand"
206684,Super OYO Collection O 810197 Hotel Midland,Super OYO Collection O 810197 Hotel Midland,Bhopal,Bhopal,Madhya Pradesh,,"Bhopal, Madhya Pradesh"
206690,OYO 81020 Hotel Royal Orbit,OYO 81020 Hotel Royal Orbit,Narnaul,Narnaul,Haryana,,"Narnaul, Haryana"
206692,OYO Flagship 810205 Pondy Villa,OYO Flagship 810205 Pondy Villa,Pondicherry,Pondicherry,Puducherry,,"Pondicherry, Puducherry"
206703,OYO Flagship 810217 Hotel Vijayalakshmi,OYO Flagship 810217 Hotel Vijayalakshmi,Tiruppur,Tiruppur,Tamil Nadu,,"Tiruppur, Tamil Nadu"
206713,Super OYO Townhouse 1199 Hotel Dev's Inn by CJ,Super OYO Townhouse 1199 Hotel Dev's Inn by CJ,Vijayawada,Vijayawada,Andhra Pradesh,,"Vijayawada, Andhra Pradesh"
206720,Collection O 810232 High Inn,Collection O 810232 High Inn,Bangalore,Bangalore,Karnataka,,"Bangalore, Karnataka"
206769,OYO Flagship 810262 Sea Side Ayurvedic Beach Resort,OYO Flagship 810262 Sea Side Ayurvedic Beach Resort,Kovalam,Kovalam,Kerala,,"Kovalam, Kerala"
206789,Super OYO Flagship 810281 Hotel Kathir Palace,Super OYO Flagship 810281 Hotel Kathir Palace,Madurai,Madurai,Tamil Nadu,,"Madurai, Tamil Nadu"
206794,OYO Flagship 810285 Ss Hotel,OYO Flagship 810285 Ss Hotel,Kanpur,Kanpur,Uttar Pradesh,,"Kanpur, Uttar Pradesh"
206797,OYO Flagship 810287 Hotel Opera View,OYO Flagship 810287 Hotel Opera View,Meerut,Meerut,Uttar Pradesh,,"Meerut, Uttar Pradesh"
206810,OYO Flagship 810298 Sk Residency,OYO Flagship 810298 Sk Residency,Chennai,Chennai,Tamil Nadu,,"Chennai, Tamil Nadu"
206816,OYO Flagship 810304 New Pavithra Paradise,OYO Flagship 810304 New Pavithra Paradise,Bangalore,Bangalore,Karnataka,,"Bangalore, Karnataka"
206822,Super OYO Collection O 810309 Queen's Residency,Super OYO Collection O 810309 Queen's Residency,Guwahati,Guwahati,Assam,,"Guwahati, Assam"
206885,OYO Flagship 81033 Hotel Life,OYO Flagship 81033 Hotel Life,Prayagraj,Prayagraj,Uttar Pradesh,,"Prayagraj, Uttar Pradesh"
206886,Collection O 810339 Hotel Moro,Collection O 810339 Hotel Moro,Agra,Agra,Uttar Pradesh,,"Agra, Uttar Pradesh"
206887,Super OYO Flagship 81034 Hotel Star Cham,Super OYO Flagship 81034 Hotel Star Cham,Jaipur,Jaipur,Rajasthan,,"Jaipur, Rajasthan"
206896,OYO Flagship 81034 Hotel Prince,OYO Flagship 81034 Hotel Prince,Amritsar,Amritsar,Punjab,,"Amritsar, Punjab"
206948,OYO Flagship 810383 Nandan Palace,OYO Flagship 810383 Nandan Palace,Kanpur,Kanpur,Uttar Pradesh,,"Kanpur, Uttar Pradesh"
206981,OYO Flagship 810411 New Jebii's Inn,OYO Flagship 810411 New Jebii's Inn,Guwahati,Guwahati,Assam,,"Guwahati, Assam"
206983,Super OYO Townhouse OAK Spruce Hotels A2 Indiranagar,Super OYO Townhouse OAK Spruce Hotels A2 Indiranagar,Bangalore,Bangalore,Karnataka,,"Bangalore, Karnataka"
207015,OYO Flagship 810436 Hotel Train View,OYO Flagship 810436 Hotel Train View,Jaipur,Jaipur,Rajasthan,,"Jaipur, Rajasthan"
207074,Hotel Awadh Court,Hotel Awadh Court,Lucknow,Lucknow,Uttar Pradesh,,"Lucknow, Uttar Pradesh"
207080,OYO 81046 Wellen All Rounder,OYO 81046 Wellen All Rounder,Sirsa,Sirsa,Haryana,,"Sirsa, Haryana"
207087,Townhouse 1206 Hotel Raaso inn,Townhouse 1206 Hotel Raaso inn,Jaipur,Jaipur,Rajasthan,,"Jaipur, Rajasthan"
207110,Super OYO Collection O 810479 Hotel Signia,Super OYO Collection O 810479 Hotel Signia,Zirakpur,Zirakpur,Punjab,,"Zirakpur, Punjab"
207111,SPOT ON 810480 Canton Lodging And Boarding,SPOT ON 810480 Canton Lodging And Boarding,Bangalore,Bangalore,Karnataka,,"Bangalore, Karnataka"
207113,OYO Flagship 810482 Hotel Mandakini,OYO Flagship 810482 Hotel Mandakini,Kanpur,Kanpur,Uttar Pradesh,,"Kanpur, Uttar Pradesh"
207116,OYO Flagship 81048 Hotel Mg Gold,OYO Flagship 81048 Hotel Mg Gold,Amritsar,Amritsar,Punjab,,"Amritsar, Punjab"
207126,SPOT ON 810488 Hotel Sanwariya Palace,SPOT ON 810488 Hotel Sanwariya Palace,Jaipur,Jaipur,Rajasthan,,"Jaipur, Rajasthan"
207131,OYO 810493 Pandey G Luxury Suites,OYO 810493 Pandey G Luxury Suites,Gorakhpur,Gorakhpur,Uttar Pradesh,,"Gorakhpur, Uttar Pradesh"
207176,SPOT ON 810499 Tirumala Residency,SPOT ON 810499 Tirumala Residency,Visakhapatnam,Visakhapatnam,Andhra Pradesh,,"Visakhapatnam, Andhra Pradesh"
207180,SPOT ON 810503 Hotel Temple View,SPOT ON 810503 Hotel Temple View,Jabalpur,Jabalpur,Madhya Pradesh,,"Jabalpur, Madhya Pradesh"
207183,OYO Home Hotel Shankar,OYO Home Hotel Shankar,Bodhgaya,Bodhgaya,Bihar,,"Bodhgaya, Bihar"
207185,OYO Flagship 81050 Krishna Inn,OYO Flagship 81050 Krishna Inn,Lucknow,Lucknow,Uttar Pradesh,,"Lucknow, Uttar Pradesh"
207186,SPOT ON 81050 Yashi Palace,SPOT ON 81050 Yashi Palace,Bhopal,Bhopal,Madhya Pradesh,,"Bhopal, Madhya Pradesh"
207190,SPOT ON 810512 Bava Tourist Home,SPOT ON 810512 Bava Tourist Home,Trivandrum,Trivandrum,Kerala,,"Trivandrum, Kerala"
207194,SPOT ON 810517 Helloworld Castle Prague,SPOT ON 810517 Helloworld Castle Prague,Bangalore,Bangalore,Karnataka,,"Bangalore, Karnataka"
207229,Super OYO 810544 Camp World,Super OYO 810544 Camp World,Mcleod-Ganj,Mcleod-Ganj,Himachal Pradesh,,"Mcleod-Ganj, Himachal Pradesh"
207230,Collection O 810545 Ownland Resort And Hotel,Collection O 810545 Ownland Resort And Hotel,Digha,Digha,West Bengal,,"Digha, West Bengal"
207231,Super OYO Collection O 810546 G Silver Srj Thaneesh Residency,Super OYO Collection O 810546 G Silver Srj Thaneesh Residency,Ooty,Ooty,Tamil Nadu,,"Ooty, Tamil Nadu"
207259,OYO Flagship 81056 Poptavern Heritage,OYO Flagship 81056 Poptavern Heritage,Kovalam,Kovalam,Kerala,,"Kovalam, Kerala"
207261,Collection O 810564 The Maark,Collection O 810564 The Maark,Tiruppur,Tiruppur,Tamil Nadu,,"Tiruppur, Tamil Nadu"
207271,OYO HOME 810574 Mahakali Homestay,OYO HOME 810574 Mahakali Homestay,Vadodara,Vadodara,Gujarat,,"Vadodara, Gujarat"
207276,OYO Flagship 810579 Hotel Rudraksh Inn,OYO Flagship 810579 Hotel Rudraksh Inn,Indore,Indore,Madhya Pradesh,,"Indore, Madhya Pradesh"
207320,OYO Flagship 810599 Hotel Golden Leaf,OYO Flagship 810599 Hotel Golden Leaf,Indore,Indore,Madhya Pradesh,,"Indore, Madhya Pradesh"
207323,OYO Flagship 810601 Tulsi Inn,OYO Flagship 810601 Tulsi Inn,Ramgarh,Ramgarh,Jharkhand,,"Ramgarh, Jharkhand"
207325,OYO Flagship 810603 Hotel Rudra,OYO Flagship 810603 Hotel Rudra,Muzaffarnagar,Muzaffarnagar,Uttar Pradesh,,"Muzaffarnagar, Uttar Pradesh"
207348,OYO Home 810612 Satyam Home Stay Kasauli Dharampur,OYO Home 810612 Satyam Home Stay Kasauli Dharampur,Kasauli,Kasauli,Himachal Pradesh,,"Kasauli, Himachal Pradesh"
207383,OYO Home 810621 Tirthan Heaven,OYO Home 810621 Tirthan Heaven,Banjar,Banjar,Himachal Pradesh,,"Banjar, Himachal Pradesh"
207406,Collection O 81063 Day and Night Residency,Collection O 81063 Day and Night Residency,Bangalore,Bangalore,Karnataka,,"Bangalore, Karnataka"
207408,OYO Flagship 810635 Black Shine Stay,OYO Flagship 810635 Black Shine Stay,Ghaziabad,Ghaziabad,Uttar Pradesh,,"Ghaziabad, Uttar Pradesh"
207447,OYO Flagship 810648 Hotel Star,OYO Flagship 810648 Hotel Star,Ghaziabad,Ghaziabad,Uttar Pradesh,,"Ghaziabad, Uttar Pradesh"
207512,Super OYO Flagship 810680 Aditya Grand,Super OYO Flagship 810680 Aditya Grand,Visakhapatnam,Visakhapatnam,Andhra Pradesh,,"Visakhapatnam, Andhra Pradesh"
207564,SPOT ON 810690 New Mysore Stays,SPOT ON 810690 New Mysore Stays,Mysore,Mysore,Karnataka,,"Mysore, Karnataka"
207656,OYO Flagship 81076 Hotel Narayani,OYO Flagship 81076 Hotel Narayani,Lucknow,Lucknow,Uttar Pradesh,,"Lucknow, Uttar Pradesh"
207666,OYO Flagship 810771 Alisha Inn,OYO Flagship 810771 Alisha Inn,Asansol,Asansol,West Bengal,,"Asansol, West Bengal"
207670,OYO Flagship 810775 Madhuraj Banquet And Lawn,OYO Flagship 810775 Madhuraj Banquet And Lawn,Lucknow,Lucknow,Uttar Pradesh,,"Lucknow, Uttar Pradesh"
207720,OYO 810790 Dev Hotel Mansarovar,OYO 810790 Dev Hotel Mansarovar,Jaipur,Jaipur,Rajasthan,,"Jaipur, Rajasthan"
207729,OYO Flagship 81079 The Ashiyana Inn,OYO Flagship 81079 The Ashiyana Inn,Lucknow,Lucknow,Uttar Pradesh,,"Lucknow, Uttar Pradesh"
207731,OYO Flagship 810796 Hotel Satya,OYO Flagship 810796 Hotel Satya,Surat,Surat,Gujarat,,"Surat, Gujarat"
207739,Super OYO Flagship 810804 The Haveli Resort,Super OYO Flagship 810804 The Haveli Resort,Pushkar,Pushkar,Rajasthan,,"Pushkar, Rajasthan"
207744,OYO Flagship 810809 Hotel Sachin Palace,OYO Flagship 810809 Hotel Sachin Palace,Bhopal,Bhopal,Madhya Pradesh,,"Bhopal, Madhya Pradesh"
207751,Collection O 810815 Hotel Roxas,Collection O 810815 Hotel Roxas,Jaipur,Jaipur,Rajasthan,,"Jaipur, Rajasthan"
207801,OYO Flagship 810832 Hotel A1,OYO Flagship 810832 Hotel A1,Amritsar,Amritsar,Punjab,,"Amritsar, Punjab"
207838,OYO Flagship 810862 Hotel LMD Champion,OYO Flagship 810862 Hotel LMD Champion Near Ekana Cricket Stadium,Lucknow,Lucknow,Uttar Pradesh,Near Ekana Cricket Stadium,"Near Ekana Cricket Stadium, Lucknow, Uttar Pradesh"
207855,OYO Flagship 810877 Rest In Nest,OYO Flagship 810877 Rest In Nest,Srinagar,Srinagar,Jammu and Kashmir,,"Srinagar, Jammu and Kashmir"
207911,Super OYO Flagship 810897 The Bellfair,Super OYO Flagship 810897 The Bellfair,Bhilai,Bhilai,Chhattisgarh,,"Bhilai, Chhattisgarh"
207912,OYO Townhouse 1209 Welcome Inn,OYO Townhouse 1209 Welcome Inn,Trichy,Trichy,Tamil Nadu,,"Trichy, Tamil Nadu"
207919,Collection O 810905 Hotel Hampton Inn,Collection O 810905 Hotel Hampton Inn,Agra,Agra,Uttar Pradesh,,"Agra, Uttar Pradesh"
207924,OYO Flagship 810910 Hotel City Tower Inn 2,OYO Flagship 810910 Hotel City Tower Inn 2,Bhilai,Bhilai,Chhattisgarh,,"Bhilai, Chhattisgarh"
207936,OYO Flagship 810923 Hotel Shiva International,OYO Flagship 810923 Hotel Shiva International,Bangalore,Bangalore,Karnataka,,"Bangalore, Karnataka"
207948,Collection O 810932 Narendra Regency,Collection O 810932 Narendra Regency,Kollam,Kollam,Kerala,,"Kollam, Kerala"
207951,OYO Flagship 810935 Hotel Orchid Inn,OYO Flagship 810935 Hotel Orchid Inn,Ludhiana,Ludhiana,Punjab,,"Ludhiana, Punjab"
207953,OYO Flagship 810937 Hotel Buddhi - 04,OYO Flagship 810937 Hotel Buddhi - 04,Jaipur,Jaipur,Rajasthan,,"Jaipur, Rajasthan"
207955,OYO 810939 The Corner Cottage,OYO 810939 The Corner Cottage,Guwahati,Guwahati,Assam,,"Guwahati, Assam"
208026,OYO 810964 Red Roof In,OYO 810964 Red Roof In,Ghaziabad,Ghaziabad,Uttar Pradesh,,"Ghaziabad, Uttar Pradesh"
208055,Collection O 810989 Ridgewood Palace,Collection O 810989 Ridgewood Palace,Bhiwadi,Bhiwadi,Rajasthan,,"Bhiwadi, Rajasthan"
208064,OYO Flagship 81099 Silverkey Executive Stays,OYO Flagship 81099 Silverkey Executive Stays,Chennai,Chennai,Tamil Nadu,,"Chennai, Tamil Nadu"
208083,Collection O 811014 Hotel Wow,Collection O 811014 Hotel Wow,Kolkata,Kolkata,West Bengal,,"Kolkata, West Bengal"
208138,OYO 811041 Hotel Smart Residency,OYO 811041 Hotel Smart Residency,Bulandshahr,Bulandshahr,Uttar Pradesh,,"Bulandshahr, Uttar Pradesh"
208220,Collection O 811099 Hotel Utkarsh Inn,Collection O 811099 Hotel Utkarsh Inn,Lucknow,Lucknow,Uttar Pradesh,,"Lucknow, Uttar Pradesh"
208231,SPOT ON 811109 Ganga Darshan Guest House,SPOT ON 811109 Ganga Darshan Guest House,Muzaffarnagar,Muzaffarnagar,Uttar Pradesh,,"Muzaffarnagar, Uttar Pradesh"
208241,OYO Flagship 811118 HOTEL DESTINY,OYO Flagship 811118 HOTEL DESTINY,Kanpur,Kanpur,Uttar Pradesh,,"Kanpur, Uttar Pradesh"
208251,Collection O 811128 Puja Wedding Villa,Collection O 811128 Puja Wedding Villa,Nawada,Nawada,Bihar,,"Nawada, Bihar"
208252,OYO Flagship 811129 Krishna Villa,OYO Flagship 811129 Krishna Villa,Lucknow,Lucknow,Uttar Pradesh,,"Lucknow, Uttar Pradesh"
208257,OYO Flagship 811134 Hotel Premium,OYO Flagship 811134 Hotel Premium,Lucknow,Lucknow,Uttar Pradesh,,"Lucknow, Uttar Pradesh"
208304,Collection O 81114 Hotel Park Mount,Collection O 81114 Hotel Park Mount,Wayanad,Wayanad,Kerala,,"Wayanad, Kerala"
208327,OYO Flagship 811170 The Suraj Guest House,OYO Flagship 811170 The Suraj Guest House,Lucknow,Lucknow,Uttar Pradesh,,"Lucknow, Uttar Pradesh"
208333,OYO Flagship 811175 Hotel Saffron,OYO Flagship 811175 Hotel Saffron,Faridabad,Faridabad,Haryana,,"Faridabad, Haryana"
208339,OYO Flagship 811177 Park View New,OYO Flagship 811177 Park View New,Ghaziabad,Ghaziabad,Uttar Pradesh,,"Ghaziabad, Uttar Pradesh"
208362,OYO Flagship 811198 Emerald Inn,OYO Flagship 811198 Emerald Inn,Coimbatore,Coimbatore,Tamil Nadu,,"Coimbatore, Tamil Nadu"
208364,OYO 811200 RU Hotel And Banquet Hall,OYO 811200 RU Hotel And Banquet Hall,Rewari,Rewari,Haryana,,"Rewari, Haryana"
208371,Collection O 81120 White House Pearl,Collection O 81120 White House Pearl,Kochi,Kochi,Kerala,,"Kochi, Kerala"
208378,Super OYO 811215 Modern Hotel,Super OYO 811215 Modern Hotel,Narnaul,Narnaul,Haryana,,"Narnaul, Haryana"
208382,OYO Flagship 811219 Hotel Farhad,OYO Flagship 811219 Hotel Farhad,Srinagar,Srinagar,Jammu and Kashmir,,"Srinagar, Jammu and Kashmir"
208390,SPOT ON 811227 Saket Honest Hotel,SPOT ON 811227 Saket Honest Hotel,Ayodhya,Ayodhya,Uttar Pradesh,,"Ayodhya, Uttar Pradesh"
208392,Super OYO Townhouse 490 Indiranagar Extn,Super OYO Townhouse 490 Indiranagar Extn,Bangalore,Bangalore,Karnataka,,"Bangalore, Karnataka"
208451,SPOT ON 811259 Hotel Ashirwad,SPOT ON 811259 Hotel Ashirwad,Indore,Indore,Madhya Pradesh,,"Indore, Madhya Pradesh"
208453,OYO Flagship 811261 Hotel Prime,OYO Flagship 811261 Hotel Prime,Vadodara,Vadodara,Gujarat,,"Vadodara, Gujarat"
208471,OYO Flagship 81127 Hotel Pvg Comfort,OYO Flagship 81127 Hotel Pvg Comfort,Bangalore,Bangalore,Karnataka,,"Bangalore, Karnataka"
208483,OYO Flagship 811286 HOTEL SHITAL V K INN,OYO Flagship 811286 HOTEL SHITAL V K INN,Lucknow,Lucknow,Uttar Pradesh,,"Lucknow, Uttar Pradesh"
208484,OYO Flagship 81128 D Town,OYO Flagship 81128 D Town,Indore,Indore,Madhya Pradesh,,"Indore, Madhya Pradesh"
208526,SPOT ON 81130 Manorama Residency,SPOT ON 81130 Manorama Residency,Kannur,Kannur,Kerala,,"Kannur, Kerala"
208527,OYO Flagship 811302 Palm Stay,OYO Flagship 811302 Palm Stay,Alappuzha,Alappuzha,Kerala,,"Alappuzha, Kerala"
208529,OYO Flagship 811303 Vanya Guest House,OYO Flagship 811303 Vanya Guest House,Jaipur,Jaipur,Rajasthan,,"Jaipur, Rajasthan"
208547,Super OYO Flagship 81132 Hotel Chandia Palace,Super OYO Flagship 81132 Hotel Chandia Palace,Cuttack,Cuttack,Odisha,,"Cuttack, Odisha"
208573,OYO 811343 Seven Heaven Resort,OYO 811343 Seven Heaven Resort,Shimla,Shimla,Himachal Pradesh,,"Shimla, Himachal Pradesh"
208576,OYO Flagship 811346 Hotel Prince Paradise,OYO Flagship 811346 Hotel Prince Paradise,Amritsar,Amritsar,Punjab,,"Amritsar, Punjab"
208624,Super OYO Townhouse ASA AGRA,Super OYO Townhouse ASA AGRA,Agra,Agra,Uttar Pradesh,,"Agra, Uttar Pradesh"
208662,OYO Flagship 81138 Gm royals,OYO Flagship 81138 Gm royals,Bangalore,Bangalore,Karnataka,,"Bangalore, Karnataka"
208692,OYO 81140 Gee,OYO 81140 Gee,Kurukshetra,Kurukshetra,Haryana,,"Kurukshetra, Haryana"
208904,OYO Flagship 81140 Dwivedi hotel and banquet hall,OYO Flagship 81140 Dwivedi hotel and banquet hall,Kanpur,Kanpur,Uttar Pradesh,,"Kanpur, Uttar Pradesh"
208915,OYO Flagship 811420 Xpress Stays,OYO Flagship 811420 Xpress Stays,Lucknow,Lucknow,Uttar Pradesh,,"Lucknow, Uttar Pradesh"
208916,OYO Flagship 811421 Hotel Town Palace,OYO Flagship 811421 Hotel Town Palace,Kanpur,Kanpur,Uttar Pradesh,,"Kanpur, Uttar Pradesh"
208936,Collection O 811441 N.r. Residency,Collection O 811441 N.r. Residency,Guwahati,Guwahati,Assam,,"Guwahati, Assam"
208945,OYO HOME 811449 Baba Home Stay,OYO HOME 811449 Baba Home Stay,Varanasi,Varanasi,Uttar Pradesh,,"Varanasi, Uttar Pradesh"
209036,Super OYO Flagship 811510 Hotel Shraddha,Super OYO Flagship 811510 Hotel Shraddha,Raipur,Raipur,Chhattisgarh,,"Raipur, Chhattisgarh"
209056,OYO 811527 Hotel Tanvi,OYO 811527 Hotel Tanvi,Karjat,Karjat,Maharashtra,,"Karjat, Maharashtra"
209057,Super OYO Flagship 811528 Hotel Four Square,Super OYO Flagship 811528 Hotel Four Square,Lucknow,Lucknow,Uttar Pradesh,,"Lucknow, Uttar Pradesh"
209066,Super OYO Flagship 811537 Cosmo Inn,Super OYO Flagship 811537 Cosmo Inn,Prayagraj,Prayagraj,Uttar Pradesh,,"Prayagraj, Uttar Pradesh"
209067,Super OYO Flagship 811538 Hotel Big City,Super OYO Flagship 811538 Hotel Big City,Amritsar,Amritsar,Punjab,,"Amritsar, Punjab"
209069,OYO Flagship 811539 Raghav Hotel New,OYO Flagship 811539 Raghav Hotel New,Ghaziabad,Ghaziabad,Uttar Pradesh,,"Ghaziabad, Uttar Pradesh"
209114,OYO 81155 Four Season Hotel Restaurant And Cafe,OYO 81155 Four Season Hotel Restaurant And Cafe,Muzaffarnagar,Muzaffarnagar,Uttar Pradesh,,"Muzaffarnagar, Uttar Pradesh"
209117,Super OYO Flagship 811556 L7 Guest House,Super OYO Flagship 811556 L7 Guest House,Pondicherry,Pondicherry,Puducherry,,"Pondicherry, Puducherry"
209119,Townhouse OAK The Tulip Regency,Townhouse OAK The Tulip Regency,Jaipur,Jaipur,Rajasthan,,"Jaipur, Rajasthan"
209127,OYO Flagship 811566 Hotel Lotus,OYO Flagship 811566 Hotel Lotus,Surat,Surat,Gujarat,,"Surat, Gujarat"
209131,Super OYO Collection O 811570 HOTEL MIDNIGHT,Super OYO Collection O 811570 HOTEL MIDNIGHT,Nainital,Nainital,Uttarakhand,,"Nainital, Uttarakhand"
209175,SPOT ON 811611 Hotel Sri Thirumala Paradise,SPOT ON 811611 Hotel Sri Thirumala Paradise,Bangalore,Bangalore,Karnataka,,"Bangalore, Karnataka"
209179,OYO Flagship 811615 Sky Inn Guest House,OYO Flagship 811615 Sky Inn Guest House,Jodhpur,Jodhpur,Rajasthan,,"Jodhpur, Rajasthan"
209181,OYO Flagship 811617 Hotel Sri Uma International,OYO Flagship 811617 Hotel Sri Uma International,Vijayawada,Vijayawada,Andhra Pradesh,,"Vijayawada, Andhra Pradesh"
209183,SPOT ON 811619 Fortuner Palace,SPOT ON 811619 Fortuner Palace,Bangalore,Bangalore,Karnataka,,"Bangalore, Karnataka"
209249,Super OYO Flagship 811657 Spot Light Lodging,Super OYO Flagship 811657 Spot Light Lodging,Pune,Pune,Maharashtra,,"Pune, Maharashtra"
209266,POP 81167E Flagship Hotel Baba Home Stay,POP 81167E Flagship Hotel Baba Home Stay,Varanasi,Varanasi,Uttar Pradesh,,"Varanasi, Uttar Pradesh"
209268,Collection O 811676 Hotel Vijaya Grand,Collection O 811676 Hotel Vijaya Grand,Vijayawada,Vijayawada,Andhra Pradesh,,"Vijayawada, Andhra Pradesh"
209287,OYO Flagship 811683 Radhikaa Palace,OYO Flagship 811683 Radhikaa Palace,Bhopal,Bhopal,Madhya Pradesh,,"Bhopal, Madhya Pradesh"
209359,OYO 811686 Hotel Nordic,OYO 811686 Hotel Nordic,Songadh,Songadh,Gujarat,,"Songadh, Gujarat"
209362,Super OYO 811689 Hotel Red Royals,Super OYO 811689 Hotel Red Royals,Hansi,Hansi,Haryana,,"Hansi, Haryana"
209367,Super OYO Collection O 811694 Lloyds inn T nagar,Super OYO Collection O 811694 Lloyds inn T nagar,Chennai,Chennai,Tamil Nadu,,"Chennai, Tamil Nadu"
209371,OYO Flagship 811698 Sai Guest House,OYO Flagship 811698 Sai Guest House,Lucknow,Lucknow,Uttar Pradesh,,"Lucknow, Uttar Pradesh"
209391,Super OYO Flagship 811718 The Ashoka Rooms,Super OYO Flagship 811718 The Ashoka Rooms,Ludhiana,Ludhiana,Punjab,,"Ludhiana, Punjab"
209393,OYO Flagship 811720 Hotel Kranthi Residency,OYO Flagship 811720 Hotel Kranthi Residency,Vijayawada,Vijayawada,Andhra Pradesh,,"Vijayawada, Andhra Pradesh"
209398,OYO Flagship 811725 KDM Hotel,OYO Flagship 811725 KDM Hotel,Mohali,Mohali,Punjab,,"Mohali, Punjab"
209417,SPOT ON 811744 The Tadoba Atithi Inn Hotel,SPOT ON 811744 The Tadoba Atithi Inn Hotel,Chandrapur,Chandrapur,Maharashtra,,"Chandrapur, Maharashtra"
209428,SPOT ON 811754 Grand Mantralayam,SPOT ON 811754 Grand Mantralayam,Visakhapatnam,Visakhapatnam,Andhra Pradesh,,"Visakhapatnam, Andhra Pradesh"
209473,OYO Flagship 811779 Hotel Vikalp,OYO Flagship 811779 Hotel Vikalp,Lucknow,Lucknow,Uttar Pradesh,,"Lucknow, Uttar Pradesh"
209484,Collection O 811788 Liva Residency,Collection O 811788 Liva Residency,Bangalore,Bangalore,Karnataka,,"Bangalore, Karnataka"
209521,OYO Flagship 811816 Hotel Grand Stay,OYO Flagship 811816 Hotel Grand Stay,Jaipur,Jaipur,Rajasthan,,"Jaipur, Rajasthan"
209635,OYO 811887 SS Hotel,OYO 811887 SS Hotel,Alwar,Alwar,Rajasthan,,"Alwar, Rajasthan"
209640,Super OYO Collection O 811892 Goyal Residency,Super OYO Collection O 811892 Goyal Residency,Bangalore,Bangalore,Karnataka,,"Bangalore, Karnataka"
209696,OYO Flagship 811932 The Fusion Hotel,OYO Flagship 811932 The Fusion Hotel,Surat,Surat,Gujarat,,"Surat, Gujarat"
209700,OYO Flagship 811936 Wonder Valley,OYO Flagship 811936 Wonder Valley,Shimla,Shimla,Himachal Pradesh,,"Shimla, Himachal Pradesh"
209746,OYO Home 811964 Radhika Palace & Restaurant Homestay,OYO Home 811964 Radhika Palace & Restaurant Homestay,Ayodhya,Ayodhya,Uttar Pradesh,,"Ayodhya, Uttar Pradesh"
209764,OYO 811978 The Purple Orchid Stay,OYO 811978 The Purple Orchid Stay,Bangalore,Bangalore,Karnataka,,"Bangalore, Karnataka"
209869,OYO Flagship 812058 Dhuldev Executive Rooms,OYO Flagship 812058 Dhuldev Executive Rooms,Pune,Pune,Maharashtra,,"Pune, Maharashtra"
209957,OYO 812071 Elginn Blu - Hotel And Restaurant,OYO 812071 Elginn Blu - Hotel And Restaurant,Amritsar,Amritsar,Punjab,,"Amritsar, Punjab"
209961,OYO Flagship 812075 HOTEL ASHOKA INN,OYO Flagship 812075 HOTEL ASHOKA INN,Manali,Manali,Himachal Pradesh,,"Manali, Himachal Pradesh"
209977,OYO Flagship 812088 Hotel Moonlight Inn,OYO Flagship 812088 Hotel Moonlight Inn,Nagpur,Nagpur,Maharashtra,,"Nagpur, Maharashtra"
210266,OYO Flagship 812239 Joel Inn,OYO Flagship 812239 Joel Inn,Chennai,Chennai,Tamil Nadu,,"Chennai, Tamil Nadu"
210313,SPOT ON 812263 Hotel Crown Plaza,SPOT ON 812263 Hotel Crown Plaza,Rudrapur,Rudrapur,Uttarakhand,,"Rudrapur, Uttarakhand"
210335,SPOT ON 812283 The New Seaweed Beach Resort,SPOT ON 812283 The New Seaweed Beach Resort,Kovalam,Kovalam,Kerala,,"Kovalam, Kerala"
210349,SPOT ON 812296 Hotel Rr,SPOT ON 812296 Hotel Rr,Coimbatore,Coimbatore,Tamil Nadu,,"Coimbatore, Tamil Nadu"
210482,Collection O 812374 Remanso Resort,Collection O 812374 Remanso Resort,Alappuzha,Alappuzha,Kerala,,"Alappuzha, Kerala"
210502,Super OYO 812390 Shri Vinayaka Inn Rooms,Super OYO 812390 Shri Vinayaka Inn Rooms,Trichy,Trichy,Tamil Nadu,,"Trichy, Tamil Nadu"
211790,Super OYO Townhouse 1226 Chethana Clove Hebbal,Super OYO Townhouse 1226 Chethana Clove Hebbal,Bangalore,Bangalore,Karnataka,,"Bangalore, Karnataka"
211987,Super OYO Townhouse 1225 Chethana Inn,Super OYO Townhouse 1225 Chethana Inn,Bangalore,Bangalore,Karnataka,,"Bangalore, Karnataka"
